brand,segment,year,km,power_cv,fuel,gearbox,dgt_label,province,seller,price_eur
Toyota,city car,2016,155100,60,petrol,automatic,C,Madrid,dealer,4300
Volkswagen,compact,2017,145700,135,petrol,automatic,C,Valencia,private,7950
Hyundai,compact,2018,86000,125,petrol,manual,C,Málaga,dealer,10700
Peugeot,sedan,2019,127400,135,petrol,automatic,C,Madrid,private,11700
BMW,compact,2015,180200,150,petrol,automatic,C,Baleares,private,9050
Ford,SUV,2025,11900,120,petrol,manual,C,Madrid,dealer,27000
Mazda,SUV,2022,28800,125,petrol,automatic,C,Zaragoza,dealer,19350
Toyota,sedan,2019,117400,140,petrol,manual,C,Madrid,dealer,11550
Toyota,city car,2024,32500,70,diesel,automatic,C,Other,private,13750
Volkswagen,city car,2021,94900,80,diesel,automatic,C,Murcia,private,12600
Peugeot,compact,2023,49100,105,hybrid,manual,ECO,Other,private,18550
Renault,compact,2021,50600,90,electric,automatic,0,Other,private,12000
Renault,compact,2023,95000,140,diesel,manual,C,Madrid,private,15950
Renault,SUV,2021,119800,80,hybrid,automatic,ECO,Madrid,dealer,11350
Volkswagen,city car,2019,77000,90,petrol,automatic,C,Barcelona,dealer,8600
Volkswagen,SUV,2021,126500,105,diesel,automatic,C,Murcia,dealer,16950
Seat,SUV,2023,61000,125,diesel,manual,C,Madrid,dealer,17700
Nissan,compact,2018,187200,125,diesel,manual,C,Málaga,dealer,8250
Dacia,SUV,2018,152000,115,petrol,automatic,C,Madrid,private,4950
Hyundai,city car,2006,266300,65,diesel,manual,B,Barcelona,dealer,1100
Seat,compact,2017,97700,105,petrol,manual,C,Other,dealer,7250
Volkswagen,city car,2015,247800,80,diesel,manual,C,Barcelona,dealer,4950
Volkswagen,city car,2025,12700,90,diesel,automatic,C,Valencia,dealer,23200
Renault,compact,2010,235600,110,diesel,manual,B,Valencia,private,3050
Ford,compact,2025,12500,165,petrol,automatic,C,Barcelona,dealer,24300
Peugeot,MPV,2022,50200,100,diesel,automatic,C,Barcelona,dealer,13050
Seat,city car,2022,66900,100,hybrid,manual,ECO,Sevilla,dealer,13150
Seat,SUV,2014,114200,140,diesel,manual,B,Zaragoza,private,7100
Renault,city car,2023,49400,90,diesel,automatic,C,Other,private,11300
Hyundai,city car,2014,127100,85,diesel,manual,B,Alicante,dealer,4100
Nissan,sedan,2016,112900,165,diesel,automatic,C,Madrid,dealer,11200
Dacia,compact,2019,102600,135,plug-in hybrid,manual,0,Madrid,dealer,8550
Renault,MPV,2023,28600,160,hybrid,automatic,ECO,Barcelona,private,20050
Seat,compact,2020,64700,80,petrol,manual,C,Other,dealer,9600
Toyota,compact,2021,65000,105,hybrid,automatic,ECO,Sevilla,private,18200
Audi,sedan,2014,275800,190,diesel,automatic,B,Alicante,dealer,7900
Volvo,compact,2016,158700,135,petrol,manual,C,Alicante,dealer,8200
Renault,city car,2021,60700,95,hybrid,automatic,ECO,Málaga,dealer,10050
Seat,compact,2019,138600,105,petrol,automatic,C,Other,private,9050
Kia,city car,2020,68100,80,plug-in hybrid,automatic,0,Baleares,private,10000
Seat,SUV,2022,68000,120,diesel,manual,C,Madrid,dealer,16450
Ford,compact,2022,93000,105,electric,automatic,0,Valencia,dealer,14800
Ford,compact,2016,126800,125,hybrid,automatic,ECO,Murcia,dealer,8900
Mazda,compact,2022,59800,100,diesel,manual,C,Madrid,dealer,13700
Mercedes-Benz,SUV,2014,264800,205,petrol,automatic,C,Barcelona,dealer,10100
Audi,city car,2021,105400,85,petrol,manual,C,Barcelona,dealer,11900
Nissan,city car,2013,170700,60,petrol,automatic,C,Madrid,private,3350
Audi,city car,2022,54700,105,plug-in hybrid,automatic,0,Other,private,24500
Toyota,compact,2023,38200,85,diesel,manual,C,Other,private,14350
Volkswagen,compact,2015,125400,130,diesel,manual,C,Baleares,dealer,8600
Kia,compact,2014,147200,120,petrol,manual,C,Murcia,dealer,6350
Tesla,SUV,2020,120800,215,electric,automatic,0,Murcia,dealer,33000
Dacia,city car,2016,136500,75,hybrid,automatic,ECO,Valladolid,private,3050
Hyundai,city car,2025,14700,105,petrol,automatic,C,Baleares,dealer,19400
Seat,SUV,2025,24900,130,plug-in hybrid,automatic,0,Madrid,dealer,29550
Toyota,SUV,2023,38900,120,petrol,automatic,C,Madrid,dealer,29000
Skoda,compact,2017,381200,155,diesel,manual,C,Barcelona,dealer,8650
Audi,city car,2021,140400,115,petrol,automatic,C,Other,private,15500
Peugeot,compact,2021,129400,110,hybrid,automatic,ECO,Other,dealer,11100
Toyota,SUV,2019,151900,150,hybrid,manual,ECO,Baleares,private,14600
Volkswagen,city car,2010,358200,85,petrol,manual,C,Other,dealer,2700
Hyundai,compact,2021,63900,105,petrol,manual,C,Barcelona,private,12650
Citroën,SUV,2018,150600,130,petrol,automatic,C,Madrid,dealer,9050
Peugeot,MPV,2006,363000,110,petrol,manual,C,Madrid,dealer,2050
Seat,sedan,2022,62100,140,petrol,manual,C,Madrid,dealer,18650
Opel,city car,2023,21600,85,diesel,automatic,C,Alicante,dealer,10250
Hyundai,city car,2020,114700,75,diesel,automatic,C,Asturias,private,7850
Citroën,compact,2020,60100,105,diesel,manual,C,Las Palmas,private,10400
Audi,SUV,2024,38800,160,diesel,automatic,C,Other,private,44150
Citroën,city car,2025,19900,85,petrol,automatic,C,Madrid,private,11300
Seat,city car,2025,18200,110,diesel,manual,C,Navarra,private,16400
Renault,city car,2013,191900,105,petrol,automatic,C,Barcelona,dealer,4050
Opel,compact,2013,108600,90,petrol,manual,C,Granada,private,3550
Ford,sedan,2022,39700,150,petrol,manual,C,Other,dealer,19300
Tesla,sedan,2017,122400,180,electric,automatic,0,Murcia,dealer,15850
Opel,sedan,2013,223100,140,diesel,manual,B,Navarra,dealer,4700
Kia,city car,2020,74000,65,hybrid,automatic,ECO,Madrid,dealer,7700
Volkswagen,compact,2023,52400,160,petrol,automatic,C,Asturias,dealer,21500
Seat,compact,2012,210100,115,diesel,manual,B,Navarra,private,3650
Nissan,compact,2022,135400,135,diesel,automatic,C,Asturias,dealer,14500
Fiat,sedan,2022,55800,140,plug-in hybrid,automatic,0,Baleares,private,15750
Volvo,city car,2018,121500,115,hybrid,automatic,ECO,Asturias,private,10400
Audi,city car,2015,197400,135,petrol,automatic,C,Sevilla,dealer,6950
Dacia,compact,2022,61200,135,petrol,automatic,C,Other,private,9850
Kia,compact,2016,214300,100,petrol,manual,C,Valencia,private,5100
Peugeot,compact,2014,144500,115,diesel,manual,B,Sevilla,private,5250
Mazda,sedan,2022,45300,170,petrol,manual,C,Other,dealer,25450
Skoda,SUV,2006,386500,160,diesel,manual,B,Other,dealer,2850
Volkswagen,compact,2024,19700,115,hybrid,automatic,ECO,Other,dealer,26350
BMW,compact,2020,44500,160,diesel,automatic,C,Other,dealer,28150
Opel,SUV,2025,16800,165,diesel,automatic,C,Other,dealer,30000
Kia,SUV,2022,53400,120,electric,automatic,0,Other,dealer,20050
Kia,sedan,2014,185200,165,diesel,manual,B,A Coruña,dealer,7500
Kia,SUV,2023,40400,120,petrol,manual,C,Other,private,15800
Skoda,sedan,2022,56000,140,plug-in hybrid,automatic,0,Zaragoza,dealer,28800
Opel,city car,2021,73100,55,petrol,automatic,C,Madrid,dealer,6900
Audi,city car,2025,8300,145,hybrid,automatic,ECO,Madrid,private,43750
Audi,compact,2016,103900,170,hybrid,automatic,ECO,Madrid,dealer,12900
Dacia,city car,2011,284500,75,diesel,manual,B,Other,dealer,1600
Volvo,SUV,2017,222200,170,hybrid,automatic,ECO,Las Palmas,dealer,13600
Kia,SUV,2009,420000,90,diesel,manual,B,Other,dealer,2500
Skoda,city car,2013,129800,90,petrol,automatic,C,Navarra,private,3600
Skoda,SUV,2022,61500,145,petrol,automatic,C,Granada,dealer,21200
Citroën,city car,2025,13700,95,petrol,automatic,C,Valencia,dealer,15600
Peugeot,SUV,2020,218200,170,petrol,automatic,C,Barcelona,dealer,12400
BMW,compact,2024,27900,190,diesel,automatic,C,Other,private,43200
Volkswagen,MPV,2025,6000,155,electric,automatic,0,Madrid,private,35700
Nissan,city car,2021,48500,70,petrol,manual,C,Madrid,private,8850
Audi,SUV,2020,103600,145,diesel,automatic,C,Madrid,dealer,22850
BMW,compact,2020,38200,145,diesel,automatic,C,Other,dealer,27950
Renault,compact,2022,45200,110,petrol,manual,C,Murcia,dealer,11300
Renault,sedan,2023,79000,135,petrol,manual,C,Alicante,dealer,14000
Fiat,SUV,2018,98400,100,hybrid,automatic,ECO,Madrid,private,7350
Peugeot,city car,2023,45900,80,hybrid,automatic,ECO,Other,dealer,13650
Nissan,city car,2006,298000,80,petrol,manual,C,Barcelona,dealer,1350
Mazda,city car,2024,34500,80,petrol,manual,C,Granada,dealer,13200
Citroën,compact,2024,17500,130,diesel,manual,C,Barcelona,private,19900
Ford,SUV,2019,92400,130,electric,automatic,0,Other,private,12850
Audi,compact,2020,75600,125,diesel,automatic,C,Madrid,private,19650
Mercedes-Benz,SUV,2025,9600,160,plug-in hybrid,automatic,0,Barcelona,dealer,62350
Peugeot,compact,2016,151700,110,petrol,automatic,C,Madrid,dealer,6250
Peugeot,city car,2018,139900,85,hybrid,automatic,ECO,Vizcaya,dealer,6700
Peugeot,compact,2019,110600,85,petrol,manual,C,Alicante,dealer,8200
Seat,SUV,2020,79800,150,petrol,manual,C,Valladolid,dealer,13250
Dacia,sedan,2008,281200,205,diesel,manual,B,Granada,private,2350
Audi,sedan,2020,159100,190,diesel,automatic,C,Barcelona,dealer,23200
Toyota,SUV,2008,259100,130,diesel,manual,B,Madrid,private,2200
BMW,MPV,2023,24000,175,hybrid,automatic,ECO,Other,dealer,44550
Ford,compact,2017,137200,110,diesel,manual,C,Other,private,6900
Hyundai,MPV,2021,94200,160,petrol,manual,C,Las Palmas,private,13600
Peugeot,compact,2019,62700,120,electric,automatic,0,Madrid,dealer,11150
Dacia,city car,2022,70100,65,diesel,automatic,C,Baleares,dealer,6100
Volkswagen,SUV,2024,19800,180,hybrid,automatic,ECO,Madrid,private,33000
Toyota,city car,2022,107200,75,diesel,automatic,C,Other,dealer,12800
Hyundai,compact,2025,20400,100,electric,automatic,0,Other,dealer,23950
Renault,compact,2023,33700,90,petrol,automatic,C,Madrid,dealer,14850
Peugeot,city car,2022,53500,85,petrol,manual,C,Madrid,dealer,9400
Fiat,compact,2022,28200,120,petrol,manual,C,Barcelona,private,9200
Citroën,compact,2012,261300,105,petrol,automatic,C,Other,dealer,3600
Kia,compact,2019,71900,105,hybrid,automatic,ECO,Sevilla,private,10850
Peugeot,city car,2015,141700,95,petrol,manual,C,Valencia,private,3950
Mercedes-Benz,SUV,2025,11500,180,petrol,automatic,C,Barcelona,private,62000
Peugeot,compact,2015,208200,120,petrol,automatic,C,Other,dealer,5400
Mazda,compact,2024,15500,145,hybrid,automatic,ECO,Málaga,dealer,29950
Citroën,SUV,2024,38400,225,diesel,automatic,C,Barcelona,dealer,29800
Renault,compact,2023,51400,100,petrol,manual,C,Valencia,dealer,14500
Kia,compact,2010,289700,130,diesel,manual,B,Other,dealer,3400
Renault,city car,2022,74700,65,diesel,automatic,C,Barcelona,dealer,9200
Fiat,MPV,2018,118500,105,petrol,manual,C,Baleares,private,5400
Volkswagen,city car,2012,180700,105,diesel,automatic,B,Other,private,4350
Renault,SUV,2021,78700,160,petrol,manual,C,Asturias,private,16500
Citroën,city car,2022,41700,60,petrol,manual,C,Madrid,private,7200
Dacia,compact,2020,80600,100,petrol,manual,C,Valencia,dealer,5850
Opel,MPV,2006,420000,135,diesel,manual,B,Alicante,private,1850
Mercedes-Benz,city car,2023,43400,115,diesel,automatic,C,Murcia,dealer,27650
Renault,SUV,2018,160500,105,petrol,automatic,C,Vizcaya,dealer,8950
Citroën,sedan,2024,18900,195,hybrid,automatic,ECO,Madrid,private,27750
Mazda,compact,2023,53200,95,petrol,automatic,C,A Coruña,dealer,15000
Ford,SUV,2017,213400,160,hybrid,automatic,ECO,Other,private,11400
Toyota,SUV,2025,8800,155,hybrid,automatic,ECO,Barcelona,dealer,37450
Kia,city car,2018,143800,85,hybrid,manual,ECO,Madrid,dealer,6000
BMW,SUV,2025,27200,175,petrol,automatic,C,Sevilla,private,55200
Toyota,city car,2025,12800,85,diesel,automatic,C,Zaragoza,dealer,16750
Volvo,city car,2023,37200,110,diesel,automatic,C,Other,private,25550
Hyundai,compact,2022,70100,155,diesel,manual,C,Valencia,dealer,16700
Toyota,compact,2021,58700,140,diesel,manual,C,Valencia,dealer,14800
Peugeot,SUV,2018,126700,110,electric,automatic,0,Other,dealer,9300
Peugeot,compact,2025,9300,100,petrol,automatic,C,Other,private,15400
Audi,sedan,2024,42200,175,diesel,manual,C,Asturias,private,35300
Nissan,SUV,2020,81100,135,diesel,automatic,C,Alicante,dealer,14800
Seat,SUV,2018,146600,135,diesel,manual,C,Baleares,dealer,9100
Peugeot,SUV,2013,117800,185,petrol,manual,C,Other,dealer,5950
Hyundai,SUV,2021,38300,140,petrol,manual,C,Sevilla,dealer,13450
Mercedes-Benz,city car,2025,14900,85,diesel,automatic,C,Other,dealer,35350
Hyundai,compact,2018,132400,105,petrol,automatic,C,Barcelona,private,7750
Tesla,sedan,2019,76800,235,electric,automatic,0,A Coruña,private,24900
Nissan,compact,2020,111600,100,petrol,manual,C,Alicante,dealer,9450
Dacia,compact,2021,79900,120,petrol,manual,C,Zaragoza,private,7700
Mercedes-Benz,city car,2024,54400,110,diesel,manual,C,Murcia,private,29150
Toyota,city car,2020,75700,70,hybrid,automatic,ECO,Madrid,private,10500
Peugeot,compact,2014,321700,80,petrol,manual,C,Sevilla,dealer,4100
Dacia,compact,2018,141800,105,petrol,manual,C,Other,private,4500
Volvo,compact,2016,186100,140,diesel,manual,C,Madrid,private,7850
Renault,compact,2016,168800,195,petrol,automatic,C,Other,dealer,7700
Toyota,compact,2016,105500,105,diesel,automatic,C,Asturias,private,6500
Seat,city car,2019,122500,90,diesel,automatic,C,Barcelona,dealer,6900
Mercedes-Benz,compact,2022,61800,190,hybrid,manual,ECO,Granada,dealer,38850
Hyundai,compact,2022,33400,120,petrol,manual,C,Madrid,dealer,14550
Audi,SUV,2018,148600,150,petrol,automatic,C,Madrid,dealer,14050
Mercedes-Benz,compact,2021,73000,200,petrol,automatic,C,Other,dealer,28200
Renault,compact,2013,135400,105,hybrid,automatic,ECO,Vizcaya,dealer,4200
Dacia,compact,2020,105200,100,petrol,manual,C,Valencia,dealer,5450
Audi,SUV,2015,244300,180,diesel,automatic,C,Madrid,dealer,11000
Renault,MPV,2017,160300,115,hybrid,automatic,ECO,Madrid,private,8100
Seat,SUV,2014,98800,205,diesel,automatic,B,Other,private,8900
Renault,city car,2025,29600,80,hybrid,manual,ECO,Madrid,dealer,14350
BMW,SUV,2015,141400,195,hybrid,automatic,ECO,Barcelona,private,12150
Peugeot,SUV,2015,127400,130,petrol,automatic,C,Baleares,dealer,8300
Seat,compact,2025,11600,100,hybrid,automatic,ECO,Alicante,private,20450
Kia,city car,2023,33200,80,petrol,automatic,C,Other,private,12400
Nissan,city car,2023,48700,90,hybrid,automatic,ECO,Valladolid,private,12250
Volkswagen,city car,2016,127800,70,petrol,automatic,C,Vizcaya,dealer,4950
Seat,compact,2018,123300,125,hybrid,automatic,ECO,Barcelona,private,10200
Hyundai,city car,2018,136000,55,diesel,manual,C,Other,dealer,4850
Renault,SUV,2023,48100,155,diesel,automatic,C,Other,private,23500
Seat,city car,2019,54600,65,petrol,manual,C,Other,dealer,6900
Nissan,compact,2022,52900,110,diesel,automatic,C,Sevilla,private,16600
Nissan,sedan,2016,310600,175,diesel,manual,C,Other,dealer,8150
Nissan,compact,2021,45600,150,plug-in hybrid,automatic,0,Valencia,dealer,23150
Ford,compact,2023,29700,115,petrol,manual,C,Barcelona,private,14750
Peugeot,city car,2017,199400,75,petrol,automatic,C,Other,private,5150
Toyota,SUV,2012,196500,115,diesel,manual,B,Las Palmas,private,5950
Dacia,city car,2013,175700,75,petrol,automatic,C,Granada,private,1950
Seat,SUV,2021,75600,150,plug-in hybrid,automatic,0,Madrid,private,19600
Mercedes-Benz,compact,2017,149300,160,petrol,manual,C,Asturias,dealer,13800
Mercedes-Benz,compact,2009,142700,180,diesel,automatic,B,Valencia,dealer,5100
Dacia,compact,2017,112400,110,hybrid,automatic,ECO,Madrid,private,5200
Ford,city car,2022,113500,80,petrol,manual,C,Sevilla,private,9250
Opel,city car,2018,89400,60,hybrid,automatic,ECO,Granada,private,4650
Fiat,SUV,2024,42100,140,hybrid,automatic,ECO,Madrid,private,15750
Peugeot,city car,2015,174800,80,diesel,manual,C,Las Palmas,private,3600
BMW,compact,2024,45500,130,hybrid,automatic,ECO,Other,private,41300
Citroën,sedan,2021,41400,130,hybrid,automatic,ECO,Murcia,private,15200
Seat,sedan,2019,190200,125,hybrid,automatic,ECO,Other,dealer,11750
Renault,SUV,2022,87300,130,hybrid,automatic,ECO,Sevilla,dealer,18900
Hyundai,sedan,2020,163500,115,petrol,automatic,C,Navarra,dealer,14450
Fiat,SUV,2023,60000,170,petrol,automatic,C,Málaga,private,18650
Citroën,sedan,2017,113700,165,petrol,manual,C,Other,dealer,9500
Mercedes-Benz,compact,2024,30600,145,diesel,manual,C,Barcelona,dealer,43950
Nissan,SUV,2023,43000,140,hybrid,manual,ECO,Madrid,private,18950
Mercedes-Benz,SUV,2021,67900,165,hybrid,automatic,ECO,Other,private,30500
Mercedes-Benz,SUV,2018,155800,265,electric,automatic,0,Alicante,private,21200
Citroën,compact,2015,192800,85,diesel,automatic,C,Other,dealer,3500
Audi,SUV,2025,16200,145,diesel,manual,C,Navarra,private,46200
Toyota,compact,2025,8500,135,hybrid,automatic,ECO,Baleares,dealer,29600
Kia,city car,2023,58100,100,diesel,manual,C,A Coruña,dealer,13750
Volkswagen,compact,2006,213600,105,diesel,manual,B,Valencia,dealer,2800
Renault,compact,2018,224400,120,plug-in hybrid,automatic,0,Madrid,dealer,9300
Volkswagen,SUV,2021,89500,165,hybrid,automatic,ECO,Other,dealer,24300
Citroën,compact,2012,189500,140,petrol,automatic,C,Madrid,dealer,4350
Mercedes-Benz,SUV,2019,131300,130,hybrid,automatic,ECO,Málaga,dealer,20950
Audi,compact,2020,166100,175,hybrid,automatic,ECO,Madrid,dealer,21150
Fiat,sedan,2018,143900,130,petrol,automatic,C,Las Palmas,dealer,8450
Toyota,city car,2021,55600,75,hybrid,automatic,ECO,Madrid,dealer,13000
Toyota,compact,2025,12700,120,petrol,automatic,C,Other,private,22400
Renault,compact,2014,99200,170,diesel,manual,B,Barcelona,private,4200
Toyota,compact,2019,62000,115,diesel,manual,C,Other,dealer,11000
Peugeot,compact,2024,29600,140,petrol,automatic,C,Madrid,dealer,20900
Volkswagen,compact,2019,127800,150,petrol,automatic,C,Other,dealer,14000
Peugeot,compact,2017,266000,120,diesel,manual,C,Baleares,dealer,6900
Mercedes-Benz,compact,2025,19600,150,petrol,manual,C,Barcelona,private,45400
Toyota,city car,2023,44500,60,hybrid,automatic,ECO,Barcelona,private,10600
Peugeot,SUV,2022,43100,165,hybrid,automatic,ECO,Other,dealer,27300
Opel,sedan,2021,78900,110,electric,automatic,0,Valencia,private,11150
Seat,SUV,2018,77900,155,petrol,automatic,C,Sevilla,dealer,13700
Kia,compact,2019,124600,115,petrol,manual,C,Barcelona,dealer,9800
Audi,compact,2010,185500,195,petrol,automatic,C,Other,private,4400
Audi,MPV,2024,31300,155,petrol,automatic,C,Sevilla,private,46100
Volkswagen,compact,2016,143900,115,hybrid,automatic,ECO,Other,private,9400
Ford,city car,2017,140200,65,hybrid,automatic,ECO,Other,private,4850
Nissan,city car,2020,74900,90,petrol,automatic,C,Madrid,dealer,8850
Toyota,compact,2013,160700,135,diesel,automatic,B,A Coruña,private,7050
BMW,compact,2021,73600,150,hybrid,automatic,ECO,Other,dealer,26150
Audi,city car,2009,344900,110,petrol,automatic,C,Madrid,dealer,2150
Opel,city car,2023,43500,95,hybrid,automatic,ECO,Sevilla,dealer,11200
Toyota,compact,2021,44300,90,hybrid,manual,ECO,Las Palmas,dealer,13400
Hyundai,sedan,2020,130900,135,plug-in hybrid,automatic,0,Granada,dealer,20000
Toyota,city car,2007,295700,85,diesel,manual,B,Baleares,dealer,2000
Dacia,SUV,2018,65200,150,petrol,automatic,C,Other,private,6250
Opel,sedan,2024,27400,170,petrol,manual,C,Navarra,private,19800
Citroën,SUV,2025,27800,115,hybrid,automatic,ECO,Baleares,dealer,22600
Peugeot,city car,2025,11800,70,petrol,automatic,C,Other,dealer,16450
Nissan,sedan,2006,328600,175,petrol,manual,C,Murcia,dealer,2650
Peugeot,SUV,2021,122400,180,diesel,manual,C,Other,private,15700
Volkswagen,SUV,2021,74800,190,petrol,automatic,C,Sevilla,private,26150
Toyota,compact,2009,90300,115,hybrid,automatic,ECO,Barcelona,dealer,4900
Kia,compact,2018,91800,115,petrol,manual,C,A Coruña,dealer,9200
Hyundai,city car,2020,157100,105,petrol,manual,C,Other,dealer,8450
Seat,compact,2006,420000,100,petrol,automatic,C,Madrid,dealer,2000
Renault,city car,2017,310500,95,hybrid,automatic,ECO,Barcelona,private,4900
BMW,MPV,2020,82000,175,hybrid,manual,ECO,Other,dealer,22950
Renault,city car,2018,103000,70,petrol,automatic,C,Zaragoza,dealer,5050
BMW,SUV,2017,102200,185,diesel,automatic,C,Valencia,dealer,18650
Dacia,SUV,2016,233900,140,diesel,manual,C,Other,dealer,4500
Nissan,city car,2015,197000,70,petrol,manual,C,Madrid,dealer,3950
Volkswagen,SUV,2011,169500,160,diesel,automatic,B,Barcelona,dealer,5850
Seat,SUV,2024,41700,135,petrol,automatic,C,Barcelona,private,20100
Renault,compact,2024,18600,85,hybrid,automatic,ECO,Asturias,private,14550
Peugeot,city car,2021,51700,70,petrol,manual,C,Barcelona,dealer,9100
Ford,compact,2019,297800,145,diesel,automatic,C,Asturias,private,10750
Mercedes-Benz,city car,2020,113900,110,petrol,automatic,C,Murcia,dealer,15900
Hyundai,compact,2021,55400,125,diesel,manual,C,Other,dealer,15050
Tesla,sedan,2021,51900,200,electric,automatic,0,Madrid,private,34700
Nissan,sedan,2020,64700,140,petrol,manual,C,Baleares,dealer,13250
Renault,SUV,2022,101000,155,hybrid,automatic,ECO,Other,dealer,22850
Volkswagen,SUV,2023,49400,100,petrol,automatic,C,Other,dealer,21950
BMW,SUV,2025,14000,210,plug-in hybrid,automatic,0,Madrid,private,73900
Citroën,compact,2023,41800,145,diesel,manual,C,Málaga,dealer,19400
Renault,compact,2010,307400,110,petrol,manual,C,Alicante,dealer,2650
Nissan,sedan,2023,38600,140,petrol,automatic,C,Barcelona,private,24350
Dacia,compact,2018,140700,120,plug-in hybrid,automatic,0,Other,dealer,6550
Volkswagen,SUV,2016,217800,120,petrol,automatic,C,Other,dealer,8950
Mazda,city car,2021,62100,90,petrol,automatic,C,Baleares,private,11200
Volkswagen,SUV,2018,165600,125,petrol,manual,C,Other,dealer,11400
Kia,compact,2018,75700,80,petrol,manual,C,Barcelona,dealer,7300
Toyota,SUV,2022,86600,140,hybrid,automatic,ECO,Madrid,dealer,22600
Hyundai,compact,2021,106100,100,petrol,manual,C,Granada,dealer,11150
Hyundai,city car,2019,136900,60,petrol,manual,C,Madrid,private,5050
Volkswagen,SUV,2022,45400,155,petrol,automatic,C,Vizcaya,private,23450
Renault,SUV,2019,150300,115,petrol,manual,C,Las Palmas,dealer,11400
Volkswagen,compact,2025,18400,125,hybrid,automatic,ECO,Other,dealer,30750
BMW,SUV,2024,19600,195,diesel,automatic,C,Valencia,dealer,57500
Renault,compact,2019,90800,95,petrol,manual,C,Granada,private,7350
Mercedes-Benz,compact,2021,61200,190,hybrid,automatic,ECO,Málaga,dealer,30500
Nissan,SUV,2023,73700,165,diesel,automatic,C,Madrid,dealer,25500
Audi,SUV,2022,79200,180,diesel,automatic,C,Other,private,36400
Ford,compact,2023,22700,140,petrol,manual,C,Sevilla,dealer,21050
Ford,sedan,2020,56400,170,diesel,manual,C,Barcelona,dealer,16700
Peugeot,city car,2008,183400,85,petrol,manual,C,Baleares,dealer,1900
Renault,compact,2020,119400,120,petrol,manual,C,Other,dealer,10600
Volvo,city car,2021,105100,135,petrol,automatic,C,Madrid,dealer,18850
Tesla,SUV,2006,271700,230,electric,automatic,0,Granada,dealer,2200
Peugeot,sedan,2022,101400,155,hybrid,automatic,ECO,Granada,private,18400
Dacia,city car,2025,10100,75,petrol,manual,C,Barcelona,private,7400
Toyota,compact,2025,22200,115,hybrid,automatic,ECO,Other,dealer,27400
Fiat,city car,2022,110400,90,petrol,manual,C,Alicante,dealer,7900
Dacia,compact,2023,49300,115,petrol,automatic,C,Asturias,dealer,9650
Mercedes-Benz,city car,2015,105100,90,hybrid,automatic,ECO,Other,dealer,7000
Audi,SUV,2019,152300,195,hybrid,automatic,ECO,Other,dealer,23050
Peugeot,city car,2024,41400,75,diesel,manual,C,Other,private,11650
Citroën,SUV,2013,220400,175,petrol,automatic,C,Madrid,dealer,7000
Toyota,SUV,2018,65500,135,hybrid,automatic,ECO,Málaga,private,13100
Mercedes-Benz,compact,2016,129300,240,petrol,automatic,C,Barcelona,private,13600
Volvo,SUV,2020,99200,165,electric,automatic,0,A Coruña,private,19600
Volkswagen,SUV,2021,40400,165,petrol,automatic,C,Other,dealer,25950
Peugeot,SUV,2020,118300,140,petrol,automatic,C,Valencia,dealer,15050
Renault,compact,2017,214000,120,hybrid,automatic,ECO,Other,private,7400
Seat,city car,2024,45700,80,petrol,manual,C,Other,dealer,11100
Seat,compact,2021,76100,85,diesel,automatic,C,Madrid,private,10950
Hyundai,SUV,2019,101100,175,petrol,automatic,C,Granada,dealer,15150
Mazda,sedan,2016,126600,135,petrol,automatic,C,Barcelona,private,7350
Dacia,SUV,2011,229500,165,diesel,automatic,B,Madrid,dealer,3300
Kia,sedan,2024,49600,155,electric,automatic,0,Other,dealer,31300
Seat,city car,2020,176800,70,petrol,automatic,C,Valencia,dealer,6900
Volkswagen,compact,2021,38800,105,petrol,manual,C,Murcia,dealer,15000
Ford,compact,2018,73400,100,plug-in hybrid,automatic,0,Barcelona,private,8600
Renault,SUV,2019,85400,105,diesel,manual,C,Barcelona,private,9150
Ford,city car,2019,108700,60,petrol,automatic,C,Other,private,5500
Kia,MPV,2018,124200,165,petrol,manual,C,Other,private,11150
Seat,city car,2006,218900,75,diesel,automatic,B,Other,dealer,1350
Opel,compact,2016,144200,85,petrol,manual,C,Other,dealer,5200
Mercedes-Benz,compact,2023,69900,145,petrol,manual,C,Other,private,26550
Renault,compact,2019,72300,105,petrol,manual,C,Málaga,dealer,9900
Dacia,city car,2024,43100,70,diesel,automatic,C,Valencia,private,7800
BMW,SUV,2024,30000,170,petrol,automatic,C,Valencia,private,45100
Mercedes-Benz,city car,2025,14200,135,diesel,automatic,C,Madrid,dealer,45400
Audi,compact,2019,51700,155,diesel,automatic,C,Valladolid,dealer,17500
Ford,sedan,2019,88700,110,diesel,automatic,C,Valencia,dealer,12500
Mercedes-Benz,SUV,2016,281200,195,diesel,automatic,C,Other,dealer,13100
Volkswagen,SUV,2015,125500,220,diesel,manual,C,Other,private,11500
Skoda,SUV,2024,20500,125,diesel,manual,C,Madrid,dealer,29550
Nissan,compact,2024,52700,140,hybrid,automatic,ECO,Other,dealer,24750
Peugeot,SUV,2025,10600,145,electric,automatic,0,Madrid,dealer,40550
Volkswagen,SUV,2020,97200,150,petrol,manual,C,Madrid,private,14400
Seat,compact,2014,312900,120,petrol,automatic,C,Barcelona,dealer,5550
Volkswagen,compact,2025,16300,110,diesel,automatic,C,Valencia,dealer,22800
BMW,city car,2020,59800,105,hybrid,automatic,ECO,Valencia,private,13700
Ford,compact,2020,125900,115,petrol,manual,C,Other,private,8800
Kia,SUV,2024,21100,120,hybrid,automatic,ECO,Other,private,26200
Hyundai,city car,2022,76700,80,hybrid,manual,ECO,Málaga,dealer,11950
Volkswagen,sedan,2023,61300,145,petrol,automatic,C,Valencia,dealer,29050
Audi,SUV,2018,78900,240,petrol,automatic,C,Other,private,17350
Citroën,SUV,2022,42600,135,hybrid,automatic,ECO,Barcelona,dealer,17250
Nissan,compact,2023,42800,95,hybrid,automatic,ECO,Valladolid,dealer,16750
Nissan,MPV,2006,138800,195,petrol,manual,C,Sevilla,dealer,2450
Kia,compact,2017,120600,105,diesel,automatic,C,Barcelona,private,7450
Toyota,SUV,2007,412000,165,diesel,manual,B,Málaga,private,3450
Volvo,compact,2012,140700,200,diesel,automatic,B,Alicante,dealer,6650
Peugeot,SUV,2023,41800,125,electric,automatic,0,Other,dealer,25550
Mercedes-Benz,SUV,2015,125300,170,diesel,automatic,C,Barcelona,dealer,14250
Peugeot,compact,2021,61800,110,plug-in hybrid,automatic,0,Sevilla,dealer,15500
Peugeot,city car,2019,85300,85,petrol,automatic,C,Barcelona,dealer,6000
Opel,SUV,2021,85300,140,petrol,automatic,C,Madrid,dealer,15100
Mercedes-Benz,MPV,2017,96200,150,petrol,automatic,C,Alicante,private,10600
Seat,compact,2019,110900,130,electric,automatic,0,Other,dealer,9250
Kia,SUV,2021,44700,120,hybrid,automatic,ECO,Barcelona,dealer,17450
Renault,compact,2018,138800,130,hybrid,automatic,ECO,Madrid,dealer,8800
Dacia,compact,2018,92900,130,petrol,automatic,C,Sevilla,private,5500
Citroën,MPV,2019,98300,145,hybrid,automatic,ECO,Other,dealer,12800
Volkswagen,city car,2024,30700,80,petrol,automatic,C,Barcelona,dealer,15350
Opel,SUV,2016,111800,175,petrol,manual,C,Alicante,dealer,7300
Renault,compact,2020,112500,130,diesel,automatic,C,Las Palmas,dealer,11400
Seat,compact,2017,97500,115,petrol,automatic,C,A Coruña,dealer,7350
Citroën,city car,2018,237000,60,petrol,manual,C,Other,private,3850
Renault,SUV,2012,128000,190,diesel,manual,B,Málaga,dealer,6650
Kia,SUV,2023,27200,140,electric,automatic,0,Málaga,dealer,31600
Fiat,compact,2024,30000,110,petrol,manual,C,Vizcaya,dealer,13000
Peugeot,SUV,2023,49400,95,electric,automatic,0,Sevilla,dealer,24250
Renault,SUV,2021,76400,100,electric,automatic,0,Barcelona,private,13800
Audi,city car,2024,29900,140,hybrid,automatic,ECO,Navarra,dealer,38100
Seat,sedan,2017,94000,160,diesel,manual,C,Valencia,private,9700
Nissan,SUV,2018,205000,155,petrol,manual,C,Barcelona,private,8850
Kia,SUV,2021,131200,190,petrol,manual,C,Other,dealer,15500
Citroën,city car,2018,110300,105,petrol,automatic,C,Barcelona,dealer,7650
Volkswagen,SUV,2016,129200,135,petrol,automatic,C,Madrid,dealer,10050
Skoda,sedan,2017,159000,180,diesel,manual,C,Zaragoza,dealer,9650
BMW,city car,2024,47200,130,petrol,automatic,C,Barcelona,dealer,29300
Mercedes-Benz,compact,2022,42300,160,petrol,automatic,C,A Coruña,dealer,37650
Dacia,SUV,2020,128600,165,hybrid,automatic,ECO,Madrid,dealer,10900
Mazda,city car,2022,103400,100,hybrid,automatic,ECO,Other,private,14400
Audi,SUV,2025,11800,205,plug-in hybrid,automatic,0,Málaga,dealer,83950
Kia,SUV,2021,98700,140,diesel,manual,C,Sevilla,dealer,13800
Mercedes-Benz,compact,2024,18800,170,diesel,automatic,C,Other,dealer,48900
Opel,SUV,2020,91800,165,diesel,automatic,C,Barcelona,dealer,14800
Peugeot,city car,2020,119400,105,diesel,manual,C,Barcelona,dealer,9850
Volkswagen,MPV,2021,75300,150,petrol,manual,C,A Coruña,dealer,20700
Ford,SUV,2021,93500,70,petrol,automatic,C,Murcia,dealer,10500
Peugeot,compact,2018,128100,120,diesel,manual,C,Sevilla,dealer,8400
Peugeot,city car,2018,112800,70,petrol,automatic,C,Other,private,5200
Renault,SUV,2011,132100,135,petrol,manual,C,Zaragoza,private,4250
Seat,SUV,2020,77300,195,diesel,automatic,C,Málaga,dealer,20650
Fiat,MPV,2025,13300,120,petrol,automatic,C,Other,private,15500
Volkswagen,sedan,2024,41900,125,petrol,automatic,C,Las Palmas,dealer,26400
Seat,compact,2011,206600,145,diesel,automatic,B,Madrid,dealer,3600
Toyota,sedan,2020,138800,150,hybrid,automatic,ECO,Barcelona,private,15100
Volkswagen,city car,2020,138100,75,diesel,automatic,C,Other,private,8150
Renault,SUV,2023,116200,210,petrol,manual,C,Madrid,private,20350
Kia,city car,2009,242600,80,diesel,automatic,B,Other,dealer,2150
Citroën,SUV,2012,287800,105,diesel,manual,B,Other,dealer,3450
Hyundai,SUV,2019,68500,155,petrol,automatic,C,Barcelona,dealer,16950
BMW,compact,2016,191400,130,hybrid,automatic,ECO,Madrid,dealer,10300
Audi,compact,2024,31400,165,petrol,automatic,C,Other,dealer,41800
Peugeot,compact,2016,66000,105,petrol,automatic,C,Valencia,private,6850
Skoda,sedan,2016,164700,185,hybrid,automatic,ECO,Barcelona,dealer,9700
Opel,SUV,2015,122500,130,diesel,automatic,C,A Coruña,private,7200
Opel,SUV,2009,262900,165,diesel,manual,B,Barcelona,dealer,3150
Mercedes-Benz,city car,2020,314200,100,petrol,automatic,C,Málaga,dealer,12700
Citroën,city car,2016,260600,70,petrol,manual,C,Valencia,private,3650
Audi,SUV,2024,47100,240,hybrid,automatic,ECO,Zaragoza,private,58550
Dacia,SUV,2011,152300,125,petrol,manual,C,Málaga,dealer,3000
Skoda,compact,2022,98900,150,hybrid,automatic,ECO,Madrid,dealer,18200
Volkswagen,SUV,2022,17500,140,petrol,manual,C,Málaga,private,19050
Volkswagen,SUV,2021,106500,165,petrol,automatic,C,Zaragoza,dealer,21500
Kia,SUV,2022,70000,165,petrol,automatic,C,Sevilla,dealer,19400
Renault,compact,2023,77300,105,electric,automatic,0,Las Palmas,dealer,14100
Renault,city car,2008,313300,80,petrol,automatic,C,Madrid,dealer,1950
Renault,SUV,2022,25600,115,plug-in hybrid,automatic,0,A Coruña,private,22350
Peugeot,SUV,2025,14500,130,hybrid,manual,ECO,Madrid,dealer,30300
Toyota,compact,2021,58000,115,petrol,manual,C,Barcelona,private,11950
Toyota,SUV,2012,212900,195,petrol,manual,C,Alicante,private,6200
Ford,compact,2022,62100,105,diesel,manual,C,Other,private,11800
Renault,SUV,2013,123400,115,petrol,manual,C,Other,dealer,4600
Citroën,city car,2024,18600,75,diesel,automatic,C,Other,dealer,12700
Dacia,compact,2021,71400,150,petrol,automatic,C,Other,dealer,9650
BMW,SUV,2024,42900,215,petrol,automatic,C,Valencia,private,49200
Kia,sedan,2025,10900,135,petrol,automatic,C,Madrid,dealer,29250
Citroën,SUV,2022,59200,155,petrol,automatic,C,Madrid,dealer,21150
Toyota,MPV,2018,100300,125,diesel,automatic,C,Asturias,dealer,10950
Seat,city car,2021,63700,65,petrol,automatic,C,Other,private,8000
Audi,sedan,2021,98000,250,petrol,automatic,C,Other,dealer,38400
Volkswagen,sedan,2022,40900,180,diesel,automatic,C,Barcelona,dealer,24450
Opel,city car,2006,420000,90,diesel,automatic,B,Alicante,private,1300
Mazda,SUV,2019,124500,120,petrol,automatic,C,Alicante,dealer,13500
Volkswagen,MPV,2016,195800,100,diesel,manual,C,Zaragoza,dealer,7400
Opel,city car,2024,38400,70,petrol,automatic,C,Barcelona,dealer,10000
Peugeot,MPV,2008,376000,100,diesel,automatic,B,Other,dealer,2300
Toyota,sedan,2023,51000,160,petrol,manual,C,Murcia,private,19350
Citroën,compact,2023,15300,95,petrol,automatic,C,Other,private,14750
BMW,city car,2019,74100,110,diesel,automatic,C,Zaragoza,dealer,16000
Seat,city car,2010,323400,80,petrol,automatic,C,Sevilla,private,2550
Volvo,sedan,2024,36200,155,hybrid,automatic,ECO,Other,dealer,41000
Mazda,city car,2023,44400,75,diesel,automatic,C,A Coruña,private,12650
Opel,compact,2017,164700,140,hybrid,automatic,ECO,Navarra,dealer,7050
BMW,SUV,2018,178800,150,petrol,manual,C,Valencia,private,14750
Toyota,MPV,2020,68000,110,petrol,automatic,C,Valencia,dealer,13750
Opel,city car,2022,74100,105,petrol,automatic,C,Other,dealer,12050
Toyota,compact,2023,36900,135,hybrid,automatic,ECO,Murcia,dealer,23150
Fiat,SUV,2025,24200,140,hybrid,manual,ECO,Murcia,dealer,23600
Audi,city car,2018,86300,115,petrol,automatic,C,Sevilla,dealer,9800
Kia,compact,2025,15000,120,diesel,automatic,C,Madrid,dealer,24300
Opel,sedan,2018,96200,200,petrol,manual,C,Barcelona,dealer,10950
Seat,sedan,2024,21800,120,petrol,automatic,C,Granada,private,19200
Volkswagen,compact,2021,80100,135,petrol,automatic,C,Barcelona,dealer,16200
Hyundai,MPV,2022,88900,100,hybrid,automatic,ECO,Alicante,private,16500
Renault,compact,2012,143500,85,diesel,automatic,B,Baleares,dealer,3800
Dacia,city car,2017,125500,95,hybrid,automatic,ECO,Málaga,dealer,4550
Citroën,city car,2019,90000,85,diesel,manual,C,Madrid,private,6900
Mercedes-Benz,sedan,2024,18700,180,diesel,automatic,C,Málaga,dealer,58050
Seat,compact,2024,33700,105,hybrid,automatic,ECO,Madrid,dealer,18300
Peugeot,compact,2022,75700,130,petrol,automatic,C,Murcia,dealer,15850
Volkswagen,compact,2017,76500,165,electric,automatic,0,Other,dealer,11100
Renault,compact,2023,30500,115,petrol,manual,C,Other,private,13450
Citroën,MPV,2017,219100,130,petrol,automatic,C,Madrid,private,5950
Mercedes-Benz,compact,2020,62200,155,petrol,automatic,C,Málaga,dealer,22650
Citroën,SUV,2014,198800,200,diesel,manual,B,Other,private,7450
Renault,city car,2018,137500,90,hybrid,manual,ECO,Navarra,dealer,5350
Citroën,sedan,2022,113900,165,diesel,manual,C,Zaragoza,private,15800
Toyota,SUV,2021,209400,130,hybrid,automatic,ECO,Málaga,dealer,21750
Citroën,city car,2022,61900,70,hybrid,automatic,ECO,Other,dealer,10900
Nissan,SUV,2019,50900,150,diesel,automatic,C,A Coruña,dealer,15450
Volkswagen,compact,2024,40200,105,hybrid,automatic,ECO,Alicante,dealer,26500
Volvo,SUV,2021,93800,195,petrol,automatic,C,Málaga,dealer,33050
Volkswagen,sedan,2015,273400,115,diesel,automatic,C,Barcelona,dealer,9100
Peugeot,compact,2018,74300,80,diesel,automatic,C,Other,private,7050
Ford,compact,2013,170900,75,petrol,automatic,C,Valencia,private,3700
Fiat,SUV,2022,77100,185,plug-in hybrid,automatic,0,Sevilla,dealer,20650
BMW,sedan,2014,262700,135,hybrid,automatic,ECO,Barcelona,dealer,10250
Renault,SUV,2025,7700,95,petrol,automatic,C,Other,private,17450
Volkswagen,SUV,2015,189300,155,petrol,manual,C,Other,dealer,8350
Toyota,compact,2023,62200,95,electric,automatic,0,Málaga,private,17750
Skoda,city car,2007,167400,65,petrol,automatic,C,Madrid,private,1400
Dacia,compact,2024,40400,90,diesel,automatic,C,Other,dealer,11250
Audi,compact,2012,420000,145,diesel,automatic,B,Other,dealer,5650
Mazda,SUV,2017,188200,145,hybrid,automatic,ECO,Other,dealer,11650
Fiat,SUV,2024,32000,120,petrol,automatic,C,Madrid,dealer,21250
Skoda,sedan,2024,30900,145,diesel,manual,C,Barcelona,dealer,23600
Peugeot,sedan,2024,37500,155,petrol,automatic,C,Madrid,private,21150
Kia,MPV,2021,111800,140,petrol,automatic,C,Madrid,dealer,14500
Volvo,compact,2022,40000,130,hybrid,manual,ECO,Alicante,dealer,24600
Mazda,SUV,2025,8700,140,diesel,automatic,C,Other,dealer,32450
Ford,compact,2025,17500,135,hybrid,automatic,ECO,A Coruña,dealer,22750
Citroën,SUV,2024,21500,130,petrol,manual,C,Las Palmas,dealer,19250
Toyota,MPV,2010,127300,145,diesel,automatic,B,Las Palmas,dealer,5250
Audi,compact,2022,76700,160,electric,automatic,0,Las Palmas,dealer,27350
Nissan,compact,2011,212300,110,diesel,manual,B,Madrid,dealer,2600
Dacia,MPV,2022,32300,110,petrol,manual,C,Alicante,private,10000
Peugeot,compact,2018,121100,95,petrol,manual,C,Barcelona,dealer,7200
Toyota,SUV,2013,117200,125,petrol,automatic,C,Other,private,6200
Peugeot,city car,2020,128500,80,electric,automatic,0,Baleares,dealer,7850
Nissan,sedan,2023,36600,150,diesel,manual,C,Other,dealer,21550
Renault,SUV,2012,165900,125,hybrid,automatic,ECO,Valladolid,dealer,4800
Toyota,SUV,2025,17300,130,hybrid,automatic,ECO,Barcelona,private,29900
Nissan,compact,2017,119400,140,diesel,manual,C,Barcelona,dealer,9750
Seat,SUV,2022,86900,130,petrol,manual,C,Málaga,private,14750
Ford,SUV,2025,17100,110,hybrid,manual,ECO,Madrid,dealer,24150
Peugeot,compact,2017,143800,110,petrol,manual,C,Other,dealer,6800
Volkswagen,compact,2020,101200,115,petrol,automatic,C,Other,dealer,12500
Peugeot,MPV,2021,55600,85,petrol,manual,C,Barcelona,private,10400
Skoda,city car,2024,67600,75,hybrid,automatic,ECO,Other,private,12650
Nissan,city car,2025,9700,90,hybrid,automatic,ECO,Zaragoza,private,18800
Ford,compact,2018,188900,120,diesel,manual,C,Madrid,private,8150
Audi,SUV,2013,225500,210,petrol,automatic,C,Madrid,dealer,8950
Citroën,city car,2007,116500,125,petrol,manual,C,Barcelona,private,2050
Seat,sedan,2013,150400,195,diesel,automatic,B,Barcelona,dealer,4600
Dacia,compact,2020,127600,130,hybrid,automatic,ECO,Barcelona,private,8300
Kia,MPV,2023,53900,130,hybrid,automatic,ECO,Other,private,20000
Seat,city car,2014,106700,65,petrol,manual,C,Málaga,private,3250
Citroën,compact,2018,91800,115,petrol,automatic,C,Other,dealer,6300
Dacia,compact,2021,77200,110,petrol,manual,C,Valencia,dealer,7300
Volkswagen,compact,2014,301900,105,diesel,manual,B,Other,private,6200
Citroën,compact,2021,84100,85,petrol,manual,C,Baleares,dealer,10550
Opel,sedan,2006,420000,160,diesel,manual,B,Other,private,2200
Renault,sedan,2020,89400,150,hybrid,manual,ECO,Other,dealer,11000
Audi,MPV,2013,212000,125,petrol,automatic,C,Las Palmas,private,5250
Skoda,city car,2024,22300,95,petrol,manual,C,Las Palmas,dealer,16150
BMW,MPV,2021,77000,200,hybrid,automatic,ECO,Other,private,26100
Tesla,sedan,2023,46600,140,electric,automatic,0,Alicante,dealer,39200
Audi,city car,2023,37600,110,petrol,automatic,C,Madrid,private,22500
Hyundai,compact,2015,108200,125,petrol,automatic,C,Madrid,private,6150
Opel,SUV,2023,41200,165,petrol,automatic,C,Other,private,24250
Toyota,sedan,2025,13200,130,hybrid,automatic,ECO,Valencia,private,31300
Kia,compact,2025,22800,140,petrol,automatic,C,Other,private,19850
Volkswagen,MPV,2020,53800,90,electric,automatic,0,Zaragoza,private,14200
Toyota,SUV,2020,128400,165,hybrid,automatic,ECO,Málaga,private,18100
Volkswagen,city car,2016,160000,75,petrol,manual,C,Madrid,dealer,4250
Citroën,compact,2013,121500,155,petrol,manual,C,Zaragoza,dealer,6100
Skoda,SUV,2020,58700,135,hybrid,automatic,ECO,Barcelona,dealer,16400
Fiat,SUV,2017,133300,170,hybrid,automatic,ECO,Barcelona,dealer,8350
Toyota,compact,2024,38000,105,petrol,manual,C,Other,private,17500
Kia,compact,2007,170000,155,diesel,manual,B,Madrid,private,2300
Peugeot,compact,2022,45700,95,electric,automatic,0,Madrid,private,15300
Hyundai,SUV,2015,126000,170,petrol,automatic,C,Madrid,dealer,9050
Seat,sedan,2023,44400,155,petrol,manual,C,Madrid,dealer,20600
Audi,compact,2024,74900,145,petrol,automatic,C,Madrid,private,30350
Volvo,city car,2018,117100,110,diesel,automatic,C,Granada,private,8400
Renault,city car,2025,17300,75,hybrid,manual,ECO,Barcelona,private,11200
Skoda,compact,2024,34600,110,hybrid,automatic,ECO,Valencia,dealer,23600
Hyundai,compact,2020,117700,90,petrol,automatic,C,Sevilla,dealer,9050
Toyota,city car,2016,117900,75,electric,automatic,0,Murcia,dealer,4450
Ford,city car,2023,72900,75,hybrid,automatic,ECO,Madrid,dealer,13450
Volkswagen,city car,2010,158200,85,petrol,automatic,C,Barcelona,dealer,3600
Volkswagen,SUV,2024,17700,130,petrol,manual,C,Sevilla,dealer,24450
BMW,compact,2023,47300,180,petrol,automatic,C,Other,private,34450
Toyota,city car,2024,24200,75,petrol,manual,C,Baleares,dealer,14350
Fiat,compact,2019,70100,90,diesel,manual,C,Barcelona,dealer,6300
Hyundai,compact,2023,74400,120,diesel,automatic,C,Madrid,dealer,16700
Hyundai,compact,2019,102800,85,hybrid,automatic,ECO,Barcelona,dealer,9000
Mazda,SUV,2022,58600,175,petrol,automatic,C,Other,dealer,22850
Nissan,sedan,2019,75400,140,diesel,manual,C,Málaga,dealer,13250
Mercedes-Benz,city car,2022,60100,140,petrol,automatic,C,Barcelona,private,24650
Volkswagen,SUV,2014,212900,100,petrol,automatic,C,Madrid,private,7400
Seat,compact,2024,22300,110,petrol,manual,C,Other,dealer,17850
Nissan,SUV,2015,126900,140,petrol,manual,C,Other,dealer,6950
Renault,compact,2017,227800,95,petrol,automatic,C,Málaga,private,5850
Skoda,sedan,2022,61800,190,petrol,manual,C,Other,dealer,20600
Volkswagen,compact,2019,106400,125,petrol,automatic,C,Valladolid,dealer,13400
BMW,city car,2021,94400,85,petrol,automatic,C,Vizcaya,dealer,15350
Opel,compact,2021,67700,110,diesel,automatic,C,Madrid,dealer,11150
Audi,compact,2020,159900,160,diesel,manual,C,Other,dealer,22150
Peugeot,sedan,2022,31400,125,petrol,automatic,C,Other,dealer,15800
Nissan,SUV,2023,35600,155,petrol,automatic,C,Madrid,dealer,24650
Renault,SUV,2024,33000,190,petrol,automatic,C,Barcelona,dealer,27800
Renault,compact,2022,74000,110,diesel,automatic,C,Madrid,dealer,13050
Renault,city car,2011,178400,95,petrol,manual,C,Navarra,dealer,2700
Seat,sedan,2023,29100,155,diesel,automatic,C,Madrid,private,20650
Ford,SUV,2025,13200,170,petrol,automatic,C,Granada,dealer,31950
Toyota,city car,2016,130100,90,hybrid,automatic,ECO,Navarra,dealer,6500
Fiat,city car,2020,76800,80,hybrid,automatic,ECO,Granada,private,6050
Hyundai,compact,2024,33800,90,hybrid,automatic,ECO,Other,dealer,15700
Ford,city car,2018,110000,60,diesel,automatic,C,Other,dealer,5150
Kia,sedan,2020,90400,170,petrol,automatic,C,Valencia,dealer,15300
Peugeot,SUV,2021,138100,110,diesel,manual,C,Other,dealer,13500
Toyota,SUV,2019,63300,145,hybrid,automatic,ECO,Madrid,private,14850
Peugeot,compact,2015,162300,140,hybrid,automatic,ECO,Other,private,6500
Toyota,compact,2017,76000,110,diesel,manual,C,Valencia,dealer,8550
Peugeot,city car,2020,95300,80,petrol,manual,C,Other,dealer,7800
Nissan,compact,2015,260200,145,diesel,manual,C,Other,dealer,6550
Toyota,city car,2019,101800,80,petrol,manual,C,Madrid,private,8350
Nissan,city car,2018,92900,75,petrol,automatic,C,Madrid,dealer,6050
Seat,city car,2021,42800,95,electric,automatic,0,Madrid,dealer,11900
Hyundai,city car,2015,170000,95,diesel,automatic,C,Madrid,private,4200
Mercedes-Benz,SUV,2023,65800,205,hybrid,automatic,ECO,Sevilla,private,44950
Dacia,compact,2019,82100,120,petrol,automatic,C,Barcelona,dealer,7300
Kia,city car,2014,238100,85,petrol,automatic,C,Zaragoza,dealer,4250
Renault,city car,2022,62000,80,electric,automatic,0,Other,dealer,11900
Hyundai,SUV,2022,42500,145,electric,automatic,0,Other,private,18400
Seat,city car,2011,183100,90,diesel,manual,B,A Coruña,dealer,2700
Ford,city car,2022,52000,70,hybrid,manual,ECO,Valencia,dealer,9500
Renault,compact,2016,210900,115,petrol,automatic,C,Granada,dealer,5750
Toyota,SUV,2022,72100,95,petrol,automatic,C,Other,dealer,20100
Kia,compact,2019,76800,145,plug-in hybrid,manual,0,Barcelona,private,12650
Toyota,city car,2016,149000,75,diesel,manual,C,Madrid,dealer,5350
BMW,city car,2024,30200,120,petrol,automatic,C,Other,dealer,27250
Peugeot,compact,2024,26000,135,hybrid,manual,ECO,Zaragoza,private,21500
Peugeot,compact,2014,155100,115,petrol,automatic,C,Málaga,dealer,5650
Nissan,compact,2024,30900,170,petrol,automatic,C,Barcelona,private,21700
Volkswagen,sedan,2024,42800,135,hybrid,automatic,ECO,Other,dealer,28000
Volkswagen,city car,2020,170400,90,hybrid,automatic,ECO,Zaragoza,dealer,9850
Renault,sedan,2015,141400,165,petrol,manual,C,Barcelona,private,6300
Citroën,MPV,2024,30000,95,petrol,manual,C,Málaga,private,13350
Kia,compact,2020,111400,110,petrol,automatic,C,Madrid,dealer,10950
Dacia,compact,2017,140000,115,petrol,automatic,C,Madrid,dealer,4850
Citroën,sedan,2022,20800,140,petrol,manual,C,Vizcaya,dealer,14750
Volkswagen,compact,2023,69400,100,petrol,automatic,C,Other,dealer,16700
Hyundai,city car,2017,146200,85,diesel,manual,C,Madrid,dealer,5450
Kia,SUV,2023,75800,135,diesel,manual,C,Sevilla,private,17300
Hyundai,SUV,2020,95700,210,petrol,manual,C,Murcia,private,15050
Peugeot,SUV,2018,60400,130,petrol,manual,C,Other,private,11050
Peugeot,compact,2025,12400,120,hybrid,automatic,ECO,Murcia,private,17700
Citroën,compact,2024,34400,160,petrol,automatic,C,Other,private,15600
Fiat,compact,2011,213200,95,diesel,manual,B,Barcelona,dealer,1800
Dacia,city car,2014,124500,65,diesel,manual,B,Asturias,private,1850
Skoda,SUV,2025,14600,125,petrol,automatic,C,Sevilla,dealer,27000
Peugeot,city car,2020,68100,90,petrol,automatic,C,Sevilla,dealer,8800
Renault,sedan,2022,106400,195,diesel,manual,C,Barcelona,dealer,14700
Hyundai,MPV,2024,44300,195,hybrid,automatic,ECO,Valencia,dealer,25950
BMW,city car,2013,309600,115,petrol,automatic,C,Madrid,private,4500
Renault,city car,2022,70500,85,petrol,manual,C,Alicante,dealer,8550
Citroën,sedan,2023,37800,155,petrol,automatic,C,Sevilla,private,19000
Volkswagen,SUV,2021,59000,125,plug-in hybrid,automatic,0,Madrid,dealer,23050
Volkswagen,SUV,2013,310600,170,diesel,manual,B,Madrid,private,5200
Opel,SUV,2023,78500,145,diesel,manual,C,Other,private,15900
Hyundai,city car,2025,8600,75,petrol,manual,C,Málaga,dealer,16050
Toyota,sedan,2020,101900,120,hybrid,automatic,ECO,Valladolid,dealer,14000
Volkswagen,SUV,2014,235000,165,diesel,automatic,B,Other,dealer,9100
Volkswagen,city car,2016,311100,75,petrol,automatic,C,Madrid,private,5450
Ford,SUV,2013,147300,150,petrol,manual,C,Barcelona,private,6050
Opel,SUV,2025,22400,165,electric,automatic,0,Vizcaya,dealer,34250
Dacia,city car,2019,165800,85,petrol,automatic,C,Navarra,dealer,5000
Volvo,SUV,2014,173500,170,petrol,automatic,C,Madrid,private,8250
Volvo,SUV,2025,13400,200,petrol,manual,C,Vizcaya,dealer,63100
Volkswagen,SUV,2024,32100,205,plug-in hybrid,automatic,0,A Coruña,dealer,53650
Mercedes-Benz,SUV,2021,88500,290,petrol,automatic,C,Madrid,private,34300
BMW,MPV,2021,81100,170,hybrid,automatic,ECO,Barcelona,private,23200
Peugeot,SUV,2016,161800,175,petrol,automatic,C,Barcelona,private,8450
Volkswagen,city car,2021,45200,75,petrol,automatic,C,Baleares,private,10350
Mercedes-Benz,SUV,2025,15000,245,diesel,automatic,C,A Coruña,private,66700
Opel,compact,2015,136200,120,diesel,automatic,C,Other,private,5600
Mazda,compact,2024,19200,85,petrol,manual,C,Barcelona,dealer,13650
Fiat,MPV,2020,122500,145,petrol,automatic,C,Valencia,dealer,9400
Seat,SUV,2023,40000,155,petrol,automatic,C,A Coruña,dealer,25900
Renault,SUV,2006,420000,190,diesel,automatic,B,Madrid,private,2600
Renault,SUV,2018,117400,160,petrol,manual,C,Madrid,private,11250
Fiat,city car,2014,166000,85,diesel,manual,B,Valencia,private,2550
Nissan,SUV,2023,35000,150,plug-in hybrid,automatic,0,Valencia,dealer,30650
Ford,SUV,2017,160200,160,diesel,manual,C,Barcelona,private,9800
Hyundai,city car,2019,81700,90,petrol,manual,C,Zaragoza,dealer,6800
Seat,compact,2015,180200,100,petrol,manual,C,Barcelona,private,5000
Tesla,sedan,2017,129500,200,electric,automatic,0,Valencia,dealer,15200
Peugeot,compact,2023,91900,120,diesel,automatic,C,Barcelona,dealer,15850
Tesla,sedan,2019,104300,235,electric,automatic,0,Madrid,private,22300
Volkswagen,city car,2008,222000,95,diesel,manual,B,Alicante,dealer,2700
Audi,compact,2023,37900,190,petrol,automatic,C,Other,dealer,40300
Citroën,SUV,2018,167100,170,petrol,manual,C,Other,private,10700
Dacia,sedan,2019,196800,115,hybrid,automatic,ECO,Madrid,dealer,7450
Peugeot,compact,2022,46800,115,petrol,manual,C,Other,private,11950
Volkswagen,city car,2021,138000,65,petrol,automatic,C,Zaragoza,dealer,8300
Mercedes-Benz,sedan,2017,81400,225,petrol,automatic,C,Las Palmas,dealer,18150
Dacia,SUV,2015,104300,125,petrol,manual,C,Barcelona,dealer,5050
Mazda,city car,2021,110700,100,petrol,automatic,C,Madrid,dealer,10650
Volkswagen,city car,2023,74300,110,petrol,automatic,C,Other,private,13650
Hyundai,city car,2020,55900,85,petrol,automatic,C,Madrid,dealer,8000
Audi,SUV,2016,84900,220,petrol,automatic,C,Other,dealer,14000
Renault,compact,2020,55300,150,diesel,manual,C,Other,private,11250
Mercedes-Benz,sedan,2023,39000,190,petrol,automatic,C,Barcelona,dealer,36800
Skoda,SUV,2020,70300,130,diesel,automatic,C,Málaga,dealer,15200
Renault,MPV,2023,26100,130,petrol,automatic,C,Alicante,dealer,15800
Toyota,city car,2017,144100,60,hybrid,manual,ECO,Las Palmas,private,5300
Skoda,SUV,2019,87000,155,diesel,automatic,C,Madrid,private,13350
Volkswagen,SUV,2019,81300,115,hybrid,automatic,ECO,Zaragoza,dealer,13500
Volvo,SUV,2022,56400,215,hybrid,manual,ECO,Valencia,private,30550
Volkswagen,sedan,2022,70500,185,petrol,automatic,C,Madrid,private,18800
Citroën,city car,2017,99100,80,hybrid,automatic,ECO,Barcelona,dealer,5900
Renault,city car,2021,94800,65,petrol,automatic,C,Other,private,6450
Opel,city car,2012,259600,60,petrol,manual,C,Other,dealer,2300
Seat,compact,2024,49500,105,diesel,automatic,C,Other,dealer,17400
Toyota,city car,2021,57200,90,diesel,automatic,C,Madrid,dealer,11500
Opel,sedan,2021,81600,110,diesel,manual,C,Barcelona,dealer,12450
Citroën,compact,2017,131300,130,petrol,automatic,C,A Coruña,private,7150
Renault,sedan,2023,90200,125,hybrid,automatic,ECO,Baleares,dealer,19400
Mercedes-Benz,sedan,2015,96800,190,diesel,automatic,C,Other,dealer,11650
Volkswagen,compact,2019,126500,155,petrol,manual,C,Madrid,dealer,13350
Volvo,city car,2015,87900,125,petrol,automatic,C,Madrid,dealer,7200
Citroën,city car,2022,38600,65,petrol,manual,C,Las Palmas,dealer,8950
Skoda,city car,2018,149700,65,hybrid,automatic,ECO,Asturias,dealer,5800
Volkswagen,city car,2013,393000,60,petrol,automatic,C,Murcia,dealer,2800
Skoda,MPV,2016,143400,185,diesel,manual,C,Alicante,dealer,8600
Opel,city car,2020,99700,65,diesel,automatic,C,Zaragoza,dealer,7000
Renault,sedan,2017,177600,165,diesel,manual,C,Zaragoza,dealer,8500
Hyundai,compact,2020,64300,135,diesel,manual,C,Asturias,private,11600
Toyota,sedan,2017,177300,120,petrol,manual,C,Alicante,dealer,9250
Tesla,sedan,2020,89100,200,electric,automatic,0,Valladolid,dealer,21950
Renault,compact,2025,11300,100,hybrid,automatic,ECO,Other,private,20250
Renault,MPV,2023,73200,110,diesel,manual,C,Madrid,dealer,18250
Renault,SUV,2011,272100,110,petrol,manual,C,Zaragoza,private,3600
Volkswagen,compact,2024,28500,140,diesel,automatic,C,Málaga,private,25200
BMW,SUV,2025,12800,235,petrol,automatic,C,Málaga,dealer,73550
Dacia,SUV,2016,157600,150,hybrid,automatic,ECO,Sevilla,private,5800
Mercedes-Benz,sedan,2024,43500,290,plug-in hybrid,manual,0,Málaga,dealer,82750
Volkswagen,sedan,2012,212700,130,diesel,manual,B,Asturias,dealer,5250
Audi,city car,2025,7600,160,petrol,automatic,C,Barcelona,private,38100
Volkswagen,MPV,2024,41100,155,petrol,automatic,C,Madrid,private,26750
Audi,SUV,2023,48300,195,petrol,automatic,C,Other,dealer,55850
Renault,SUV,2021,57800,130,diesel,manual,C,Other,dealer,16850
Citroën,MPV,2024,26400,160,diesel,automatic,C,Alicante,dealer,24650
Opel,city car,2019,104200,70,petrol,automatic,C,Valladolid,private,5150
Toyota,compact,2023,46200,110,hybrid,automatic,ECO,Sevilla,dealer,22950
Renault,SUV,2017,137100,155,petrol,manual,C,Barcelona,private,6700
BMW,SUV,2025,13600,185,petrol,automatic,C,Sevilla,dealer,67750
Peugeot,sedan,2020,168600,155,hybrid,automatic,ECO,Barcelona,dealer,16100
Citroën,compact,2025,13200,125,diesel,manual,C,Granada,dealer,19200
Opel,compact,2022,69100,130,petrol,manual,C,Barcelona,private,11600
Ford,sedan,2018,100500,170,petrol,automatic,C,Barcelona,dealer,12600
Audi,city car,2016,144100,105,hybrid,automatic,ECO,Vizcaya,dealer,8100
Seat,city car,2020,81100,70,diesel,manual,C,Sevilla,dealer,7550
Hyundai,compact,2024,42300,160,diesel,manual,C,Other,dealer,21850
Renault,SUV,2018,93600,125,petrol,manual,C,Madrid,private,7400
Renault,SUV,2022,34000,150,diesel,manual,C,A Coruña,dealer,18700
Mazda,city car,2017,101600,90,electric,automatic,0,Madrid,private,6850
Fiat,compact,2014,179100,130,diesel,manual,B,Granada,private,3550
BMW,SUV,2012,143900,150,diesel,manual,B,Barcelona,dealer,5050
Ford,SUV,2015,180300,110,petrol,manual,C,Barcelona,dealer,6600
Mercedes-Benz,city car,2017,119300,105,hybrid,automatic,ECO,Madrid,private,10000
Hyundai,compact,2022,71400,80,petrol,automatic,C,Málaga,dealer,12750
Opel,SUV,2022,75000,185,petrol,automatic,C,Other,dealer,18400
BMW,compact,2022,82200,160,petrol,automatic,C,Madrid,private,21900
Seat,compact,2022,60800,130,diesel,automatic,C,Alicante,private,14350
Peugeot,city car,2024,29600,70,petrol,manual,C,Other,dealer,13250
Fiat,SUV,2019,71500,110,petrol,manual,C,Barcelona,dealer,8850
Volkswagen,compact,2023,60100,120,petrol,automatic,C,Madrid,dealer,19700
Nissan,city car,2021,103100,95,petrol,manual,C,Las Palmas,dealer,9300
Dacia,compact,2014,152800,135,petrol,automatic,C,Other,dealer,4700
Hyundai,compact,2020,94200,105,diesel,automatic,C,Other,dealer,8650
Opel,SUV,2018,75100,130,hybrid,automatic,ECO,Alicante,private,11300
Opel,sedan,2022,54900,180,plug-in hybrid,automatic,0,Other,dealer,30000
Mazda,sedan,2022,42200,140,hybrid,automatic,ECO,Asturias,private,24700
Toyota,city car,2020,138700,80,plug-in hybrid,automatic,0,Other,dealer,11350
Hyundai,sedan,2015,163400,130,diesel,manual,C,Other,dealer,7650
Opel,SUV,2024,24700,185,diesel,automatic,C,Barcelona,private,24400
Seat,MPV,2014,166500,105,diesel,manual,B,Other,private,4850
Toyota,sedan,2024,29500,170,diesel,automatic,C,Navarra,dealer,37000
Nissan,SUV,2017,163400,165,hybrid,automatic,ECO,Murcia,private,11250
Citroën,compact,2008,261400,135,diesel,manual,B,Madrid,dealer,2250
Ford,compact,2021,87100,105,diesel,manual,C,Valencia,dealer,12250
Renault,SUV,2022,88500,120,petrol,automatic,C,Madrid,dealer,13300
Kia,compact,2019,121500,120,plug-in hybrid,automatic,0,Other,dealer,14250
Dacia,MPV,2020,133100,125,petrol,automatic,C,Valencia,private,5800
Dacia,city car,2016,127600,90,hybrid,automatic,ECO,Sevilla,dealer,3900
Mercedes-Benz,compact,2022,73600,180,petrol,manual,C,Other,private,28000
Renault,sedan,2007,266200,120,diesel,manual,B,Valencia,private,1950
Peugeot,compact,2020,82300,95,diesel,automatic,C,Madrid,dealer,10350
Hyundai,sedan,2017,166700,130,diesel,automatic,C,Sevilla,private,9650
Volkswagen,compact,2018,130700,110,petrol,automatic,C,Navarra,private,7900
Mazda,compact,2015,115500,125,diesel,manual,C,Murcia,dealer,5750
Renault,SUV,2024,21300,155,hybrid,automatic,ECO,Other,dealer,28150
Audi,city car,2021,42700,110,petrol,automatic,C,Madrid,dealer,15550
Mercedes-Benz,SUV,2021,96600,160,petrol,automatic,C,Navarra,dealer,27800
Kia,sedan,2024,35600,135,diesel,manual,C,Murcia,private,21350
Toyota,compact,2023,47900,100,plug-in hybrid,automatic,0,Barcelona,private,20250
Volkswagen,compact,2021,50000,140,petrol,automatic,C,Other,dealer,20100
Nissan,compact,2011,223800,90,diesel,automatic,B,Asturias,dealer,3200
Volkswagen,SUV,2022,52500,130,diesel,automatic,C,Málaga,dealer,22350
Volkswagen,SUV,2018,168900,120,petrol,automatic,C,Barcelona,dealer,12750
Fiat,compact,2020,113000,140,diesel,automatic,C,Madrid,private,7600
Fiat,city car,2022,70200,85,diesel,automatic,C,Sevilla,dealer,8100
Renault,compact,2023,53900,105,petrol,manual,C,Barcelona,dealer,11800
Audi,compact,2022,53300,195,diesel,manual,C,Valencia,dealer,27450
Volvo,sedan,2020,95900,165,petrol,automatic,C,Valladolid,dealer,21200
Toyota,city car,2022,54200,100,hybrid,manual,ECO,Valladolid,dealer,14300
Renault,SUV,2024,24300,140,plug-in hybrid,manual,0,Asturias,private,23900
Mercedes-Benz,SUV,2020,77300,135,petrol,automatic,C,Madrid,dealer,27600
Fiat,SUV,2016,196300,150,petrol,automatic,C,Other,private,5950
Volkswagen,sedan,2021,65400,165,diesel,manual,C,Alicante,dealer,19550
Fiat,compact,2023,34200,120,hybrid,manual,ECO,Zaragoza,private,11250
Audi,SUV,2020,85900,230,petrol,manual,C,Valladolid,dealer,23050
Hyundai,sedan,2025,15600,220,diesel,automatic,C,Navarra,dealer,32000
Kia,compact,2020,124200,155,petrol,automatic,C,Las Palmas,dealer,13000
Ford,sedan,2006,155300,160,petrol,automatic,C,Other,dealer,3050
Mazda,compact,2016,211000,120,hybrid,manual,ECO,Alicante,dealer,6750
Dacia,city car,2019,134100,75,petrol,manual,C,A Coruña,private,3800
Kia,SUV,2018,134000,150,petrol,automatic,C,Valladolid,dealer,10250
Seat,MPV,2022,28600,135,diesel,automatic,C,Other,private,16700
Kia,sedan,2025,18300,120,petrol,manual,C,Alicante,dealer,24650
Toyota,city car,2016,83300,85,hybrid,manual,ECO,Barcelona,dealer,6650
Volkswagen,compact,2018,91800,105,petrol,automatic,C,Madrid,dealer,8850
Citroën,city car,2022,73100,85,hybrid,automatic,ECO,Valencia,dealer,12050
Hyundai,sedan,2023,52400,150,petrol,manual,C,Barcelona,private,15250
Citroën,sedan,2022,111000,175,plug-in hybrid,automatic,0,Barcelona,private,20000
Hyundai,compact,2024,27000,90,petrol,automatic,C,Barcelona,dealer,15950
Opel,compact,2013,266300,110,diesel,automatic,B,Other,private,4200
Peugeot,compact,2016,204700,90,petrol,automatic,C,Madrid,private,5500
Volkswagen,SUV,2025,22000,130,hybrid,manual,ECO,Other,dealer,38250
BMW,SUV,2019,73400,235,diesel,automatic,C,Sevilla,private,29100
Seat,compact,2022,57600,125,petrol,automatic,C,Valencia,private,13050
Volkswagen,sedan,2025,12700,125,petrol,manual,C,Other,dealer,30650
Toyota,compact,2020,54900,85,hybrid,automatic,ECO,Other,private,9600
Peugeot,compact,2019,53200,160,petrol,manual,C,Other,private,9900
Dacia,compact,2019,96400,110,petrol,manual,C,Other,dealer,6050
Ford,compact,2020,158000,115,hybrid,automatic,ECO,Alicante,private,12600
Citroën,SUV,2020,106400,90,diesel,automatic,C,Other,dealer,10800
Citroën,city car,2018,91800,110,petrol,manual,C,Other,dealer,6650
Ford,city car,2015,140800,80,diesel,manual,C,Baleares,private,3850
Citroën,sedan,2014,189400,135,diesel,automatic,B,Other,dealer,5650
Opel,city car,2018,153400,85,diesel,automatic,C,Barcelona,dealer,5650
Renault,compact,2024,24500,125,hybrid,automatic,ECO,Other,dealer,19300
Seat,compact,2024,26300,120,petrol,automatic,C,Valencia,dealer,23350
Seat,SUV,2022,61500,140,plug-in hybrid,manual,0,A Coruña,private,18800
Renault,compact,2024,17200,135,diesel,automatic,C,Asturias,private,19700
Volvo,SUV,2006,274500,160,petrol,automatic,C,Other,private,2500
Audi,city car,2019,118300,95,petrol,automatic,C,Valencia,dealer,11550
Renault,SUV,2016,187000,130,electric,automatic,0,Zaragoza,dealer,7150
Renault,compact,2017,103000,105,hybrid,manual,ECO,Valladolid,dealer,6850
Renault,sedan,2023,49600,185,electric,automatic,0,Other,private,20550
Opel,MPV,2018,144500,155,diesel,manual,C,Valencia,dealer,9000
Fiat,SUV,2024,25700,110,petrol,manual,C,Madrid,dealer,15550
Skoda,compact,2021,115800,160,diesel,manual,C,Barcelona,dealer,11950
Hyundai,compact,2025,13600,130,petrol,manual,C,Other,dealer,23100
Dacia,compact,2018,60700,105,diesel,automatic,C,Navarra,dealer,7000
Renault,compact,2023,48600,105,diesel,automatic,C,Valladolid,dealer,12700
Skoda,city car,2023,38600,65,plug-in hybrid,automatic,0,Madrid,dealer,15250
Hyundai,compact,2013,218900,140,diesel,automatic,B,Other,private,4600
Toyota,SUV,2023,35400,140,diesel,automatic,C,Madrid,dealer,32950
Seat,SUV,2017,74300,125,electric,automatic,0,Valladolid,dealer,9350
Renault,SUV,2023,49100,155,petrol,automatic,C,Navarra,private,19350
Opel,city car,2025,12800,75,petrol,automatic,C,Murcia,private,11900
Dacia,SUV,2023,61700,150,petrol,automatic,C,Valencia,dealer,16450
Seat,city car,2018,121400,95,petrol,manual,C,Valladolid,dealer,5300
Fiat,city car,2023,37600,70,petrol,manual,C,Barcelona,dealer,8750
Mercedes-Benz,SUV,2022,54400,195,petrol,automatic,C,Asturias,dealer,40700
Seat,SUV,2020,52000,160,petrol,manual,C,Baleares,private,15050
Volkswagen,city car,2022,116200,65,petrol,automatic,C,Barcelona,private,9700
Toyota,city car,2008,330900,80,diesel,manual,B,Zaragoza,private,1750
Peugeot,MPV,2022,23200,125,plug-in hybrid,automatic,0,Las Palmas,dealer,21700
Toyota,compact,2023,57200,75,hybrid,automatic,ECO,Valencia,dealer,17700
BMW,compact,2021,62300,160,petrol,manual,C,Granada,private,21550
Opel,compact,2017,153900,105,hybrid,automatic,ECO,Other,private,5600
Mercedes-Benz,sedan,2024,15700,170,petrol,manual,C,Other,dealer,44400
Fiat,SUV,2023,74000,165,plug-in hybrid,manual,0,Murcia,private,18800
Renault,compact,2021,138000,170,diesel,manual,C,Other,private,13350
Citroën,SUV,2013,223300,155,diesel,manual,B,Other,dealer,5300
Peugeot,compact,2015,243400,100,petrol,manual,C,Sevilla,dealer,4850
Hyundai,SUV,2016,213900,145,petrol,manual,C,Murcia,private,6500
Nissan,MPV,2015,200900,190,diesel,manual,C,Other,dealer,9250
Volvo,city car,2008,294000,105,petrol,automatic,C,Alicante,dealer,1900
Kia,compact,2012,259000,120,petrol,manual,C,Las Palmas,dealer,3950
Audi,compact,2024,40500,160,petrol,automatic,C,Other,dealer,35700
Peugeot,compact,2012,212600,85,diesel,automatic,B,Other,private,3500
Volkswagen,city car,2015,218500,80,diesel,manual,C,Málaga,private,4500
Peugeot,compact,2022,42700,120,plug-in hybrid,automatic,0,Málaga,private,14700
Hyundai,compact,2017,158300,100,petrol,automatic,C,Málaga,private,7000
Toyota,SUV,2020,136700,120,petrol,automatic,C,A Coruña,dealer,14500
Citroën,compact,2011,119500,145,petrol,manual,C,Baleares,dealer,4500
Fiat,compact,2022,54600,125,petrol,manual,C,Barcelona,private,12050
Toyota,compact,2011,334600,120,diesel,manual,B,Sevilla,dealer,4300
Mercedes-Benz,compact,2009,372600,175,diesel,manual,B,Barcelona,dealer,3500
Seat,SUV,2013,151600,125,diesel,automatic,B,Alicante,dealer,5200
Ford,MPV,2018,61500,110,electric,automatic,0,Alicante,dealer,10550
Renault,compact,2010,151000,155,diesel,manual,B,Sevilla,private,3400
Hyundai,sedan,2021,75600,195,diesel,automatic,C,Madrid,private,17950
Peugeot,SUV,2025,7700,140,hybrid,automatic,ECO,Alicante,private,32050
Renault,compact,2017,112300,130,electric,automatic,0,Barcelona,private,5650
Toyota,city car,2019,130800,95,hybrid,automatic,ECO,Valencia,private,8250
Dacia,SUV,2020,102200,120,diesel,manual,C,Málaga,private,7500
Mazda,compact,2019,68100,95,hybrid,automatic,ECO,Barcelona,dealer,11750
Audi,city car,2019,154900,90,diesel,automatic,C,Barcelona,dealer,11150
Seat,compact,2019,110700,125,petrol,manual,C,Granada,dealer,9750
Citroën,city car,2018,111000,85,hybrid,automatic,ECO,Málaga,dealer,6250
Opel,SUV,2021,61900,165,petrol,automatic,C,Las Palmas,dealer,19100
Citroën,city car,2018,124100,100,hybrid,automatic,ECO,Murcia,private,6400
Seat,city car,2024,22300,95,petrol,automatic,C,Valladolid,dealer,12850
Volvo,SUV,2025,8900,150,diesel,automatic,C,Other,private,57050
Ford,sedan,2020,118400,145,hybrid,manual,ECO,Madrid,private,13300
Peugeot,sedan,2016,150600,120,petrol,manual,C,Vizcaya,private,6550
Fiat,SUV,2024,31400,110,diesel,automatic,C,Madrid,private,15850
Dacia,SUV,2025,12000,105,hybrid,automatic,ECO,Other,private,15850
Peugeot,SUV,2021,123500,145,hybrid,automatic,ECO,Valencia,dealer,18000
Fiat,SUV,2025,16100,155,plug-in hybrid,automatic,0,Las Palmas,private,32650
Seat,city car,2023,41000,75,hybrid,automatic,ECO,Barcelona,dealer,12700
Kia,SUV,2022,57500,125,diesel,automatic,C,Other,dealer,23050
Toyota,compact,2019,68200,125,hybrid,automatic,ECO,Barcelona,dealer,12450
Renault,city car,2017,141500,85,hybrid,automatic,ECO,Barcelona,dealer,5150
Audi,SUV,2017,141600,160,diesel,automatic,C,Other,private,13250
Toyota,SUV,2024,32000,120,hybrid,automatic,ECO,Las Palmas,private,31650
Toyota,compact,2025,28200,160,petrol,automatic,C,Asturias,dealer,25650
Volkswagen,sedan,2024,28600,160,petrol,automatic,C,Navarra,private,29500
Mazda,sedan,2020,68000,180,diesel,manual,C,Murcia,dealer,16250
Seat,sedan,2014,178900,170,petrol,automatic,C,Barcelona,private,6500
Toyota,compact,2025,16100,115,hybrid,automatic,ECO,Other,dealer,23450
Renault,compact,2025,16100,160,petrol,automatic,C,Barcelona,private,24100
Nissan,sedan,2018,130300,145,hybrid,automatic,ECO,A Coruña,private,11950
Opel,compact,2014,276300,145,hybrid,automatic,ECO,Barcelona,dealer,5600
BMW,compact,2025,17100,145,petrol,manual,C,Sevilla,dealer,37050
BMW,city car,2013,237200,95,petrol,automatic,C,Barcelona,private,4350
Toyota,SUV,2014,258400,135,petrol,manual,C,Barcelona,dealer,6600
Mazda,compact,2008,420000,110,diesel,manual,B,Other,private,2550
Skoda,city car,2022,75000,100,plug-in hybrid,automatic,0,Other,dealer,17050
Opel,compact,2019,106300,90,hybrid,automatic,ECO,Other,dealer,7350
Mercedes-Benz,MPV,2009,363600,190,diesel,automatic,B,Vizcaya,dealer,4300
Renault,compact,2018,84100,115,electric,automatic,0,Murcia,dealer,8200
Toyota,SUV,2023,58300,155,hybrid,automatic,ECO,Other,private,27650
Kia,SUV,2024,28800,125,petrol,automatic,C,Málaga,dealer,22500
Skoda,compact,2014,246300,115,petrol,manual,C,Madrid,dealer,5800
Citroën,SUV,2014,237700,130,diesel,automatic,B,Other,private,5900
Volkswagen,compact,2021,65200,85,diesel,automatic,C,Vizcaya,dealer,12950
Renault,compact,2022,46700,155,diesel,manual,C,Alicante,dealer,19150
Skoda,city car,2016,91600,85,petrol,automatic,C,Vizcaya,private,4550
Renault,city car,2021,50500,100,diesel,manual,C,Navarra,dealer,9100
Peugeot,city car,2015,275100,60,petrol,automatic,C,Vizcaya,private,3300
Renault,SUV,2024,29200,190,petrol,manual,C,Madrid,dealer,26250
Kia,compact,2006,420000,120,diesel,manual,B,Madrid,dealer,1500
Mazda,compact,2020,72000,120,diesel,automatic,C,Madrid,dealer,12900
Citroën,compact,2023,110300,155,hybrid,automatic,ECO,Barcelona,dealer,13750
Seat,compact,2025,20700,120,diesel,manual,C,Las Palmas,private,18100
Dacia,compact,2016,194000,150,diesel,manual,C,Baleares,dealer,5500
Seat,compact,2011,385000,100,diesel,manual,B,Other,dealer,3400
Volkswagen,SUV,2018,157300,150,petrol,manual,C,Sevilla,dealer,12750
Ford,SUV,2024,25500,145,electric,automatic,0,Other,private,28800
Seat,SUV,2015,217500,160,diesel,automatic,C,Madrid,private,7700
Peugeot,city car,2022,76900,85,diesel,manual,C,Las Palmas,dealer,9050
Audi,SUV,2022,46300,170,petrol,automatic,C,Valladolid,dealer,31950
Volvo,sedan,2022,56800,290,petrol,automatic,C,Vizcaya,dealer,40350
Citroën,MPV,2022,61200,125,petrol,automatic,C,Madrid,private,13650
Mercedes-Benz,compact,2022,97200,190,petrol,automatic,C,Sevilla,dealer,31800
Peugeot,SUV,2022,32000,130,hybrid,automatic,ECO,Baleares,private,19200
Fiat,SUV,2022,70900,185,petrol,automatic,C,Madrid,dealer,18450
Volvo,MPV,2021,88100,135,petrol,automatic,C,Baleares,dealer,19800
Kia,compact,2022,42500,140,diesel,manual,C,Madrid,dealer,20650
Dacia,compact,2014,172900,100,diesel,manual,B,Granada,private,2700
Dacia,SUV,2022,102300,150,petrol,automatic,C,Other,dealer,14650
Volvo,compact,2011,186800,165,petrol,automatic,C,Other,private,3300
Peugeot,MPV,2022,98200,105,diesel,automatic,C,Vizcaya,dealer,17350
Volkswagen,SUV,2006,283500,135,hybrid,automatic,ECO,Granada,private,3650
Renault,compact,2023,52300,90,hybrid,automatic,ECO,Málaga,dealer,15100
Citroën,compact,2021,64100,90,petrol,manual,C,Vizcaya,private,7900
Ford,sedan,2018,251400,170,diesel,manual,C,Sevilla,dealer,10450
Mercedes-Benz,city car,2024,30100,125,petrol,manual,C,Other,dealer,30100
Ford,compact,2025,12400,95,petrol,automatic,C,Baleares,private,16300
Opel,city car,2020,87900,85,petrol,automatic,C,Madrid,dealer,6950
Renault,city car,2019,112800,70,hybrid,automatic,ECO,Other,private,5800
Ford,city car,2013,180200,60,petrol,automatic,C,Other,private,2700
Renault,SUV,2020,65000,160,petrol,manual,C,Barcelona,dealer,11850
Toyota,compact,2021,84900,85,petrol,manual,C,Barcelona,dealer,10850
BMW,sedan,2018,87900,250,diesel,automatic,C,Valencia,private,20800
Dacia,compact,2019,65800,120,diesel,automatic,C,Sevilla,dealer,7500
BMW,compact,2006,267100,140,diesel,manual,B,Zaragoza,dealer,2050
Kia,city car,2020,94400,110,petrol,manual,C,Barcelona,private,9050
Hyundai,MPV,2025,15900,110,plug-in hybrid,manual,0,Asturias,dealer,32700
Volvo,compact,2009,420000,125,petrol,automatic,C,Madrid,dealer,2850
Ford,compact,2013,295100,120,diesel,automatic,B,Other,dealer,4750
Ford,compact,2018,75500,135,petrol,manual,C,Sevilla,private,8850
Volkswagen,compact,2018,191200,115,petrol,manual,C,Baleares,dealer,8350
Fiat,compact,2023,71600,135,hybrid,automatic,ECO,Barcelona,dealer,12900
Fiat,compact,2023,54400,130,petrol,manual,C,Alicante,dealer,13850
Hyundai,compact,2024,40800,125,petrol,manual,C,Baleares,dealer,16950
Seat,sedan,2016,136500,150,hybrid,automatic,ECO,Vizcaya,dealer,9750
Seat,city car,2020,84100,90,hybrid,automatic,ECO,Other,private,8300
Mercedes-Benz,compact,2014,142200,190,diesel,automatic,B,Málaga,private,10100
Ford,sedan,2018,84500,165,petrol,manual,C,Alicante,dealer,11000
Nissan,compact,2020,40200,135,electric,automatic,0,Barcelona,dealer,12550
Toyota,sedan,2021,106600,115,petrol,manual,C,Other,private,11750
Seat,compact,2013,197200,130,petrol,automatic,C,Barcelona,dealer,4300
Hyundai,compact,2024,13700,95,hybrid,automatic,ECO,Other,private,15850
Citroën,SUV,2017,144200,115,diesel,automatic,C,Sevilla,dealer,8850
Volkswagen,sedan,2019,139500,170,hybrid,automatic,ECO,Barcelona,dealer,16950
BMW,compact,2023,42900,155,diesel,automatic,C,Other,private,31000
Audi,SUV,2020,50100,240,electric,automatic,0,Other,dealer,30550
Fiat,SUV,2023,31300,110,petrol,automatic,C,Other,dealer,12900
Opel,SUV,2012,140800,175,diesel,automatic,B,Sevilla,dealer,6400
Toyota,city car,2016,121200,85,hybrid,automatic,ECO,Asturias,dealer,6200
Kia,SUV,2022,55300,125,electric,automatic,0,Sevilla,dealer,20050
Renault,compact,2022,65300,115,petrol,automatic,C,Navarra,private,14000
Mercedes-Benz,city car,2011,228900,85,diesel,automatic,B,Las Palmas,dealer,4050
Skoda,compact,2019,111500,170,petrol,manual,C,Madrid,dealer,11950
Dacia,sedan,2024,22900,160,hybrid,automatic,ECO,Barcelona,dealer,16600
Mercedes-Benz,SUV,2006,364900,215,petrol,automatic,C,Madrid,dealer,3650
Audi,SUV,2017,210500,180,electric,automatic,0,Sevilla,dealer,13450
Tesla,SUV,2015,95700,165,electric,automatic,0,Valencia,dealer,11550
Renault,sedan,2022,37700,160,hybrid,manual,ECO,Valencia,private,16750
Renault,SUV,2024,53400,135,petrol,automatic,C,Other,private,22000
Toyota,SUV,2020,108300,155,hybrid,automatic,ECO,Other,dealer,19950
Citroën,compact,2023,68500,125,electric,automatic,0,Other,dealer,18500
Mercedes-Benz,city car,2014,278700,105,petrol,automatic,C,Other,dealer,5550
Toyota,SUV,2021,53200,140,hybrid,automatic,ECO,Asturias,private,19850
Citroën,city car,2022,57800,105,diesel,automatic,C,Other,private,9650
Kia,compact,2017,216600,110,petrol,automatic,C,Madrid,private,5950
Volkswagen,sedan,2019,83000,110,petrol,manual,C,Madrid,private,10700
Peugeot,SUV,2006,339900,140,diesel,automatic,B,Other,private,2400
Audi,SUV,2016,148900,190,petrol,automatic,C,Barcelona,private,11500
Volvo,city car,2025,16500,85,hybrid,automatic,ECO,Vizcaya,private,27350
Nissan,compact,2024,29200,90,petrol,manual,C,Madrid,dealer,16950
Dacia,city car,2016,205600,70,diesel,automatic,C,A Coruña,private,2350
Citroën,city car,2015,260400,70,diesel,manual,C,Sevilla,dealer,3500
Citroën,compact,2015,146800,115,petrol,manual,C,Málaga,dealer,5300
Kia,city car,2025,9100,80,petrol,manual,C,Barcelona,dealer,15200
Toyota,sedan,2021,42700,170,hybrid,automatic,ECO,Other,dealer,24150
Volvo,city car,2016,241000,115,diesel,automatic,C,Other,dealer,7300
Mercedes-Benz,sedan,2020,89800,215,petrol,automatic,C,Other,private,25800
Hyundai,compact,2020,117800,100,hybrid,automatic,ECO,Barcelona,dealer,12750
Seat,city car,2023,28800,65,petrol,automatic,C,Vizcaya,private,11200
Fiat,SUV,2015,198100,145,diesel,automatic,C,Barcelona,dealer,6900
Volkswagen,compact,2016,111400,110,hybrid,automatic,ECO,Las Palmas,dealer,9650
Seat,SUV,2015,270000,140,petrol,manual,C,Granada,dealer,6750
Skoda,MPV,2024,50800,145,petrol,automatic,C,Madrid,dealer,20250
Nissan,city car,2021,91300,85,petrol,automatic,C,Barcelona,dealer,8050
BMW,SUV,2022,77100,245,petrol,automatic,C,Barcelona,dealer,47550
Mazda,city car,2022,55300,90,petrol,automatic,C,Other,private,13250
Hyundai,compact,2016,158500,100,diesel,automatic,C,Sevilla,dealer,6600
Toyota,sedan,2017,147400,130,hybrid,manual,ECO,Valladolid,dealer,10350
Kia,compact,2021,59000,70,petrol,automatic,C,Las Palmas,dealer,10050
Ford,compact,2022,28000,80,hybrid,automatic,ECO,Zaragoza,private,15350
Mercedes-Benz,SUV,2020,96900,250,diesel,automatic,C,Valencia,private,30650
Peugeot,sedan,2023,43600,140,diesel,automatic,C,Vizcaya,dealer,22900
Citroën,compact,2023,48400,130,petrol,manual,C,Other,dealer,12500
Peugeot,MPV,2023,34700,180,petrol,manual,C,Madrid,dealer,20200
Kia,city car,2011,165000,90,diesel,manual,B,Other,dealer,2900
Hyundai,compact,2022,67100,95,petrol,automatic,C,Barcelona,dealer,15600
Ford,SUV,2021,98100,155,petrol,automatic,C,Other,dealer,15700
Ford,sedan,2017,103400,155,petrol,automatic,C,Other,dealer,8050
Kia,city car,2018,67900,85,hybrid,automatic,ECO,Zaragoza,dealer,7400
Peugeot,compact,2022,101900,110,plug-in hybrid,automatic,0,Madrid,private,14050
Seat,SUV,2024,24200,170,petrol,automatic,C,Barcelona,dealer,25300
Kia,city car,2018,105600,65,hybrid,automatic,ECO,Valencia,dealer,6650
Opel,compact,2023,34100,115,diesel,manual,C,Barcelona,dealer,14900
Peugeot,compact,2020,166200,155,diesel,manual,C,Other,dealer,13600
Nissan,SUV,2022,57900,130,diesel,automatic,C,A Coruña,dealer,20400
Kia,compact,2018,108300,100,petrol,manual,C,Madrid,dealer,8000
Toyota,SUV,2015,197400,180,hybrid,automatic,ECO,Sevilla,dealer,11100
Peugeot,SUV,2017,293800,170,diesel,automatic,C,Alicante,private,10600
Ford,SUV,2014,172100,130,diesel,manual,B,Madrid,dealer,5400
Opel,sedan,2021,57800,130,petrol,automatic,C,Madrid,dealer,13650
Nissan,city car,2021,58300,105,diesel,automatic,C,Valladolid,dealer,11800
Citroën,compact,2013,196000,105,petrol,automatic,C,Valencia,private,3900
Volkswagen,city car,2023,37300,105,diesel,automatic,C,Other,dealer,17350
Dacia,city car,2010,286900,105,diesel,automatic,B,Madrid,private,1450
Nissan,compact,2020,124100,80,hybrid,automatic,ECO,Asturias,dealer,10950
Hyundai,SUV,2019,94500,170,electric,automatic,0,Other,private,13950
Seat,compact,2024,32900,165,petrol,automatic,C,Las Palmas,private,18800
Audi,MPV,2017,186700,205,hybrid,automatic,ECO,Vizcaya,private,13900
Hyundai,MPV,2015,169600,135,diesel,manual,C,Madrid,private,5400
Renault,city car,2024,28500,75,petrol,manual,C,Madrid,private,11950
Dacia,sedan,2013,228600,160,diesel,automatic,B,Other,private,3650
Mazda,SUV,2020,83100,110,petrol,automatic,C,Barcelona,private,15100
Volkswagen,SUV,2015,120800,125,diesel,manual,C,Valencia,private,8900
Mercedes-Benz,city car,2020,158100,85,petrol,automatic,C,A Coruña,dealer,14150
Seat,compact,2022,30800,155,petrol,manual,C,Other,dealer,17350
Toyota,compact,2023,64600,100,hybrid,automatic,ECO,Valencia,private,17600
BMW,city car,2023,44400,145,petrol,automatic,C,Barcelona,dealer,27550
Citroën,city car,2017,237500,90,petrol,manual,C,Other,private,4000
Toyota,city car,2022,90000,60,hybrid,automatic,ECO,Other,dealer,11100
Seat,MPV,2022,83800,165,petrol,automatic,C,Valencia,private,16700
Hyundai,city car,2019,59400,75,hybrid,automatic,ECO,Zaragoza,dealer,8250
Renault,compact,2016,126700,105,electric,automatic,0,Valencia,dealer,4900
Skoda,SUV,2015,169200,160,petrol,manual,C,Madrid,private,8300
Audi,sedan,2018,223400,185,petrol,automatic,C,Other,dealer,16800
Seat,sedan,2025,10900,130,petrol,manual,C,Sevilla,dealer,21600
Citroën,compact,2024,21100,135,diesel,manual,C,Zaragoza,dealer,17850
Mazda,SUV,2021,66900,150,diesel,automatic,C,Barcelona,dealer,23000
Hyundai,city car,2023,58500,80,petrol,manual,C,Valencia,private,11500
Toyota,SUV,2011,206200,140,diesel,manual,B,Asturias,dealer,6700
BMW,city car,2020,83200,85,diesel,automatic,C,Málaga,private,11500
Dacia,sedan,2018,118200,150,diesel,manual,C,Baleares,dealer,7400
Seat,compact,2018,197000,100,petrol,automatic,C,Madrid,private,7100
Hyundai,compact,2017,148100,145,petrol,automatic,C,Valladolid,private,7300
Volvo,city car,2020,118600,105,hybrid,automatic,ECO,Madrid,private,11550
Dacia,sedan,2020,53900,175,hybrid,automatic,ECO,Valencia,dealer,10850
Dacia,SUV,2015,144500,145,hybrid,automatic,ECO,Other,dealer,6650
Opel,SUV,2010,386700,145,diesel,automatic,B,Barcelona,private,2850
BMW,sedan,2021,44400,180,petrol,automatic,C,Other,dealer,27900
Citroën,SUV,2018,141000,135,petrol,manual,C,Las Palmas,dealer,10100
Ford,SUV,2022,100000,125,hybrid,automatic,ECO,Sevilla,private,16100
Toyota,sedan,2024,19000,155,hybrid,manual,ECO,Other,dealer,30000
BMW,compact,2017,129100,185,petrol,automatic,C,Barcelona,dealer,12950
BMW,SUV,2017,47300,230,plug-in hybrid,automatic,0,Madrid,dealer,27700
Ford,compact,2024,26800,100,petrol,automatic,C,Other,dealer,18900
Volkswagen,MPV,2014,97300,145,petrol,automatic,C,Vizcaya,dealer,8800
Renault,sedan,2023,28300,135,diesel,automatic,C,Las Palmas,dealer,20900
Skoda,compact,2022,61600,100,petrol,manual,C,Other,dealer,13750
Toyota,compact,2019,114000,70,petrol,manual,C,Madrid,private,7400
Renault,SUV,2023,74900,160,hybrid,manual,ECO,Asturias,private,18100
Fiat,sedan,2018,68400,130,diesel,manual,C,Madrid,dealer,8300
Fiat,SUV,2022,43900,120,diesel,automatic,C,Baleares,private,13950
Renault,SUV,2025,14700,140,electric,automatic,0,Málaga,private,33900
Volkswagen,MPV,2025,10100,125,petrol,automatic,C,Zaragoza,private,27550
Kia,city car,2021,95500,90,electric,automatic,0,Madrid,dealer,9900
Hyundai,SUV,2014,188900,175,petrol,manual,C,Madrid,dealer,6500
Renault,sedan,2023,75500,120,petrol,manual,C,Other,dealer,12650
Peugeot,city car,2024,42100,80,hybrid,automatic,ECO,Other,private,13850
Skoda,SUV,2021,65200,155,diesel,manual,C,Other,dealer,17400
Renault,city car,2016,141600,75,diesel,automatic,C,Barcelona,dealer,4550
Dacia,city car,2023,24500,95,petrol,automatic,C,Valladolid,dealer,9200
Toyota,compact,2025,15500,130,diesel,automatic,C,Sevilla,dealer,26900
Opel,compact,2009,205100,115,diesel,manual,B,Other,dealer,2850
Citroën,compact,2021,53600,110,diesel,manual,C,Other,private,12600
Seat,SUV,2006,286000,140,petrol,automatic,C,Other,private,2900
Mercedes-Benz,SUV,2020,77400,220,petrol,manual,C,A Coruña,dealer,28500
Citroën,compact,2012,186600,145,diesel,automatic,B,Other,dealer,4700
Volkswagen,city car,2020,87000,60,petrol,manual,C,Valencia,dealer,10150
Opel,SUV,2025,20100,100,electric,automatic,0,Madrid,dealer,29150
Seat,compact,2019,100400,125,petrol,manual,C,Sevilla,dealer,10150
Renault,city car,2006,184600,65,diesel,manual,B,Other,private,1200
Kia,SUV,2021,77200,135,petrol,automatic,C,Barcelona,dealer,15000
Ford,city car,2017,83400,75,hybrid,manual,ECO,Alicante,private,4950
Citroën,compact,2021,105100,120,petrol,manual,C,Other,dealer,10300
Peugeot,SUV,2025,23400,135,diesel,automatic,C,Madrid,dealer,33050
Citroën,city car,2017,100600,75,hybrid,automatic,ECO,Barcelona,private,5000
Seat,compact,2021,76600,115,diesel,manual,C,Madrid,dealer,12600
Dacia,SUV,2024,20600,170,hybrid,automatic,ECO,Barcelona,dealer,18200
Renault,city car,2021,86000,95,electric,automatic,0,Madrid,private,9850
Skoda,SUV,2021,106600,140,petrol,automatic,C,Other,private,15800
Mercedes-Benz,sedan,2017,148800,180,plug-in hybrid,automatic,0,Barcelona,private,19450
Nissan,sedan,2023,37600,140,petrol,automatic,C,Madrid,dealer,19000
Volkswagen,compact,2019,126200,100,hybrid,manual,ECO,Vizcaya,dealer,12100
Dacia,SUV,2019,53200,105,plug-in hybrid,automatic,0,Barcelona,dealer,10050
Nissan,compact,2021,77000,125,diesel,automatic,C,Other,dealer,12300
Opel,compact,2014,122500,95,petrol,manual,C,Barcelona,dealer,4450
Volkswagen,compact,2017,150100,120,petrol,automatic,C,Other,private,7150
Nissan,city car,2025,18700,75,diesel,manual,C,Barcelona,dealer,21100
Mercedes-Benz,SUV,2018,177100,185,petrol,manual,C,Alicante,private,16100
Mazda,compact,2011,215500,95,diesel,manual,B,Sevilla,private,4250
Mercedes-Benz,city car,2014,166300,110,petrol,automatic,C,Madrid,dealer,6100
Kia,SUV,2015,195100,140,hybrid,automatic,ECO,Málaga,dealer,7450
Hyundai,city car,2015,253800,85,diesel,manual,C,Other,dealer,4100
Citroën,compact,2022,61500,120,petrol,automatic,C,Other,dealer,11300
Renault,city car,2019,108900,95,petrol,automatic,C,Madrid,dealer,7750
BMW,MPV,2015,158000,155,petrol,manual,C,Murcia,dealer,9250
Toyota,compact,2020,77500,140,plug-in hybrid,automatic,0,Other,private,15850
Seat,SUV,2016,92300,125,petrol,automatic,C,Zaragoza,private,8800
BMW,MPV,2023,57000,125,petrol,automatic,C,Other,private,20700
Mercedes-Benz,MPV,2019,91800,160,diesel,automatic,C,Madrid,private,21500
Volvo,city car,2025,16300,155,diesel,automatic,C,Sevilla,private,38700
Ford,sedan,2015,96400,150,hybrid,manual,ECO,Valencia,private,7050
Seat,SUV,2022,84200,150,hybrid,automatic,ECO,Málaga,private,18550
Citroën,city car,2021,69700,80,hybrid,automatic,ECO,Madrid,dealer,9150
Dacia,city car,2013,163000,70,diesel,automatic,B,Madrid,dealer,1950
Peugeot,compact,2020,97800,125,hybrid,automatic,ECO,Other,dealer,13250
Toyota,city car,2024,28900,100,diesel,automatic,C,Alicante,dealer,19100
Nissan,SUV,2024,13200,120,diesel,automatic,C,Zaragoza,private,25400
Opel,compact,2019,70400,180,petrol,automatic,C,Other,dealer,10950
BMW,city car,2022,67400,105,petrol,manual,C,Vizcaya,dealer,19200
Kia,compact,2014,117000,90,diesel,manual,B,Madrid,dealer,3850
Mazda,city car,2022,63600,90,hybrid,automatic,ECO,Madrid,dealer,13200
Toyota,SUV,2018,133000,130,petrol,automatic,C,Other,dealer,12700
Toyota,SUV,2022,72900,170,hybrid,automatic,ECO,Valencia,dealer,23450
Volkswagen,sedan,2025,11000,105,petrol,manual,C,Barcelona,dealer,25200
Hyundai,compact,2012,174200,130,petrol,manual,C,Other,dealer,4000
Seat,compact,2023,45900,120,petrol,manual,C,Other,private,14150
Toyota,SUV,2020,109000,100,diesel,automatic,C,Valencia,dealer,16100
Dacia,sedan,2008,323900,190,petrol,manual,C,Barcelona,dealer,2650
Citroën,SUV,2023,47100,145,petrol,manual,C,Murcia,private,18100
BMW,MPV,2019,136600,175,hybrid,automatic,ECO,Madrid,dealer,21900
Renault,compact,2020,72400,100,diesel,manual,C,Alicante,private,9000
Volkswagen,sedan,2024,35400,140,diesel,automatic,C,Other,dealer,29200
Mazda,compact,2020,73000,105,petrol,automatic,C,Málaga,private,10900
Volkswagen,city car,2006,259000,100,diesel,manual,B,Madrid,private,1750
Nissan,compact,2017,111800,120,petrol,manual,C,Other,dealer,8900
Ford,SUV,2006,420000,140,diesel,manual,B,Asturias,dealer,2850
Seat,compact,2015,133100,85,diesel,automatic,C,Other,private,5050
Seat,SUV,2025,11100,125,petrol,automatic,C,Navarra,dealer,26500
Peugeot,SUV,2025,10400,120,diesel,manual,C,Madrid,dealer,26450
Volkswagen,city car,2023,25600,80,diesel,manual,C,Alicante,dealer,13800
Audi,sedan,2021,79300,195,hybrid,automatic,ECO,Madrid,dealer,25800
Seat,SUV,2017,170800,145,petrol,automatic,C,Zaragoza,private,9600
Nissan,SUV,2021,97600,120,hybrid,automatic,ECO,Málaga,dealer,20600
Hyundai,SUV,2025,20500,170,diesel,automatic,C,Baleares,dealer,32050
Citroën,compact,2021,47700,90,diesel,automatic,C,Madrid,dealer,12200
Peugeot,SUV,2009,248300,100,petrol,manual,C,Madrid,dealer,3150
Peugeot,sedan,2006,290900,130,petrol,manual,C,Asturias,dealer,2600
Mercedes-Benz,city car,2016,176000,130,petrol,automatic,C,Barcelona,private,8200
Toyota,SUV,2013,374000,140,petrol,automatic,C,Other,dealer,7350
Seat,SUV,2018,99000,105,diesel,manual,C,Vizcaya,dealer,8200
Dacia,city car,2021,87000,75,petrol,automatic,C,Málaga,private,5050
Fiat,compact,2017,112100,80,petrol,manual,C,Madrid,private,5200
Volvo,compact,2015,190700,145,petrol,automatic,C,Madrid,dealer,7500
Fiat,city car,2020,93400,60,petrol,manual,C,A Coruña,private,5100
Ford,SUV,2024,32800,160,petrol,automatic,C,Other,dealer,33000
Nissan,sedan,2019,103700,205,diesel,automatic,C,Sevilla,dealer,18100
Peugeot,city car,2025,13400,90,petrol,manual,C,Madrid,dealer,14450
Fiat,SUV,2021,51300,115,hybrid,automatic,ECO,Barcelona,dealer,13700
Mazda,SUV,2020,159600,125,plug-in hybrid,manual,0,Las Palmas,dealer,15300
Audi,SUV,2018,107400,175,petrol,automatic,C,Other,private,16300
Ford,compact,2020,82500,130,hybrid,automatic,ECO,A Coruña,private,13200
Peugeot,city car,2018,108500,55,diesel,automatic,C,Other,dealer,6350
Skoda,sedan,2024,34700,160,plug-in hybrid,automatic,0,Valencia,dealer,35000
Seat,compact,2023,31100,125,hybrid,automatic,ECO,Madrid,private,18000
Ford,compact,2023,36600,100,hybrid,automatic,ECO,Sevilla,private,17400
Mercedes-Benz,compact,2021,120500,135,diesel,automatic,C,A Coruña,private,17400
Hyundai,sedan,2022,50000,190,petrol,automatic,C,Barcelona,private,16950
Opel,compact,2018,128800,110,diesel,manual,C,Madrid,dealer,6550
BMW,city car,2018,134200,100,diesel,automatic,C,Madrid,private,9900
Ford,city car,2018,66500,80,petrol,manual,C,Valencia,dealer,6200
Volkswagen,compact,2022,62800,135,petrol,automatic,C,Madrid,private,15550
Citroën,SUV,2023,73300,145,diesel,automatic,C,Other,private,16800
Hyundai,SUV,2021,108400,180,diesel,manual,C,Madrid,private,13850
Toyota,sedan,2019,110100,120,hybrid,automatic,ECO,Other,dealer,10900
Dacia,SUV,2013,222900,120,hybrid,automatic,ECO,A Coruña,dealer,4450
Audi,compact,2020,96200,130,hybrid,automatic,ECO,Valencia,dealer,23250
Kia,SUV,2024,34400,165,hybrid,automatic,ECO,Valencia,dealer,29750
Toyota,sedan,2017,126700,210,diesel,automatic,C,Sevilla,private,11250
Toyota,SUV,2025,9400,145,electric,automatic,0,Baleares,private,37800
Audi,MPV,2020,101400,150,hybrid,automatic,ECO,Other,dealer,21000
Seat,SUV,2019,67300,160,diesel,manual,C,Other,dealer,13500
Ford,city car,2007,190200,70,diesel,manual,B,Madrid,private,1300
Seat,SUV,2021,104100,150,petrol,manual,C,A Coruña,dealer,14900
Ford,sedan,2022,57800,135,diesel,automatic,C,Málaga,private,15850
Volvo,city car,2019,83500,120,petrol,automatic,C,Málaga,dealer,9150
Fiat,SUV,2022,67300,130,hybrid,automatic,ECO,Barcelona,private,14550
Audi,city car,2016,143500,90,petrol,automatic,C,Baleares,private,7350
Citroën,SUV,2022,111100,135,diesel,manual,C,Madrid,dealer,13500
Volkswagen,SUV,2022,70700,150,hybrid,automatic,ECO,Other,dealer,30050
Volkswagen,SUV,2023,39800,195,diesel,automatic,C,Las Palmas,private,36750
Toyota,city car,2023,42600,60,hybrid,manual,ECO,Other,private,11200
Seat,MPV,2020,101900,95,petrol,manual,C,Granada,dealer,9400
Toyota,SUV,2023,73300,105,petrol,automatic,C,Other,private,21350
Ford,SUV,2018,99700,145,hybrid,automatic,ECO,Alicante,dealer,14450
Fiat,compact,2013,188300,90,petrol,manual,C,Other,dealer,3200
Volkswagen,city car,2022,45800,90,diesel,automatic,C,Madrid,dealer,14300
Mazda,SUV,2014,141700,130,diesel,manual,B,Madrid,dealer,5550
Toyota,compact,2023,85900,100,diesel,manual,C,Sevilla,private,17450
Seat,SUV,2022,89000,120,petrol,manual,C,Barcelona,private,15400
Toyota,compact,2024,23000,85,hybrid,automatic,ECO,Zaragoza,dealer,20550
Renault,MPV,2023,54500,185,petrol,manual,C,Sevilla,private,18300
Ford,compact,2024,28700,110,diesel,manual,C,Valladolid,dealer,23250
Peugeot,city car,2023,42100,75,petrol,automatic,C,Other,dealer,11350
Mazda,compact,2021,125300,135,diesel,automatic,C,Las Palmas,dealer,15900
Volkswagen,city car,2023,49800,85,petrol,automatic,C,Other,dealer,15150
Citroën,SUV,2022,40200,145,petrol,manual,C,Other,dealer,18100
Hyundai,MPV,2022,62300,135,petrol,automatic,C,Granada,private,16250
Toyota,MPV,2018,118700,105,hybrid,automatic,ECO,Las Palmas,dealer,9950
Kia,city car,2017,82700,130,hybrid,manual,ECO,Barcelona,dealer,9300
Renault,SUV,2013,160100,110,petrol,automatic,C,Other,dealer,5100
Toyota,SUV,2018,241200,145,petrol,manual,C,Asturias,dealer,11600
Hyundai,sedan,2025,20400,125,electric,automatic,0,Other,dealer,31750
Volkswagen,compact,2025,14100,120,diesel,manual,C,Other,dealer,38550
Volvo,compact,2022,106800,185,diesel,automatic,C,Other,private,29050
Seat,city car,2018,126800,75,diesel,manual,C,Zaragoza,dealer,5700
Mercedes-Benz,MPV,2014,200100,150,petrol,automatic,C,Granada,dealer,7800
Toyota,city car,2024,27000,100,plug-in hybrid,automatic,0,Barcelona,private,18500
Renault,compact,2017,84300,200,hybrid,manual,ECO,Valencia,dealer,9850
Dacia,compact,2023,35600,200,diesel,manual,C,Other,dealer,15050
Citroën,compact,2024,29500,145,petrol,manual,C,Madrid,dealer,18900
Volkswagen,city car,2007,420000,85,petrol,manual,C,Barcelona,private,1800
BMW,SUV,2023,75600,210,hybrid,automatic,ECO,Other,private,46050
BMW,SUV,2022,94700,175,diesel,automatic,C,Barcelona,private,34200
Dacia,city car,2018,94900,95,petrol,manual,C,Valencia,dealer,4150
Toyota,city car,2011,102200,105,diesel,manual,B,Valencia,private,3850
Opel,sedan,2023,51100,165,hybrid,automatic,ECO,Barcelona,dealer,18750
Nissan,SUV,2006,208200,105,petrol,manual,C,Other,private,2350
Mercedes-Benz,sedan,2008,280000,285,petrol,automatic,C,Sevilla,private,3850
Volkswagen,SUV,2020,136700,145,diesel,automatic,C,Other,private,19350
Skoda,compact,2016,158700,160,petrol,manual,C,Granada,private,7400
Peugeot,SUV,2021,86900,180,petrol,automatic,C,Other,private,16550
Fiat,city car,2017,107700,80,diesel,automatic,C,Other,dealer,4350
Citroën,sedan,2020,135100,145,petrol,automatic,C,Madrid,private,11900
Mercedes-Benz,city car,2015,351800,75,diesel,automatic,C,Navarra,private,5150
Mercedes-Benz,sedan,2022,68800,195,diesel,automatic,C,Baleares,dealer,44900
Seat,compact,2022,76600,115,electric,automatic,0,Baleares,dealer,15650
Volkswagen,compact,2021,172600,120,petrol,automatic,C,Baleares,dealer,15700
Toyota,SUV,2011,211700,150,diesel,manual,B,Málaga,dealer,5600
Citroën,SUV,2006,420000,140,diesel,manual,B,Other,dealer,2750
Citroën,sedan,2023,38600,175,petrol,manual,C,Other,private,17800
Toyota,compact,2019,75600,100,diesel,automatic,C,Barcelona,private,9900
Nissan,compact,2024,52200,95,hybrid,automatic,ECO,Murcia,dealer,16000
Ford,city car,2014,145300,85,diesel,automatic,B,Málaga,dealer,3650
Nissan,SUV,2015,108800,180,diesel,automatic,C,A Coruña,private,9350
Peugeot,compact,2012,126200,105,diesel,automatic,B,Other,dealer,4100
BMW,MPV,2025,14500,170,plug-in hybrid,automatic,0,Other,dealer,70800
Citroën,SUV,2018,96500,125,diesel,automatic,C,Alicante,private,9250
Dacia,SUV,2023,31500,220,hybrid,automatic,ECO,Sevilla,dealer,20600
Toyota,compact,2021,59400,135,petrol,manual,C,Madrid,dealer,13950
Ford,compact,2023,46800,105,diesel,automatic,C,Madrid,dealer,16600
Kia,sedan,2016,153300,160,petrol,manual,C,Other,dealer,8950
BMW,compact,2021,139300,165,diesel,automatic,C,Baleares,dealer,19500
Dacia,MPV,2021,76100,140,hybrid,automatic,ECO,Asturias,private,9100
Nissan,city car,2021,87800,75,petrol,automatic,C,A Coruña,dealer,9050
Mercedes-Benz,SUV,2024,21600,170,petrol,automatic,C,Other,dealer,54950
Hyundai,compact,2023,35400,85,diesel,manual,C,Madrid,dealer,15150
Seat,city car,2019,109700,70,petrol,automatic,C,Other,private,6550
Mazda,SUV,2022,88700,145,petrol,automatic,C,Madrid,private,22700
Mazda,SUV,2024,23800,125,hybrid,automatic,ECO,Las Palmas,private,27750
Hyundai,city car,2023,30100,80,petrol,automatic,C,A Coruña,dealer,9950
Toyota,city car,2024,29800,95,petrol,automatic,C,Valencia,private,17050
Audi,sedan,2016,329800,180,petrol,automatic,C,Other,dealer,10450
Peugeot,sedan,2025,21500,175,petrol,manual,C,Barcelona,dealer,21400
Ford,SUV,2021,53500,180,hybrid,automatic,ECO,Baleares,dealer,17600
Kia,compact,2020,84400,125,petrol,automatic,C,Barcelona,dealer,10900
Renault,MPV,2024,27400,155,hybrid,automatic,ECO,Zaragoza,dealer,25850
Citroën,city car,2023,55800,85,hybrid,manual,ECO,Madrid,dealer,12650
Dacia,MPV,2020,58000,180,petrol,manual,C,Other,dealer,8500
Toyota,city car,2015,185800,95,hybrid,automatic,ECO,Vizcaya,dealer,7000
Mazda,SUV,2018,111600,145,diesel,manual,C,Las Palmas,dealer,14850
Volkswagen,city car,2024,18500,65,petrol,automatic,C,Madrid,private,13650
Peugeot,city car,2019,128700,90,diesel,automatic,C,Other,dealer,7550
Peugeot,sedan,2022,78300,170,plug-in hybrid,automatic,0,Barcelona,private,23700
Toyota,compact,2023,57500,100,diesel,manual,C,Sevilla,dealer,15700
Mercedes-Benz,compact,2025,22500,135,diesel,automatic,C,Las Palmas,private,39200
Citroën,SUV,2024,26800,135,petrol,automatic,C,Valencia,dealer,29850
Kia,SUV,2023,38200,125,petrol,manual,C,Other,dealer,20350
Opel,sedan,2024,31100,155,petrol,automatic,C,Other,dealer,26950
Mercedes-Benz,compact,2023,49100,130,hybrid,automatic,ECO,Madrid,dealer,33000
Audi,SUV,2015,159500,180,petrol,automatic,C,Other,dealer,9350
Volkswagen,sedan,2022,55700,165,petrol,manual,C,Madrid,private,18250
Renault,city car,2023,29500,90,diesel,manual,C,Vizcaya,private,8900
Toyota,SUV,2018,98900,130,hybrid,automatic,ECO,Other,dealer,17200
Ford,compact,2022,98700,75,hybrid,automatic,ECO,Other,private,10400
Mercedes-Benz,city car,2017,101900,110,hybrid,automatic,ECO,Baleares,dealer,9600
Seat,city car,2024,55300,90,petrol,manual,C,Valencia,dealer,13750
Renault,MPV,2020,95900,160,hybrid,automatic,ECO,Barcelona,dealer,13300
BMW,sedan,2025,18600,130,petrol,automatic,C,Zaragoza,dealer,45600
Opel,compact,2021,82000,105,petrol,automatic,C,Granada,dealer,11250
Volkswagen,city car,2014,187400,105,diesel,automatic,B,Other,dealer,5600
BMW,SUV,2015,112500,175,diesel,automatic,C,Barcelona,dealer,13450
Peugeot,city car,2017,119900,60,hybrid,automatic,ECO,Other,dealer,5600
Ford,MPV,2020,81100,135,petrol,automatic,C,Barcelona,dealer,10950
Kia,SUV,2018,92200,145,hybrid,automatic,ECO,Granada,dealer,12900
Renault,sedan,2022,74800,160,diesel,automatic,C,Madrid,dealer,20450
Mercedes-Benz,SUV,2019,60500,150,diesel,automatic,C,Granada,private,19250
Dacia,compact,2025,11600,100,hybrid,automatic,ECO,Sevilla,dealer,14450
Mercedes-Benz,compact,2013,178200,185,diesel,automatic,B,Las Palmas,dealer,9150
Peugeot,sedan,2022,66200,140,diesel,manual,C,Baleares,dealer,18400
Audi,city car,2021,60100,105,hybrid,manual,ECO,Zaragoza,dealer,19400
Hyundai,compact,2018,69300,125,hybrid,manual,ECO,Other,private,10100
Fiat,SUV,2019,93400,135,hybrid,automatic,ECO,Other,dealer,9400
Hyundai,SUV,2020,71400,130,petrol,automatic,C,Madrid,dealer,14000
Ford,sedan,2022,151000,195,petrol,automatic,C,Alicante,private,19300
Opel,SUV,2023,30900,170,petrol,manual,C,Other,private,19600
BMW,compact,2022,47500,145,hybrid,automatic,ECO,Las Palmas,dealer,30200
Volkswagen,sedan,2021,41300,135,hybrid,automatic,ECO,Other,private,19850
Audi,city car,2024,17400,130,diesel,automatic,C,Vizcaya,private,27650
Seat,city car,2021,61800,80,hybrid,automatic,ECO,Barcelona,private,8500
Renault,compact,2020,117400,110,plug-in hybrid,automatic,0,Murcia,dealer,12800
Toyota,SUV,2024,21000,135,hybrid,automatic,ECO,Other,dealer,33650
Kia,city car,2016,160500,85,hybrid,automatic,ECO,Other,dealer,5600
Citroën,city car,2024,16900,95,plug-in hybrid,automatic,0,Other,dealer,17600
Volkswagen,city car,2006,204000,85,petrol,manual,C,Barcelona,dealer,1750
Dacia,compact,2018,50300,85,petrol,manual,C,Barcelona,private,4500
Citroën,compact,2014,184200,150,petrol,manual,C,Zaragoza,dealer,5400
Citroën,compact,2019,144500,115,diesel,automatic,C,Málaga,dealer,10100
Kia,SUV,2020,54000,130,diesel,manual,C,Barcelona,private,14500
BMW,compact,2024,32200,170,plug-in hybrid,automatic,0,Madrid,private,44300
Renault,compact,2021,40900,120,electric,automatic,0,Madrid,private,12250
Nissan,SUV,2015,173900,120,diesel,manual,C,Madrid,dealer,6700
Kia,SUV,2013,228800,175,diesel,automatic,B,Alicante,private,8200
BMW,city car,2006,129700,125,petrol,manual,C,Sevilla,dealer,2050
Audi,city car,2014,203800,90,petrol,automatic,C,Madrid,private,5150
Skoda,sedan,2023,57400,140,hybrid,automatic,ECO,Other,dealer,22750
Ford,compact,2019,77200,115,diesel,automatic,C,Valencia,dealer,9950
Renault,city car,2023,48900,105,hybrid,manual,ECO,Other,dealer,11000
Audi,SUV,2013,190700,215,diesel,automatic,B,Alicante,dealer,8700
Hyundai,compact,2020,151000,135,electric,automatic,0,Alicante,dealer,11350
BMW,sedan,2018,84000,185,petrol,automatic,C,Alicante,dealer,19950
Hyundai,city car,2025,14100,90,hybrid,automatic,ECO,Other,dealer,19800
Audi,SUV,2025,26800,175,petrol,automatic,C,Málaga,private,50500
Citroën,SUV,2023,47300,140,diesel,automatic,C,Málaga,dealer,22100
Volkswagen,compact,2017,92300,75,diesel,manual,C,Málaga,dealer,8700
Skoda,sedan,2007,420000,155,petrol,manual,C,Zaragoza,dealer,2850
Hyundai,sedan,2015,198700,170,petrol,manual,C,Madrid,private,6400
Peugeot,sedan,2025,19100,160,diesel,automatic,C,Madrid,dealer,26150
Audi,city car,2022,81100,95,petrol,manual,C,Other,dealer,17450
Ford,compact,2021,95800,120,plug-in hybrid,automatic,0,Barcelona,dealer,17650
Citroën,compact,2018,86300,95,petrol,automatic,C,Vizcaya,private,6750
Hyundai,SUV,2014,121500,105,petrol,manual,C,Málaga,dealer,6300
Volkswagen,city car,2015,105700,105,hybrid,manual,ECO,Madrid,dealer,6000
Nissan,compact,2024,28800,110,hybrid,automatic,ECO,Asturias,dealer,19300
Kia,SUV,2021,84500,115,petrol,manual,C,Vizcaya,dealer,13000
Peugeot,compact,2016,135600,115,petrol,manual,C,Madrid,private,6250
Seat,city car,2019,92900,70,petrol,manual,C,Madrid,dealer,6500
Kia,city car,2019,108500,80,diesel,manual,C,Granada,private,6800
Seat,sedan,2021,62100,145,petrol,automatic,C,Madrid,private,15450
Mazda,SUV,2022,55600,145,petrol,manual,C,Other,private,20450
Mercedes-Benz,city car,2017,106700,105,plug-in hybrid,automatic,0,Alicante,dealer,10800
Audi,SUV,2007,320600,185,diesel,automatic,B,Other,dealer,3650
Volvo,compact,2025,14500,160,diesel,automatic,C,Sevilla,dealer,48100
Toyota,SUV,2020,65700,145,hybrid,automatic,ECO,Other,dealer,17250
Seat,sedan,2021,47300,175,petrol,manual,C,Other,dealer,17350
Peugeot,SUV,2016,174000,185,hybrid,automatic,ECO,Barcelona,private,8800
Peugeot,city car,2023,31800,75,diesel,automatic,C,Madrid,dealer,13450
Kia,compact,2021,75500,175,petrol,manual,C,Madrid,dealer,14700
BMW,SUV,2025,8900,190,petrol,automatic,C,Barcelona,private,65300
Citroën,SUV,2019,111800,155,diesel,automatic,C,Baleares,private,12900
Citroën,SUV,2022,60300,150,diesel,manual,C,Zaragoza,private,16500
Opel,SUV,2011,242200,115,petrol,automatic,C,Madrid,dealer,3750
Seat,compact,2019,130300,135,diesel,automatic,C,Madrid,dealer,10600
Kia,sedan,2012,244300,135,petrol,automatic,C,Málaga,dealer,5900
Citroën,compact,2023,34600,90,diesel,automatic,C,Madrid,private,14400
Mazda,city car,2024,32700,80,hybrid,automatic,ECO,Valencia,dealer,17600
Toyota,compact,2008,249800,100,petrol,manual,C,Sevilla,dealer,3200
Seat,compact,2017,131000,145,diesel,manual,C,Madrid,private,6300
Kia,compact,2022,34800,130,hybrid,automatic,ECO,Other,dealer,18000
Fiat,city car,2013,103300,65,diesel,manual,B,Other,dealer,2700
Kia,compact,2020,95000,100,hybrid,automatic,ECO,Valencia,dealer,11000
Renault,SUV,2019,147100,165,petrol,automatic,C,Other,private,12750
Volkswagen,MPV,2023,37800,145,petrol,manual,C,Barcelona,dealer,25500
Fiat,compact,2019,99800,125,diesel,automatic,C,Madrid,private,9100
Opel,compact,2022,98100,90,diesel,automatic,C,Navarra,private,9500
Mercedes-Benz,compact,2016,154200,185,diesel,automatic,C,Valencia,dealer,11300
Toyota,compact,2018,127100,125,petrol,manual,C,Madrid,private,8550
Dacia,SUV,2019,54800,120,diesel,manual,C,Barcelona,private,7650
Audi,city car,2018,136000,115,diesel,automatic,C,Other,dealer,12100
Ford,city car,2021,110500,90,diesel,automatic,C,Madrid,dealer,11700
Citroën,city car,2012,121500,80,petrol,automatic,C,Other,private,2850
Peugeot,compact,2024,25000,115,hybrid,manual,ECO,Granada,dealer,24250
Audi,compact,2024,29200,135,petrol,automatic,C,Madrid,dealer,35700
Volkswagen,SUV,2025,12900,150,hybrid,automatic,ECO,Alicante,dealer,39000
Skoda,sedan,2024,26100,155,hybrid,manual,ECO,Valencia,dealer,23100
Seat,city car,2011,172400,60,diesel,manual,B,Other,dealer,2350
Mercedes-Benz,sedan,2024,16800,170,petrol,manual,C,Other,dealer,49450
Fiat,compact,2022,75800,135,plug-in hybrid,manual,0,Madrid,dealer,13100
Volkswagen,SUV,2024,36900,170,petrol,automatic,C,Other,dealer,33050
Seat,MPV,2022,86800,155,diesel,automatic,C,A Coruña,dealer,19200
Audi,city car,2023,43100,90,petrol,automatic,C,Granada,dealer,19550
Peugeot,SUV,2021,67200,135,diesel,automatic,C,Other,private,17650
Kia,sedan,2025,9900,165,petrol,automatic,C,Other,dealer,35650
Skoda,sedan,2015,182600,185,diesel,automatic,C,Other,dealer,9450
Skoda,SUV,2020,109200,145,plug-in hybrid,automatic,0,Barcelona,private,17350
Audi,compact,2024,24000,175,diesel,automatic,C,Madrid,dealer,48800
Mercedes-Benz,compact,2020,58400,185,petrol,automatic,C,Baleares,private,25300
Seat,city car,2018,150400,100,diesel,manual,C,Valencia,dealer,6750
Seat,sedan,2019,75000,155,hybrid,automatic,ECO,Sevilla,dealer,14550
Hyundai,compact,2024,24700,120,petrol,manual,C,Madrid,dealer,17550
Volkswagen,compact,2024,20900,115,petrol,manual,C,Madrid,dealer,22450
Opel,MPV,2024,32000,130,diesel,automatic,C,Other,private,17900
Seat,compact,2017,75800,145,petrol,automatic,C,Barcelona,dealer,9100
Fiat,sedan,2017,115000,115,diesel,automatic,C,Other,dealer,5850
Skoda,SUV,2021,43300,160,diesel,automatic,C,Granada,private,19950
Toyota,compact,2018,239500,115,hybrid,automatic,ECO,Baleares,dealer,9300
Opel,city car,2021,43700,100,diesel,automatic,C,Other,dealer,8100
Kia,SUV,2016,226600,140,petrol,automatic,C,Navarra,private,8000
Volkswagen,city car,2017,146200,75,petrol,manual,C,Madrid,private,6250
Fiat,MPV,2022,36300,135,hybrid,automatic,ECO,Madrid,dealer,14600
Ford,SUV,2024,29100,125,petrol,automatic,C,Madrid,dealer,22800
Skoda,MPV,2021,63400,110,petrol,automatic,C,Other,dealer,12350
Peugeot,compact,2016,144500,85,petrol,automatic,C,Madrid,private,5950
Citroën,SUV,2019,66300,165,petrol,manual,C,Granada,dealer,11000
Citroën,compact,2018,86300,105,diesel,automatic,C,Other,private,8250
Ford,compact,2016,164500,135,petrol,manual,C,Murcia,dealer,6600
Citroën,SUV,2019,124500,160,petrol,automatic,C,Other,private,11600
Nissan,city car,2019,197000,100,hybrid,automatic,ECO,Other,dealer,9600
Kia,SUV,2019,96000,150,diesel,automatic,C,Barcelona,dealer,14900
Volkswagen,SUV,2016,116000,130,petrol,automatic,C,Other,dealer,10700
Audi,MPV,2019,200300,165,petrol,automatic,C,Other,dealer,15400
Skoda,SUV,2019,93300,140,petrol,automatic,C,Other,dealer,12000
Audi,SUV,2013,251000,210,petrol,automatic,C,Barcelona,private,7400
Mercedes-Benz,sedan,2021,223500,175,petrol,automatic,C,Murcia,private,21150
Volkswagen,sedan,2025,12700,190,petrol,manual,C,Murcia,private,29600
Citroën,SUV,2023,55000,140,electric,automatic,0,Murcia,dealer,21900
Kia,sedan,2016,191900,140,petrol,automatic,C,Other,dealer,8250
Peugeot,SUV,2022,84200,145,diesel,automatic,C,Madrid,private,18450
Peugeot,compact,2022,57700,110,diesel,manual,C,Málaga,private,13250
BMW,SUV,2020,85100,165,petrol,automatic,C,A Coruña,private,22700
Nissan,compact,2021,52200,140,diesel,manual,C,Other,dealer,15250
Opel,SUV,2009,222100,140,diesel,automatic,B,Murcia,dealer,3650
Nissan,SUV,2024,30800,150,electric,automatic,0,Navarra,private,30400
Seat,SUV,2016,199400,155,diesel,manual,C,Other,private,7300
Audi,SUV,2023,48300,165,petrol,automatic,C,Madrid,dealer,33550
Nissan,city car,2020,51700,85,diesel,manual,C,Other,private,8750
Dacia,sedan,2021,68600,165,plug-in hybrid,automatic,0,Valencia,dealer,16650
Skoda,city car,2006,302900,65,hybrid,automatic,ECO,Madrid,dealer,1500
Peugeot,sedan,2014,225800,135,diesel,manual,B,Barcelona,dealer,4600
BMW,compact,2014,294000,150,diesel,automatic,B,Murcia,dealer,7000
BMW,compact,2017,131900,180,petrol,automatic,C,Barcelona,dealer,13950
Citroën,compact,2017,89300,110,diesel,automatic,C,Sevilla,dealer,8050
Mazda,SUV,2019,92300,210,petrol,automatic,C,Alicante,private,16950
Seat,compact,2016,79000,120,petrol,manual,C,Murcia,dealer,6350
Kia,SUV,2023,55800,120,hybrid,automatic,ECO,Vizcaya,private,19600
Mercedes-Benz,MPV,2021,45300,190,diesel,automatic,C,Asturias,dealer,38550
Dacia,city car,2025,16200,70,plug-in hybrid,automatic,0,Madrid,private,9800
Hyundai,sedan,2022,30200,165,petrol,automatic,C,Murcia,dealer,18800
Opel,compact,2018,118600,130,petrol,manual,C,Navarra,dealer,8550
Dacia,city car,2018,71400,80,diesel,automatic,C,Other,dealer,4550
Peugeot,city car,2020,40400,95,petrol,automatic,C,Las Palmas,private,9450
BMW,SUV,2017,83600,225,hybrid,automatic,ECO,Barcelona,private,21750
Peugeot,city car,2020,130800,70,hybrid,automatic,ECO,Barcelona,private,7500
Citroën,SUV,2022,73300,210,hybrid,automatic,ECO,Valencia,dealer,23100
Toyota,compact,2023,31000,115,hybrid,automatic,ECO,Valencia,dealer,23250
Volkswagen,MPV,2020,81800,145,plug-in hybrid,automatic,0,Málaga,private,15400
Citroën,SUV,2022,49500,160,petrol,automatic,C,Madrid,private,19100
Volkswagen,city car,2016,152100,75,diesel,automatic,C,Other,private,4250
Mercedes-Benz,sedan,2025,8600,225,petrol,automatic,C,Barcelona,dealer,67800
Audi,SUV,2017,109500,180,plug-in hybrid,automatic,0,Sevilla,dealer,23600
Tesla,SUV,2017,213300,180,electric,automatic,0,Barcelona,dealer,14200
Mazda,SUV,2018,69000,190,petrol,automatic,C,Barcelona,dealer,18750
Peugeot,sedan,2017,114800,175,petrol,manual,C,Madrid,dealer,8050
Peugeot,compact,2011,376300,155,petrol,automatic,C,Baleares,dealer,4600
Fiat,compact,2019,93400,115,diesel,automatic,C,Valencia,dealer,7750
Seat,SUV,2015,420000,105,petrol,manual,C,Barcelona,dealer,5000
Tesla,SUV,2017,145900,215,electric,automatic,0,Other,private,16750
Audi,sedan,2022,76800,195,petrol,automatic,C,Valencia,private,30300
Toyota,city car,2014,328800,100,diesel,manual,B,Other,dealer,5650
Peugeot,compact,2007,208100,115,petrol,manual,C,Other,dealer,2150
Opel,MPV,2017,159700,130,diesel,manual,C,Barcelona,private,7150
Seat,SUV,2023,40000,140,hybrid,automatic,ECO,Asturias,private,20850
Mercedes-Benz,SUV,2022,72100,135,diesel,automatic,C,Madrid,dealer,32000
Volkswagen,compact,2017,161900,145,hybrid,automatic,ECO,Madrid,dealer,10500
Mazda,SUV,2020,68100,170,hybrid,automatic,ECO,Barcelona,private,26000
Peugeot,compact,2021,77900,140,diesel,automatic,C,Valencia,dealer,14700
Kia,compact,2023,86900,130,petrol,automatic,C,Madrid,private,15750
BMW,compact,2006,420000,155,diesel,automatic,B,Valladolid,dealer,2350
Dacia,MPV,2019,105800,175,diesel,manual,C,Madrid,dealer,8750
Kia,compact,2022,63100,85,diesel,manual,C,Valencia,dealer,11550
Toyota,compact,2024,35700,110,petrol,automatic,C,Other,dealer,20100
Nissan,SUV,2017,165300,155,diesel,manual,C,Other,private,8850
Dacia,compact,2015,105300,120,diesel,manual,C,Other,dealer,3650
BMW,compact,2010,274600,160,petrol,automatic,C,Sevilla,dealer,4850
Nissan,sedan,2009,309900,110,diesel,automatic,B,Málaga,dealer,2650
Peugeot,compact,2018,165800,130,plug-in hybrid,automatic,0,Sevilla,private,8250
Dacia,city car,2006,264700,75,petrol,automatic,C,Las Palmas,dealer,950
Dacia,MPV,2019,94200,135,petrol,automatic,C,Other,private,7600
Renault,city car,2022,49400,90,petrol,automatic,C,Other,dealer,10450
Mercedes-Benz,compact,2016,219300,210,petrol,manual,C,Madrid,dealer,10950
Hyundai,city car,2017,180000,75,petrol,automatic,C,Alicante,private,4800
Toyota,city car,2017,123300,85,diesel,manual,C,Barcelona,private,5400
Volkswagen,compact,2019,136500,125,diesel,manual,C,Sevilla,private,12950
Renault,compact,2022,48200,110,plug-in hybrid,automatic,0,Valladolid,dealer,19900
Ford,city car,2015,182200,80,petrol,automatic,C,Murcia,dealer,4400
Skoda,compact,2021,105500,135,plug-in hybrid,automatic,0,Other,private,17450
Volkswagen,compact,2020,55400,110,electric,automatic,0,Madrid,dealer,13200
BMW,city car,2012,276600,90,diesel,automatic,B,A Coruña,dealer,3500
Fiat,SUV,2020,83400,145,petrol,manual,C,Valencia,private,11000
Mercedes-Benz,SUV,2020,81200,150,petrol,automatic,C,Alicante,dealer,33400
BMW,compact,2024,57900,160,petrol,automatic,C,Alicante,dealer,39300
Kia,SUV,2018,215100,135,petrol,manual,C,Madrid,dealer,9650
Hyundai,MPV,2015,167700,130,petrol,automatic,C,Barcelona,dealer,6900
Renault,sedan,2019,150000,160,diesel,automatic,C,Murcia,dealer,11450
Citroën,sedan,2018,138800,185,petrol,automatic,C,Valencia,private,10000
Hyundai,city car,2024,46000,65,hybrid,automatic,ECO,Valladolid,private,11650
Renault,compact,2022,75800,105,petrol,automatic,C,Other,dealer,12300
BMW,compact,2021,88100,155,petrol,automatic,C,Asturias,private,22200
Peugeot,compact,2014,120700,120,hybrid,automatic,ECO,Vizcaya,dealer,6800
Ford,SUV,2023,59300,145,hybrid,automatic,ECO,Other,private,24900
Seat,city car,2020,102300,75,petrol,manual,C,Zaragoza,dealer,6400
Peugeot,SUV,2021,63600,165,petrol,manual,C,Other,dealer,17950
Citroën,compact,2020,112300,75,diesel,automatic,C,Other,dealer,8150
Citroën,compact,2022,84800,120,hybrid,automatic,ECO,Sevilla,private,14250
Peugeot,city car,2013,230600,65,diesel,automatic,B,Other,dealer,3250
BMW,compact,2023,51700,125,petrol,automatic,C,Madrid,private,27600
BMW,compact,2018,148800,130,petrol,automatic,C,Alicante,dealer,11800
Hyundai,sedan,2009,213800,195,petrol,manual,C,Other,dealer,3950
Dacia,SUV,2021,105600,155,plug-in hybrid,automatic,0,Madrid,dealer,14550
Renault,SUV,2017,96100,155,hybrid,automatic,ECO,Málaga,dealer,12400
Citroën,compact,2019,156200,130,petrol,automatic,C,Valencia,private,7700
Volkswagen,compact,2021,106200,105,petrol,manual,C,Zaragoza,dealer,12500
Opel,compact,2012,260800,120,petrol,automatic,C,Madrid,dealer,3600
Citroën,sedan,2015,82300,130,diesel,automatic,C,Asturias,dealer,8150
Mazda,sedan,2024,30300,120,hybrid,automatic,ECO,Other,dealer,27050
Mercedes-Benz,compact,2018,66500,130,diesel,automatic,C,Alicante,dealer,14850
Seat,sedan,2015,276700,175,diesel,manual,C,Madrid,dealer,9150
Seat,city car,2023,61700,90,plug-in hybrid,automatic,0,Sevilla,dealer,15950
Peugeot,city car,2006,147700,95,diesel,manual,B,Las Palmas,private,1650
Ford,compact,2022,55100,130,diesel,automatic,C,Barcelona,private,15000
Renault,city car,2015,211500,85,petrol,automatic,C,Barcelona,dealer,3050
Seat,compact,2024,42800,110,petrol,automatic,C,Barcelona,private,16400
Toyota,compact,2024,20900,155,petrol,manual,C,Barcelona,dealer,23750
Seat,compact,2017,153400,105,diesel,manual,C,Madrid,dealer,7200
Ford,SUV,2017,261900,145,petrol,manual,C,Valencia,dealer,9100
Kia,city car,2025,27300,80,hybrid,automatic,ECO,Murcia,private,15550
Kia,city car,2016,205400,60,petrol,automatic,C,Other,private,3900
Opel,SUV,2023,48600,180,petrol,automatic,C,A Coruña,dealer,25100
Mercedes-Benz,SUV,2014,204300,220,petrol,automatic,C,Valencia,dealer,11000
Volkswagen,compact,2018,137700,115,hybrid,automatic,ECO,Other,dealer,10750
Seat,MPV,2025,9400,160,diesel,automatic,C,Barcelona,dealer,26750
Opel,compact,2019,108200,115,hybrid,automatic,ECO,Madrid,dealer,9850
Hyundai,compact,2021,57600,85,petrol,manual,C,Other,dealer,9450
Audi,city car,2020,48100,110,petrol,automatic,C,Other,dealer,13400
Renault,city car,2024,35700,80,diesel,manual,C,Valencia,dealer,12550
BMW,city car,2023,22200,100,petrol,automatic,C,Other,private,22900
Kia,city car,2011,354000,70,diesel,manual,B,Valencia,dealer,2100
Volkswagen,compact,2013,166200,120,diesel,manual,B,Other,dealer,5750
Opel,SUV,2021,125800,150,hybrid,automatic,ECO,Madrid,dealer,16550
Seat,sedan,2021,76800,200,hybrid,automatic,ECO,Other,dealer,18700
Opel,city car,2013,212200,110,diesel,manual,B,Alicante,dealer,3750
Renault,compact,2024,55800,170,diesel,automatic,C,Madrid,private,21550
Audi,SUV,2012,177300,175,diesel,automatic,B,Other,dealer,6850
Mercedes-Benz,SUV,2012,236500,190,diesel,automatic,B,Other,private,8300
Skoda,SUV,2024,54800,140,petrol,automatic,C,Other,dealer,25300
Hyundai,compact,2021,103100,100,petrol,manual,C,Baleares,private,11150
Seat,sedan,2017,145700,135,petrol,automatic,C,Valladolid,dealer,8600
Volkswagen,city car,2023,43100,95,petrol,automatic,C,Other,dealer,16250
Seat,city car,2021,85700,95,petrol,automatic,C,Zaragoza,dealer,8100
Kia,MPV,2023,23300,125,diesel,automatic,C,Asturias,dealer,25850
Renault,sedan,2023,42300,125,hybrid,automatic,ECO,Las Palmas,dealer,20650
Renault,city car,2025,9600,95,hybrid,automatic,ECO,Baleares,dealer,18300
Volkswagen,compact,2014,123600,85,petrol,manual,C,Asturias,private,4400
Volkswagen,compact,2018,185200,135,hybrid,automatic,ECO,Zaragoza,private,10100
Kia,compact,2016,100600,100,hybrid,automatic,ECO,Other,private,6550
Kia,SUV,2023,36200,150,petrol,automatic,C,Other,dealer,25850
Peugeot,SUV,2015,196800,135,hybrid,automatic,ECO,Other,dealer,8050
Skoda,sedan,2020,85200,140,diesel,automatic,C,Granada,dealer,14750
Seat,SUV,2021,103200,105,plug-in hybrid,automatic,0,Madrid,private,14600
Skoda,city car,2021,96100,95,diesel,automatic,C,Barcelona,dealer,9950
Tesla,SUV,2017,106900,150,electric,automatic,0,Barcelona,dealer,13150
Seat,compact,2020,71900,105,petrol,automatic,C,Baleares,private,10050
Volkswagen,compact,2006,281600,110,petrol,manual,C,Other,dealer,2450
Fiat,city car,2025,15000,65,petrol,automatic,C,Sevilla,dealer,9950
Mercedes-Benz,sedan,2023,27100,185,petrol,automatic,C,Valencia,dealer,40300
Renault,sedan,2024,56700,95,petrol,automatic,C,Other,dealer,14600
Ford,MPV,2024,28700,135,diesel,automatic,C,Navarra,private,18650
Seat,city car,2023,41300,65,petrol,manual,C,Alicante,dealer,11300
Hyundai,SUV,2013,233000,120,petrol,automatic,C,Alicante,dealer,6450
Volkswagen,SUV,2017,94300,145,diesel,automatic,C,Other,dealer,13850
Volkswagen,city car,2023,25500,60,hybrid,automatic,ECO,Other,dealer,14250
Seat,SUV,2018,136500,135,electric,automatic,0,Other,private,8600
Audi,compact,2022,78400,140,hybrid,automatic,ECO,Murcia,dealer,27950
Volkswagen,city car,2022,76200,70,diesel,automatic,C,Other,dealer,11700
Citroën,SUV,2023,33500,115,petrol,automatic,C,Other,dealer,18350
Audi,city car,2015,218000,105,diesel,automatic,C,Alicante,dealer,6350
Skoda,compact,2022,63800,130,diesel,manual,C,Zaragoza,dealer,17050
Toyota,compact,2017,151000,105,hybrid,automatic,ECO,Other,private,8550
Toyota,SUV,2020,100800,140,hybrid,automatic,ECO,Barcelona,dealer,16950
Dacia,compact,2024,24500,90,hybrid,automatic,ECO,Other,private,9450
Toyota,city car,2020,85100,80,plug-in hybrid,automatic,0,Other,dealer,13200
Tesla,sedan,2025,21200,230,electric,automatic,0,Barcelona,private,88550
Seat,compact,2019,103200,115,diesel,manual,C,Other,dealer,10900
Ford,sedan,2022,72000,145,diesel,manual,C,Madrid,private,18450
Volkswagen,SUV,2012,238000,150,diesel,manual,B,Las Palmas,dealer,5850
Citroën,sedan,2017,139700,175,diesel,manual,C,Other,private,8050
Citroën,sedan,2023,79900,150,plug-in hybrid,manual,0,Other,private,21900
Dacia,compact,2013,157700,145,diesel,automatic,B,Barcelona,dealer,2650
Fiat,city car,2015,166100,60,petrol,manual,C,Other,private,3150
Peugeot,city car,2015,202400,80,diesel,manual,C,Madrid,private,3850
Hyundai,sedan,2021,84700,145,petrol,manual,C,Barcelona,private,13750
Hyundai,compact,2022,36300,100,petrol,manual,C,Other,private,13050
Fiat,SUV,2020,77800,80,plug-in hybrid,automatic,0,Madrid,private,9500
Seat,city car,2017,163600,80,petrol,manual,C,Madrid,private,4150
Ford,SUV,2013,146900,110,diesel,manual,B,Other,dealer,5500
Seat,compact,2022,54800,130,petrol,manual,C,Vizcaya,private,13100
Opel,compact,2010,346200,160,diesel,manual,B,Asturias,private,2900
Dacia,city car,2020,134200,75,petrol,automatic,C,Barcelona,dealer,4550
Opel,sedan,2025,8100,170,petrol,automatic,C,Zaragoza,dealer,29350
Volkswagen,city car,2015,140300,70,petrol,automatic,C,Sevilla,dealer,5050
Skoda,sedan,2019,126200,175,hybrid,manual,ECO,Valencia,private,14400
Toyota,compact,2017,175700,120,petrol,automatic,C,Sevilla,dealer,8550
Mercedes-Benz,city car,2015,196300,75,petrol,automatic,C,Málaga,private,6100
Mercedes-Benz,city car,2018,190800,135,petrol,automatic,C,Alicante,private,11600
Skoda,SUV,2016,189400,145,diesel,automatic,C,Alicante,private,9600
Renault,compact,2008,221000,105,diesel,manual,B,Barcelona,dealer,1800
Citroën,sedan,2019,184600,175,petrol,manual,C,Málaga,dealer,9800
Volvo,sedan,2022,45900,215,petrol,manual,C,Madrid,private,23900
Toyota,SUV,2006,405100,145,petrol,manual,C,Other,dealer,2950
Renault,SUV,2022,65900,160,hybrid,automatic,ECO,Murcia,dealer,23050
Volkswagen,compact,2020,191400,160,petrol,manual,C,Madrid,private,13450
Mercedes-Benz,compact,2015,91800,170,petrol,automatic,C,Other,private,8900
Mercedes-Benz,city car,2022,76500,130,petrol,automatic,C,Murcia,dealer,25150
Mazda,sedan,2018,123700,175,petrol,automatic,C,Valencia,dealer,14100
Opel,compact,2006,377900,110,diesel,manual,B,Other,private,1900
Audi,city car,2025,21100,80,hybrid,automatic,ECO,Málaga,private,28200
Audi,city car,2020,123100,100,plug-in hybrid,automatic,0,Other,dealer,21100
Skoda,SUV,2020,73300,145,petrol,manual,C,Madrid,private,11650
Nissan,SUV,2021,66500,100,diesel,automatic,C,Alicante,private,12750
Peugeot,city car,2017,119000,90,hybrid,automatic,ECO,Alicante,dealer,6750
Nissan,city car,2021,81800,80,petrol,manual,C,Asturias,private,8450
Hyundai,MPV,2016,190300,140,petrol,manual,C,Asturias,private,7200
Toyota,city car,2019,63300,75,hybrid,automatic,ECO,Alicante,private,7450
Hyundai,city car,2024,22000,75,petrol,manual,C,Other,private,10950
Volkswagen,sedan,2020,74500,130,hybrid,automatic,ECO,Alicante,dealer,14700
Seat,SUV,2025,25500,135,hybrid,automatic,ECO,Valencia,dealer,36300
Opel,compact,2016,151700,115,petrol,manual,C,Asturias,dealer,4800
Skoda,SUV,2022,91100,190,petrol,automatic,C,Navarra,private,23950
Volkswagen,city car,2024,23000,60,hybrid,automatic,ECO,Alicante,private,13100
Renault,sedan,2014,310300,245,diesel,manual,B,Valencia,dealer,7600
Volkswagen,compact,2011,236900,125,diesel,automatic,B,Madrid,dealer,4550
Renault,sedan,2021,94000,130,petrol,automatic,C,Vizcaya,dealer,14700
Audi,city car,2015,420000,135,diesel,automatic,C,Other,dealer,6350
BMW,compact,2022,74500,145,hybrid,automatic,ECO,Other,dealer,32000
Volkswagen,compact,2006,338200,110,petrol,manual,C,Other,dealer,2600
Fiat,city car,2023,39500,65,petrol,automatic,C,Navarra,private,8100
Opel,city car,2019,92500,95,diesel,automatic,C,Barcelona,private,5900
BMW,city car,2024,29500,175,diesel,automatic,C,Alicante,dealer,44000
Kia,sedan,2022,35500,160,diesel,automatic,C,Madrid,private,19200
Renault,compact,2018,151500,115,diesel,automatic,C,Other,dealer,7650
Citroën,sedan,2022,58000,130,hybrid,automatic,ECO,Málaga,private,16950
Ford,SUV,2017,226200,155,petrol,manual,C,Sevilla,private,7400
Skoda,city car,2016,83500,105,petrol,manual,C,Sevilla,dealer,6650
Skoda,city car,2021,86500,90,petrol,automatic,C,Sevilla,dealer,9750
Seat,sedan,2024,41900,140,petrol,manual,C,Valencia,dealer,19500
Toyota,compact,2017,180600,115,hybrid,automatic,ECO,Sevilla,dealer,9300
Renault,compact,2022,53500,105,petrol,automatic,C,Las Palmas,dealer,12650
Seat,SUV,2015,153900,130,diesel,manual,C,Murcia,private,6450
Mercedes-Benz,compact,2022,61300,135,diesel,automatic,C,Other,dealer,25350
Audi,compact,2025,21100,135,petrol,automatic,C,Baleares,dealer,45050
Tesla,SUV,2022,55000,200,electric,automatic,0,Valencia,dealer,48800
Opel,city car,2024,41900,110,hybrid,manual,ECO,Madrid,private,16250
Hyundai,SUV,2025,21000,160,hybrid,automatic,ECO,Other,dealer,34800
Nissan,SUV,2023,47500,130,electric,automatic,0,Other,dealer,27900
Skoda,SUV,2009,210300,175,diesel,manual,B,Other,dealer,5450
Peugeot,SUV,2022,42200,115,petrol,automatic,C,Baleares,dealer,18800
Dacia,compact,2023,41300,140,diesel,automatic,C,Barcelona,private,11650
Opel,MPV,2021,89400,115,hybrid,automatic,ECO,Granada,dealer,12950
Toyota,MPV,2022,43800,155,diesel,manual,C,Other,private,19150
Nissan,compact,2020,151700,110,petrol,automatic,C,Barcelona,dealer,11900
Peugeot,compact,2014,157300,100,diesel,automatic,B,Zaragoza,dealer,5300
Hyundai,SUV,2024,19900,120,petrol,manual,C,Zaragoza,dealer,25050
Audi,compact,2022,59200,130,petrol,manual,C,Barcelona,dealer,20000
Dacia,compact,2016,87000,140,petrol,manual,C,Zaragoza,private,5400
Peugeot,compact,2018,154800,130,petrol,manual,C,Barcelona,private,6850
Citroën,city car,2013,188200,75,petrol,manual,C,Barcelona,dealer,3500
Citroën,SUV,2018,156000,150,hybrid,manual,ECO,Valencia,private,9500
Dacia,sedan,2024,39400,115,diesel,automatic,C,Barcelona,dealer,15200
Seat,sedan,2015,130300,170,petrol,automatic,C,Alicante,private,8450
Seat,sedan,2017,134600,185,diesel,manual,C,Zaragoza,dealer,10850
Opel,sedan,2023,46000,120,petrol,manual,C,Other,dealer,16550
Renault,compact,2016,89200,110,diesel,automatic,C,Granada,dealer,6750
Mazda,compact,2022,40000,115,diesel,automatic,C,Sevilla,dealer,18350
Volvo,SUV,2020,55700,160,petrol,automatic,C,Other,private,21500
Ford,compact,2021,95500,130,diesel,automatic,C,Barcelona,private,13250
Skoda,city car,2022,32000,80,petrol,automatic,C,Barcelona,private,9600
Nissan,compact,2020,112700,130,petrol,automatic,C,Las Palmas,dealer,12700
Skoda,city car,2022,57700,90,petrol,automatic,C,Málaga,private,11050
Citroën,SUV,2018,240200,100,petrol,manual,C,Sevilla,dealer,7650
Toyota,SUV,2014,190600,180,petrol,manual,C,Other,private,9000
Dacia,compact,2023,58800,160,petrol,automatic,C,Other,private,11800
Volkswagen,compact,2024,22900,130,petrol,automatic,C,Vizcaya,dealer,29150
Renault,SUV,2024,24000,140,petrol,automatic,C,Other,private,22350
Volkswagen,compact,2019,103200,130,petrol,manual,C,Madrid,dealer,10750
Opel,city car,2016,180300,95,electric,automatic,0,Other,dealer,5000
Fiat,compact,2021,45100,100,diesel,automatic,C,Las Palmas,private,9400
Opel,compact,2017,224700,100,petrol,manual,C,Navarra,dealer,5350
Hyundai,compact,2022,43400,90,petrol,automatic,C,Alicante,dealer,13200
Volkswagen,sedan,2022,60400,120,plug-in hybrid,automatic,0,Granada,private,25850
Audi,compact,2024,33600,125,hybrid,automatic,ECO,Murcia,dealer,34900
Peugeot,compact,2015,169500,85,petrol,manual,C,Other,private,4500
Dacia,MPV,2020,142700,115,petrol,manual,C,Other,dealer,7900
Peugeot,compact,2022,53800,115,petrol,automatic,C,Other,dealer,14100
Opel,SUV,2021,86200,190,petrol,automatic,C,Valencia,dealer,21850
Audi,SUV,2024,17800,165,electric,automatic,0,Málaga,dealer,61750
Citroën,city car,2015,183800,70,hybrid,automatic,ECO,Valencia,dealer,4400
BMW,MPV,2025,15400,160,diesel,automatic,C,Barcelona,dealer,60050
Skoda,city car,2019,72900,80,petrol,manual,C,Sevilla,dealer,7600
Kia,compact,2022,69300,145,petrol,automatic,C,Madrid,dealer,17050
Ford,compact,2021,57100,105,petrol,manual,C,Other,dealer,12250
Audi,city car,2023,37500,85,plug-in hybrid,automatic,0,Other,dealer,25550
Ford,city car,2023,50900,75,petrol,manual,C,Valencia,dealer,11800
Peugeot,city car,2008,312300,80,diesel,manual,B,Las Palmas,private,1700
Peugeot,city car,2022,59200,95,plug-in hybrid,automatic,0,Other,dealer,16900
Mercedes-Benz,compact,2014,199700,230,diesel,automatic,B,Zaragoza,dealer,10100
Fiat,city car,2023,42300,55,hybrid,automatic,ECO,Alicante,dealer,6650
Seat,compact,2020,127200,105,hybrid,automatic,ECO,Asturias,private,10750
Dacia,city car,2019,93300,65,diesel,manual,C,Madrid,private,3200
Opel,SUV,2025,8800,130,petrol,automatic,C,Murcia,private,20600
Dacia,compact,2023,42200,105,hybrid,automatic,ECO,Murcia,dealer,11000
Hyundai,SUV,2020,60100,155,petrol,automatic,C,Other,dealer,16750
Seat,city car,2023,28300,75,hybrid,manual,ECO,Sevilla,dealer,10800
Opel,compact,2019,77300,100,diesel,automatic,C,Madrid,private,9100
Mercedes-Benz,SUV,2021,64300,250,diesel,automatic,C,Granada,private,40850
Seat,compact,2021,79200,95,hybrid,automatic,ECO,A Coruña,dealer,13300
Seat,SUV,2021,114300,200,diesel,automatic,C,Madrid,dealer,23800
BMW,SUV,2024,20400,180,petrol,automatic,C,Granada,private,43400
Renault,compact,2016,183300,95,hybrid,automatic,ECO,Other,dealer,6700
Renault,sedan,2021,76100,140,petrol,manual,C,Madrid,dealer,14400
Citroën,SUV,2023,54100,135,petrol,automatic,C,Murcia,private,19250
Renault,sedan,2020,54600,130,diesel,automatic,C,Alicante,private,16750
Fiat,sedan,2021,116500,150,hybrid,automatic,ECO,Valladolid,dealer,14200
Audi,compact,2020,77200,165,petrol,automatic,C,Sevilla,dealer,19900
Volvo,city car,2010,269100,115,diesel,automatic,B,Madrid,private,2350
Dacia,compact,2020,160300,135,petrol,automatic,C,Other,dealer,7000
Audi,compact,2024,43700,145,petrol,automatic,C,Madrid,private,39000
Peugeot,sedan,2019,155500,170,petrol,manual,C,Las Palmas,private,11750
Skoda,city car,2025,16600,90,plug-in hybrid,automatic,0,Madrid,dealer,21300
Toyota,city car,2019,190600,90,diesel,automatic,C,Alicante,private,9350
Dacia,SUV,2020,68600,140,petrol,automatic,C,Other,dealer,9000
Skoda,compact,2021,97300,125,petrol,automatic,C,Vizcaya,private,13600
Mazda,SUV,2018,103700,205,diesel,manual,C,Madrid,dealer,16400
Seat,SUV,2018,102100,95,petrol,manual,C,Granada,private,7850
Renault,compact,2019,80200,135,plug-in hybrid,manual,0,Madrid,dealer,11750
Mazda,sedan,2021,59700,155,petrol,automatic,C,Zaragoza,dealer,19200
Ford,city car,2012,256200,80,petrol,manual,C,Valladolid,private,2300
Kia,city car,2021,77100,75,hybrid,automatic,ECO,Madrid,dealer,8750
Toyota,city car,2013,177700,65,diesel,manual,B,Other,private,3800
Peugeot,SUV,2014,134800,130,diesel,automatic,B,Other,dealer,8550
Dacia,compact,2019,149200,155,hybrid,automatic,ECO,Vizcaya,private,7100
Volvo,sedan,2017,89400,350,petrol,automatic,C,Barcelona,dealer,18000
Kia,city car,2008,417500,60,petrol,manual,C,Madrid,dealer,1650
Volvo,SUV,2019,92000,140,petrol,automatic,C,Madrid,private,15300
BMW,SUV,2023,42900,180,petrol,manual,C,Madrid,dealer,42850
Skoda,city car,2024,29000,80,hybrid,automatic,ECO,Madrid,dealer,18100
Seat,SUV,2022,51500,100,petrol,manual,C,Barcelona,private,13400
Hyundai,city car,2025,15600,90,petrol,automatic,C,Valladolid,dealer,16000
Volkswagen,city car,2023,62800,85,hybrid,automatic,ECO,Other,dealer,14000
Volkswagen,SUV,2023,42400,160,petrol,manual,C,Other,private,25500
Audi,SUV,2025,13400,210,petrol,automatic,C,Valencia,dealer,57500
Volkswagen,compact,2018,64900,105,petrol,automatic,C,Alicante,dealer,10700
Seat,SUV,2018,114700,165,petrol,manual,C,Las Palmas,dealer,11400
Volvo,MPV,2021,47200,200,petrol,automatic,C,Madrid,dealer,29050
BMW,sedan,2019,93700,170,petrol,automatic,C,Other,dealer,22100
Hyundai,SUV,2018,232100,135,hybrid,automatic,ECO,Alicante,dealer,12050
Peugeot,city car,2022,74100,80,petrol,automatic,C,Barcelona,private,10150
Ford,sedan,2019,80800,115,diesel,manual,C,Málaga,private,9850
Citroën,SUV,2022,74300,120,petrol,automatic,C,Valencia,private,15350
Peugeot,compact,2007,172300,85,diesel,manual,B,Baleares,private,1750
Ford,compact,2024,35300,150,petrol,automatic,C,Barcelona,dealer,21150
Volkswagen,SUV,2023,59400,130,diesel,manual,C,Vizcaya,dealer,23450
Volkswagen,compact,2015,114300,125,petrol,manual,C,A Coruña,dealer,7000
Kia,MPV,2023,63500,120,petrol,manual,C,Málaga,private,15500
Renault,compact,2011,146100,130,petrol,manual,C,Madrid,dealer,4150
Ford,compact,2020,84200,130,petrol,automatic,C,Other,dealer,12300
Seat,compact,2023,47300,115,plug-in hybrid,automatic,0,Other,private,18900
Mercedes-Benz,compact,2014,275100,170,diesel,automatic,B,Barcelona,private,5850
Dacia,city car,2021,82700,75,diesel,manual,C,Other,private,5100
Mercedes-Benz,compact,2020,81900,150,petrol,automatic,C,Baleares,dealer,23200
BMW,SUV,2020,96200,190,petrol,manual,C,Other,private,20600
Skoda,SUV,2018,64800,150,plug-in hybrid,automatic,0,Barcelona,private,17800
Mercedes-Benz,SUV,2020,63000,200,hybrid,automatic,ECO,Valencia,dealer,33700
Renault,compact,2024,24100,110,petrol,automatic,C,Other,private,17100
Hyundai,city car,2020,106600,65,petrol,manual,C,Other,dealer,6500
Toyota,compact,2021,58400,125,petrol,automatic,C,A Coruña,private,13550
Volvo,sedan,2020,95700,165,hybrid,automatic,ECO,Alicante,private,24000
Hyundai,compact,2019,87000,115,electric,automatic,0,Granada,dealer,8150
Mazda,SUV,2017,133500,155,petrol,manual,C,Other,dealer,13950
Renault,SUV,2018,99600,195,petrol,automatic,C,Barcelona,dealer,13100
Hyundai,sedan,2015,202500,160,diesel,manual,C,Baleares,dealer,8400
Volkswagen,city car,2022,53800,75,petrol,automatic,C,Other,dealer,10450
Mercedes-Benz,city car,2024,34300,95,plug-in hybrid,automatic,0,Barcelona,private,34700
Renault,SUV,2015,123500,115,hybrid,automatic,ECO,Other,dealer,8050
Mercedes-Benz,city car,2021,64300,135,petrol,automatic,C,Barcelona,dealer,17050
BMW,SUV,2011,334800,215,petrol,manual,C,Other,private,5100
Peugeot,compact,2024,43000,130,petrol,automatic,C,Other,private,18050
Seat,compact,2013,168900,130,petrol,automatic,C,Málaga,private,4700
Opel,city car,2018,187900,65,petrol,manual,C,Other,private,3750
Kia,SUV,2020,108200,155,diesel,automatic,C,Alicante,private,15250
Hyundai,sedan,2020,88000,260,petrol,automatic,C,Madrid,dealer,19250
Volkswagen,SUV,2019,55800,155,petrol,manual,C,Vizcaya,private,16900
Dacia,compact,2012,349400,105,petrol,manual,C,Valencia,private,2300
Mazda,compact,2025,13100,130,petrol,automatic,C,Barcelona,dealer,24950
Peugeot,SUV,2014,119000,160,diesel,manual,B,Las Palmas,dealer,8550
Citroën,MPV,2023,45100,185,petrol,manual,C,Granada,private,18750
Skoda,compact,2014,213400,75,petrol,manual,C,Barcelona,dealer,4150
Mercedes-Benz,MPV,2015,73600,170,petrol,automatic,C,Navarra,dealer,12900
Hyundai,SUV,2025,19800,140,hybrid,automatic,ECO,Barcelona,dealer,44350
Ford,city car,2020,93900,115,hybrid,automatic,ECO,Other,private,9400
Audi,compact,2022,68400,180,plug-in hybrid,automatic,0,Other,private,37850
Dacia,compact,2021,65300,70,diesel,automatic,C,Sevilla,dealer,7700
Fiat,SUV,2023,64500,140,petrol,manual,C,Murcia,private,13850
Seat,SUV,2023,57600,140,plug-in hybrid,automatic,0,Madrid,private,24850
Audi,city car,2021,92600,110,petrol,automatic,C,Other,dealer,16250
BMW,sedan,2019,102800,235,petrol,automatic,C,Granada,dealer,21600
Ford,compact,2022,57100,140,hybrid,automatic,ECO,Other,dealer,18750
Citroën,compact,2017,118100,130,diesel,manual,C,Navarra,private,7400
BMW,sedan,2013,159400,175,diesel,manual,B,Madrid,dealer,5300
Citroën,SUV,2019,115400,100,petrol,automatic,C,Las Palmas,dealer,10300
Tesla,sedan,2019,107000,220,electric,automatic,0,Barcelona,dealer,22050
Ford,SUV,2019,88400,125,petrol,automatic,C,Other,dealer,11700
Opel,city car,2019,135800,75,diesel,automatic,C,Madrid,private,5900
Ford,SUV,2023,37300,165,petrol,manual,C,Other,dealer,23600
Renault,city car,2013,130200,75,diesel,automatic,B,Madrid,dealer,2750
Seat,city car,2022,60200,95,petrol,automatic,C,Navarra,dealer,10350
Seat,sedan,2023,33900,130,petrol,manual,C,Vizcaya,dealer,15400
Volkswagen,compact,2021,47000,125,hybrid,automatic,ECO,Madrid,private,17450
Skoda,compact,2009,312200,100,diesel,manual,B,Madrid,private,1950
Fiat,city car,2016,77400,80,petrol,manual,C,Other,private,3800
Dacia,city car,2023,19000,85,petrol,manual,C,Other,private,7300
Skoda,compact,2019,83900,90,hybrid,automatic,ECO,Barcelona,dealer,10000
Opel,compact,2014,100100,145,diesel,automatic,B,Sevilla,dealer,5150
Seat,SUV,2021,117800,145,diesel,automatic,C,Other,dealer,18100
Fiat,compact,2021,63500,100,diesel,manual,C,A Coruña,dealer,10550
Mercedes-Benz,sedan,2019,110200,225,petrol,automatic,C,Barcelona,dealer,24050
Citroën,SUV,2025,19500,180,hybrid,manual,ECO,Other,dealer,35000
BMW,city car,2023,62700,100,plug-in hybrid,manual,0,Navarra,dealer,22900
Toyota,city car,2017,122500,95,petrol,automatic,C,Other,dealer,6750
Audi,compact,2021,79200,210,electric,automatic,0,Other,private,28900
Citroën,SUV,2023,43400,150,hybrid,automatic,ECO,A Coruña,dealer,23450
Seat,sedan,2025,19300,205,petrol,automatic,C,Barcelona,private,33650
Renault,SUV,2017,179600,110,petrol,automatic,C,A Coruña,dealer,8550
Peugeot,compact,2022,58400,120,petrol,automatic,C,Valencia,dealer,14550
Hyundai,SUV,2021,103600,160,petrol,automatic,C,Other,dealer,13800
Ford,sedan,2020,116400,90,diesel,manual,C,Vizcaya,dealer,10600
Volvo,compact,2017,222700,175,petrol,manual,C,Madrid,dealer,11550
Dacia,compact,2008,243100,95,diesel,automatic,B,Other,private,1750
Renault,city car,2024,30900,85,petrol,automatic,C,Barcelona,private,11800
Fiat,compact,2016,198800,95,diesel,manual,C,Málaga,private,3950
Ford,SUV,2022,49700,180,diesel,automatic,C,Other,dealer,27850
Skoda,sedan,2014,210000,155,petrol,manual,C,Madrid,dealer,6500
Kia,compact,2015,107000,120,diesel,automatic,C,Madrid,private,6100
Toyota,sedan,2023,63900,215,hybrid,automatic,ECO,Barcelona,dealer,36550
Dacia,sedan,2019,134500,210,petrol,manual,C,Navarra,dealer,9000
Nissan,city car,2023,73800,55,diesel,automatic,C,Málaga,dealer,10300
Kia,compact,2018,79400,115,petrol,manual,C,Granada,private,7250
Renault,compact,2024,31800,100,petrol,manual,C,Other,private,14300
Tesla,sedan,2008,371600,250,electric,automatic,0,A Coruña,private,2650
Renault,SUV,2017,198000,145,hybrid,manual,ECO,Other,dealer,8050
Mazda,city car,2022,30700,70,petrol,automatic,C,Madrid,dealer,11400
Skoda,compact,2016,191100,95,hybrid,manual,ECO,Granada,dealer,6700
Toyota,SUV,2019,56100,105,diesel,automatic,C,Sevilla,private,12350
Peugeot,city car,2023,61800,75,petrol,automatic,C,Other,dealer,10500
Kia,compact,2012,147500,90,petrol,manual,C,Madrid,private,3200
Seat,city car,2016,199300,100,petrol,automatic,C,Other,private,4200
Dacia,city car,2016,119600,110,petrol,manual,C,Zaragoza,dealer,3550
Skoda,SUV,2019,197800,125,petrol,automatic,C,Madrid,private,11950
Renault,compact,2006,240900,120,diesel,manual,B,Barcelona,private,1350
Dacia,city car,2023,39300,75,petrol,automatic,C,Barcelona,private,7350
Seat,compact,2023,68000,155,diesel,manual,C,Other,private,15900
Dacia,compact,2019,104400,100,diesel,automatic,C,Vizcaya,dealer,6550
Dacia,city car,2023,49200,90,diesel,automatic,C,Sevilla,private,7200
Volkswagen,city car,2017,95600,95,hybrid,automatic,ECO,Alicante,dealer,7750
Opel,compact,2019,147900,135,petrol,manual,C,Valencia,dealer,7450
Hyundai,SUV,2023,37400,195,hybrid,automatic,ECO,Alicante,dealer,30800
Audi,city car,2025,13700,110,petrol,automatic,C,Alicante,private,33650
Seat,compact,2019,95300,130,diesel,manual,C,A Coruña,dealer,11300
Opel,compact,2023,41100,115,petrol,automatic,C,Málaga,dealer,14400
Mercedes-Benz,MPV,2012,224300,175,petrol,automatic,C,Valladolid,private,7700
Toyota,SUV,2022,55800,110,hybrid,manual,ECO,Other,dealer,18750
Volvo,compact,2021,57800,145,electric,automatic,0,Vizcaya,dealer,23650
Opel,compact,2017,190000,125,diesel,automatic,C,Murcia,dealer,8150
Toyota,MPV,2024,25700,160,diesel,automatic,C,Madrid,dealer,20850
BMW,compact,2024,27000,180,hybrid,automatic,ECO,Baleares,private,43950
Seat,city car,2015,222200,65,petrol,automatic,C,Zaragoza,dealer,2900
Ford,compact,2020,135500,155,electric,automatic,0,Murcia,private,10250
Renault,city car,2013,260600,60,diesel,manual,B,Madrid,private,1600
Volkswagen,MPV,2006,244700,145,diesel,automatic,B,Navarra,private,3150
BMW,MPV,2011,335800,185,diesel,automatic,B,Other,dealer,7000
Toyota,sedan,2023,64200,140,petrol,automatic,C,Barcelona,dealer,21950
Renault,compact,2023,99400,115,electric,automatic,0,Madrid,dealer,17300
Mercedes-Benz,city car,2023,54200,95,plug-in hybrid,automatic,0,Barcelona,dealer,28050
Citroën,city car,2024,30700,75,petrol,manual,C,Madrid,dealer,12250
Nissan,compact,2024,27200,80,hybrid,automatic,ECO,Las Palmas,private,15250
Renault,sedan,2019,70600,145,hybrid,automatic,ECO,Madrid,private,8850
Citroën,SUV,2022,81200,170,diesel,automatic,C,Valencia,dealer,18550
Seat,sedan,2016,137000,115,diesel,manual,C,Madrid,dealer,6700
Seat,city car,2019,84500,70,diesel,manual,C,Barcelona,private,5100
Peugeot,sedan,2019,100900,150,petrol,automatic,C,Barcelona,private,11500
Audi,SUV,2021,50300,175,diesel,automatic,C,Zaragoza,private,25050
Dacia,SUV,2021,64700,125,petrol,manual,C,Málaga,dealer,10250
Ford,city car,2019,120900,80,petrol,automatic,C,Alicante,dealer,6500
Volkswagen,compact,2006,420000,105,diesel,manual,B,Barcelona,dealer,2200
Kia,compact,2011,349900,120,petrol,manual,C,Vizcaya,dealer,3400
Renault,city car,2015,177800,125,diesel,automatic,C,Madrid,private,4650
Hyundai,SUV,2023,37000,195,hybrid,manual,ECO,Barcelona,private,27750
Mercedes-Benz,city car,2022,48900,135,hybrid,automatic,ECO,Málaga,private,29050
Fiat,SUV,2017,166200,160,petrol,automatic,C,Sevilla,dealer,7550
Nissan,sedan,2017,74900,115,petrol,manual,C,Barcelona,dealer,9550
Dacia,SUV,2013,186100,110,petrol,automatic,C,Madrid,dealer,3550
Mazda,city car,2012,133000,75,petrol,manual,C,Barcelona,private,3950
Peugeot,compact,2023,31900,130,hybrid,automatic,ECO,Madrid,private,19650
Opel,SUV,2025,13000,130,petrol,automatic,C,Valencia,dealer,28050
BMW,compact,2020,88700,165,petrol,manual,C,Madrid,private,20750
Renault,compact,2021,62600,150,hybrid,automatic,ECO,Other,dealer,13950
Audi,SUV,2018,169700,205,diesel,automatic,C,Barcelona,private,16700
Mercedes-Benz,city car,2019,122700,115,diesel,automatic,C,Barcelona,private,15500
Seat,city car,2021,112200,90,diesel,automatic,C,Madrid,private,8750
Peugeot,city car,2024,29300,90,petrol,automatic,C,Madrid,dealer,13250
Fiat,SUV,2022,29500,115,diesel,automatic,C,Madrid,dealer,13800
Dacia,compact,2010,242400,80,petrol,automatic,C,Madrid,dealer,1800
Citroën,city car,2023,46400,85,plug-in hybrid,automatic,0,Madrid,dealer,14850
Hyundai,compact,2019,91500,80,petrol,automatic,C,Other,private,7850
Kia,compact,2020,70800,135,hybrid,automatic,ECO,Baleares,dealer,13350
Nissan,compact,2025,15700,145,petrol,manual,C,Madrid,dealer,29050
Opel,city car,2021,114100,80,petrol,automatic,C,Valencia,private,7300
Opel,compact,2006,420000,115,diesel,manual,B,Madrid,private,1400
Ford,compact,2021,83200,120,diesel,automatic,C,Madrid,private,12150
Nissan,MPV,2020,95000,150,petrol,automatic,C,Alicante,dealer,11900
Renault,sedan,2023,66200,140,hybrid,automatic,ECO,Madrid,dealer,20700
Volvo,city car,2017,149800,90,hybrid,manual,ECO,Valencia,private,6550
Citroën,compact,2020,109200,85,hybrid,manual,ECO,Granada,dealer,8550
Skoda,city car,2018,99100,100,petrol,manual,C,Sevilla,dealer,6550
Mazda,SUV,2021,116200,130,petrol,manual,C,Vizcaya,private,15850
Volkswagen,sedan,2023,34400,145,diesel,manual,C,Valladolid,dealer,24400
Peugeot,SUV,2023,43300,150,hybrid,automatic,ECO,Sevilla,private,19300
Seat,SUV,2013,167100,200,diesel,manual,B,Other,dealer,7600
Dacia,compact,2021,62900,135,petrol,manual,C,Alicante,dealer,9200
BMW,MPV,2023,34500,155,petrol,automatic,C,Zaragoza,dealer,37450
Toyota,sedan,2022,90500,140,hybrid,automatic,ECO,Barcelona,dealer,20750
Kia,city car,2018,180000,80,petrol,manual,C,Other,private,5800
Skoda,SUV,2018,97300,115,plug-in hybrid,automatic,0,Alicante,private,12050
Audi,city car,2021,68200,80,hybrid,automatic,ECO,Sevilla,private,13350
Toyota,compact,2019,49200,125,petrol,manual,C,Other,dealer,12500
Skoda,compact,2019,78200,100,plug-in hybrid,automatic,0,Other,private,13650
Citroën,SUV,2023,44400,125,hybrid,automatic,ECO,Madrid,dealer,16700
Peugeot,city car,2013,262500,65,diesel,manual,B,A Coruña,dealer,3200
Toyota,SUV,2018,112500,125,hybrid,automatic,ECO,Vizcaya,dealer,13550
Toyota,city car,2018,101600,75,hybrid,automatic,ECO,Sevilla,dealer,8850
Fiat,compact,2020,72500,85,petrol,manual,C,Málaga,private,6350
BMW,city car,2017,207300,105,petrol,manual,C,Sevilla,dealer,9600
Peugeot,compact,2015,189200,115,petrol,manual,C,Other,dealer,5900
Hyundai,compact,2006,393000,90,petrol,manual,C,Madrid,dealer,1850
Mercedes-Benz,city car,2023,55300,90,diesel,manual,C,Murcia,private,20100
Toyota,SUV,2021,79900,130,petrol,manual,C,Asturias,private,15750
Nissan,city car,2021,78000,75,diesel,automatic,C,Granada,private,9000
Seat,sedan,2017,143400,170,petrol,manual,C,Zaragoza,dealer,8600
Seat,compact,2022,68800,90,petrol,automatic,C,Other,private,11450
Dacia,SUV,2015,136200,120,diesel,manual,C,Valladolid,private,4400
Volkswagen,compact,2021,74700,155,petrol,manual,C,Barcelona,private,18500
Hyundai,sedan,2014,129400,105,petrol,manual,C,Barcelona,private,5900
Ford,SUV,2021,63100,115,petrol,manual,C,Sevilla,private,13850
Peugeot,SUV,2023,47800,125,diesel,automatic,C,Barcelona,dealer,21350
Nissan,compact,2017,126700,115,plug-in hybrid,automatic,0,Madrid,dealer,10150
Mazda,compact,2019,86400,135,hybrid,automatic,ECO,A Coruña,dealer,13850
Toyota,SUV,2021,82300,165,petrol,manual,C,Madrid,dealer,17800
Peugeot,compact,2019,124900,135,petrol,manual,C,Other,private,7750
Tesla,sedan,2022,65100,155,electric,automatic,0,Madrid,private,37800
Renault,city car,2025,12100,85,hybrid,automatic,ECO,Madrid,dealer,18750
Hyundai,sedan,2022,51600,145,petrol,manual,C,Other,dealer,16550
Toyota,city car,2017,166000,110,diesel,automatic,C,Other,dealer,6600
Hyundai,sedan,2014,198200,130,diesel,automatic,B,Baleares,dealer,6000
Volkswagen,SUV,2019,109100,165,petrol,automatic,C,Sevilla,dealer,15500
Volvo,city car,2018,161800,155,petrol,automatic,C,Málaga,private,10150
Nissan,MPV,2019,159500,160,petrol,manual,C,Zaragoza,dealer,10450
Audi,SUV,2022,58000,170,hybrid,automatic,ECO,Barcelona,private,34800
Seat,compact,2020,53400,130,petrol,manual,C,Sevilla,private,9250
Citroën,city car,2021,59700,80,hybrid,automatic,ECO,Madrid,dealer,8400
Hyundai,SUV,2006,405200,120,diesel,manual,B,Other,dealer,2400
Skoda,compact,2012,165600,125,petrol,manual,C,Other,dealer,4350
Renault,sedan,2016,132500,130,petrol,automatic,C,Madrid,private,6150
Audi,city car,2007,420000,145,diesel,automatic,B,Barcelona,private,1700
Audi,city car,2006,206400,105,diesel,automatic,B,Valladolid,dealer,1600
BMW,SUV,2017,100600,180,hybrid,automatic,ECO,Vizcaya,dealer,18650
Mercedes-Benz,SUV,2025,13900,195,plug-in hybrid,automatic,0,Alicante,private,76500
Toyota,MPV,2020,117700,130,diesel,manual,C,Valladolid,private,11300
Volvo,MPV,2020,56900,185,petrol,automatic,C,Asturias,dealer,18650
Ford,city car,2019,80300,60,electric,automatic,0,Málaga,dealer,6750
Volkswagen,city car,2023,47600,75,diesel,manual,C,Murcia,dealer,14150
Citroën,SUV,2021,87200,190,petrol,automatic,C,Other,private,15850
Skoda,compact,2024,30200,95,diesel,automatic,C,Other,dealer,22350
Seat,compact,2020,85900,135,petrol,manual,C,Madrid,dealer,12300
Mercedes-Benz,city car,2024,52800,95,petrol,automatic,C,Barcelona,dealer,24850
Kia,sedan,2017,169800,150,diesel,manual,C,Madrid,private,7800
Seat,city car,2022,54200,75,hybrid,automatic,ECO,Barcelona,dealer,11600
Ford,sedan,2015,284900,165,petrol,automatic,C,Navarra,dealer,6800
Opel,SUV,2017,140200,105,diesel,manual,C,Other,dealer,6900
Dacia,SUV,2016,175700,145,hybrid,manual,ECO,Murcia,dealer,5800
BMW,SUV,2019,76800,160,petrol,automatic,C,Madrid,private,20650
Seat,SUV,2024,29900,170,hybrid,manual,ECO,Valladolid,private,23950
Ford,SUV,2012,272100,130,petrol,manual,C,Barcelona,dealer,5550
BMW,MPV,2023,73000,170,diesel,manual,C,Other,dealer,36200
Renault,sedan,2022,69200,115,hybrid,manual,ECO,Granada,private,11700
Dacia,MPV,2020,93800,135,petrol,manual,C,Madrid,dealer,8250
Seat,city car,2021,116600,70,diesel,automatic,C,Other,private,8500
Seat,SUV,2017,143600,175,hybrid,automatic,ECO,Málaga,private,9550
Citroën,city car,2021,90900,85,petrol,manual,C,Madrid,private,6550
Peugeot,MPV,2013,144600,145,diesel,manual,B,Other,private,4950
Kia,SUV,2014,240000,115,diesel,automatic,B,Baleares,private,5750
Opel,compact,2023,31700,165,petrol,automatic,C,Málaga,dealer,19500
Dacia,SUV,2023,33500,115,electric,automatic,0,Other,dealer,18300
Peugeot,city car,2009,225800,80,petrol,manual,C,Madrid,dealer,2400
Citroën,city car,2022,56100,75,hybrid,manual,ECO,Granada,dealer,10250
Toyota,compact,2019,73600,150,electric,automatic,0,Alicante,private,10750
Kia,sedan,2018,57400,155,diesel,manual,C,Málaga,private,10050
Mazda,SUV,2022,61400,140,petrol,automatic,C,Madrid,private,25100
Dacia,city car,2022,73500,70,diesel,automatic,C,Sevilla,dealer,7150
Seat,sedan,2022,74900,120,hybrid,automatic,ECO,Barcelona,private,16500
Opel,city car,2016,140600,110,hybrid,automatic,ECO,Valencia,dealer,5850
Toyota,compact,2023,85200,120,diesel,manual,C,Other,dealer,17000
BMW,SUV,2023,29800,155,petrol,automatic,C,Málaga,dealer,36100
Audi,compact,2022,38000,150,petrol,manual,C,Sevilla,private,23300
Audi,city car,2014,197100,120,diesel,manual,B,Las Palmas,dealer,5500
Seat,SUV,2017,246400,160,petrol,manual,C,Madrid,dealer,9050
Fiat,compact,2021,99800,110,diesel,automatic,C,Madrid,private,10050
Mercedes-Benz,city car,2022,54600,140,petrol,automatic,C,Other,private,21350
BMW,sedan,2024,19400,195,hybrid,automatic,ECO,Valladolid,private,53050
Peugeot,MPV,2015,172700,150,diesel,automatic,C,Baleares,dealer,7300
Nissan,compact,2009,178600,145,diesel,manual,B,A Coruña,private,3100
BMW,sedan,2024,33700,175,hybrid,automatic,ECO,Sevilla,dealer,46400
Citroën,sedan,2012,158700,205,petrol,automatic,C,Valencia,dealer,7100
Seat,city car,2018,133100,80,petrol,automatic,C,Madrid,private,5400
Mercedes-Benz,SUV,2006,254000,195,diesel,automatic,B,Other,private,3000
Ford,compact,2021,58600,100,petrol,automatic,C,Málaga,dealer,11750
Seat,compact,2025,20000,105,petrol,automatic,C,Barcelona,private,17650
Ford,SUV,2025,13400,145,petrol,manual,C,Madrid,dealer,30650
Seat,compact,2024,25000,125,diesel,manual,C,Navarra,private,19050
Hyundai,SUV,2021,67700,125,hybrid,automatic,ECO,Other,dealer,16000
Ford,SUV,2019,118600,140,hybrid,manual,ECO,Málaga,dealer,14800
BMW,compact,2017,118500,160,hybrid,automatic,ECO,Alicante,dealer,15950
Dacia,compact,2017,272400,90,petrol,manual,C,Asturias,private,4150
Fiat,SUV,2013,227400,155,petrol,manual,C,Vizcaya,dealer,5100
BMW,compact,2022,70800,195,hybrid,automatic,ECO,Valladolid,private,36250
Volkswagen,SUV,2010,379800,110,petrol,automatic,C,Other,dealer,4050
Tesla,SUV,2018,154400,175,electric,automatic,0,Navarra,private,13650
Nissan,SUV,2023,30200,150,petrol,automatic,C,Other,dealer,19750
Ford,city car,2024,34200,85,hybrid,automatic,ECO,Other,private,12800
Peugeot,sedan,2022,68300,220,hybrid,automatic,ECO,Other,dealer,21200
Kia,compact,2024,26500,95,petrol,manual,C,Valladolid,private,16650
Dacia,compact,2024,27600,135,petrol,automatic,C,Madrid,dealer,12350
Toyota,city car,2017,134400,85,petrol,automatic,C,Las Palmas,dealer,7050
Peugeot,compact,2012,355800,95,petrol,manual,C,Alicante,dealer,3150
Skoda,sedan,2022,40100,180,diesel,automatic,C,Madrid,dealer,24100
Renault,city car,2021,57000,85,diesel,automatic,C,Murcia,private,9450
BMW,sedan,2022,80700,200,diesel,automatic,C,Other,dealer,36600
Citroën,city car,2025,20500,110,petrol,automatic,C,Other,dealer,18250
Citroën,compact,2020,67100,135,petrol,manual,C,Sevilla,dealer,11050
Audi,SUV,2018,115300,170,petrol,automatic,C,Other,private,14900
Renault,SUV,2025,19200,110,petrol,automatic,C,Málaga,private,22900
Dacia,sedan,2015,194900,175,petrol,automatic,C,Murcia,dealer,6150
Hyundai,compact,2020,100700,115,petrol,manual,C,Baleares,dealer,9600
Toyota,SUV,2021,127000,115,hybrid,automatic,ECO,Zaragoza,private,16450
Volkswagen,sedan,2018,132600,205,petrol,manual,C,Baleares,dealer,12950
Opel,SUV,2013,199200,150,petrol,automatic,C,Alicante,dealer,6200
Mercedes-Benz,sedan,2019,102600,185,hybrid,manual,ECO,Other,dealer,23100
Skoda,SUV,2021,62900,130,petrol,manual,C,Other,dealer,16000
Volkswagen,MPV,2018,93600,150,petrol,manual,C,Other,dealer,11350
Dacia,compact,2019,68800,95,diesel,manual,C,Asturias,dealer,5600
Audi,sedan,2020,47900,180,hybrid,automatic,ECO,Barcelona,private,26300
Peugeot,SUV,2018,67300,140,petrol,automatic,C,Murcia,private,10600
Opel,SUV,2015,153200,175,diesel,manual,C,Madrid,dealer,7600
BMW,city car,2017,72000,95,plug-in hybrid,automatic,0,Sevilla,dealer,13950
Fiat,city car,2019,154500,85,diesel,manual,C,Murcia,private,4800
Volkswagen,compact,2018,86000,95,petrol,automatic,C,Barcelona,dealer,7100
Seat,SUV,2025,26900,160,hybrid,automatic,ECO,Barcelona,private,30950
Hyundai,SUV,2009,237400,115,diesel,automatic,B,Alicante,private,3600
Nissan,compact,2023,61100,100,plug-in hybrid,automatic,0,Madrid,private,18550
Renault,SUV,2017,156100,175,diesel,manual,C,Other,dealer,9150
Kia,SUV,2021,177900,140,plug-in hybrid,automatic,0,Barcelona,dealer,22150
Toyota,compact,2016,132800,115,petrol,manual,C,Madrid,dealer,7500
Mazda,city car,2014,372600,90,diesel,automatic,B,Other,private,4350
Renault,compact,2021,53700,105,hybrid,automatic,ECO,Barcelona,private,13000
Renault,compact,2022,63000,100,diesel,manual,C,Madrid,dealer,12750
Hyundai,SUV,2021,110400,150,hybrid,automatic,ECO,Barcelona,private,16600
Peugeot,city car,2021,85200,60,petrol,manual,C,Other,private,8950
Toyota,SUV,2014,183200,130,diesel,manual,B,Other,dealer,6550
Tesla,SUV,2020,70900,210,electric,automatic,0,Barcelona,private,26500
Fiat,city car,2019,96800,85,hybrid,automatic,ECO,Las Palmas,dealer,5700
Toyota,SUV,2012,192300,110,diesel,automatic,B,Barcelona,dealer,4000
Opel,SUV,2020,86400,145,petrol,automatic,C,Other,private,12600
Opel,compact,2021,58200,95,hybrid,manual,ECO,Málaga,private,9850
Nissan,compact,2013,181700,135,petrol,manual,C,Baleares,dealer,5250
Dacia,city car,2018,86200,80,hybrid,automatic,ECO,Madrid,private,4850
Audi,city car,2022,88000,110,hybrid,automatic,ECO,Other,private,16700
Hyundai,compact,2022,36200,100,petrol,automatic,C,Other,dealer,13750
Dacia,city car,2023,57600,70,petrol,manual,C,A Coruña,dealer,6500
Fiat,SUV,2024,37500,110,plug-in hybrid,manual,0,Valencia,private,20200
Hyundai,SUV,2023,58500,150,diesel,automatic,C,Other,dealer,28300
Peugeot,sedan,2022,58900,210,petrol,manual,C,Málaga,dealer,20550
Tesla,sedan,2021,57700,180,electric,automatic,0,Valencia,dealer,32550
Peugeot,SUV,2022,47600,125,diesel,automatic,C,Barcelona,dealer,20950
Toyota,compact,2007,264100,140,petrol,manual,C,Málaga,dealer,2400
Hyundai,compact,2023,40700,125,petrol,automatic,C,Other,private,15650
Renault,compact,2010,236600,120,petrol,manual,C,Madrid,private,2450
Fiat,compact,2016,206900,100,diesel,manual,C,Madrid,private,4050
Volvo,city car,2020,70200,150,diesel,automatic,C,Other,dealer,17550
Nissan,city car,2012,284700,80,petrol,automatic,C,Other,dealer,2800
Renault,sedan,2025,17800,160,petrol,manual,C,Other,private,19750
Volvo,sedan,2023,31700,185,petrol,automatic,C,Murcia,dealer,40850
Dacia,compact,2011,420000,125,diesel,manual,B,Other,dealer,2300
Renault,SUV,2025,11000,170,petrol,automatic,C,Vizcaya,dealer,28250
Peugeot,city car,2021,94300,120,diesel,manual,C,Other,dealer,10400
Kia,MPV,2022,42100,135,hybrid,automatic,ECO,Barcelona,private,18800
Renault,sedan,2023,41000,200,petrol,manual,C,Valencia,dealer,20500
Mercedes-Benz,sedan,2017,148300,170,hybrid,automatic,ECO,Sevilla,dealer,14800
Toyota,city car,2011,388800,85,diesel,manual,B,Zaragoza,dealer,3750
Kia,compact,2016,143900,140,petrol,manual,C,Valencia,dealer,6900
Skoda,sedan,2022,61600,140,hybrid,automatic,ECO,Other,dealer,19550
Volkswagen,sedan,2019,43100,110,diesel,manual,C,Madrid,private,11650
Opel,compact,2025,18100,120,petrol,automatic,C,Barcelona,dealer,19800
Dacia,compact,2023,45900,100,petrol,manual,C,Valencia,dealer,10300
Volkswagen,city car,2016,166700,65,hybrid,automatic,ECO,Barcelona,dealer,5350
Volkswagen,MPV,2023,36600,205,petrol,automatic,C,Barcelona,dealer,29350
Volkswagen,SUV,2025,10600,150,plug-in hybrid,manual,0,Madrid,private,44700
Citroën,SUV,2019,51500,180,petrol,automatic,C,Madrid,dealer,15300
Volkswagen,compact,2021,96000,150,diesel,manual,C,A Coruña,dealer,16050
Seat,MPV,2016,122800,130,electric,automatic,0,Madrid,dealer,6650
Ford,SUV,2016,219300,160,petrol,automatic,C,Barcelona,private,7650
Dacia,city car,2025,14800,75,petrol,manual,C,Other,dealer,9200
Mercedes-Benz,compact,2015,77700,150,petrol,manual,C,Barcelona,dealer,9550
Seat,city car,2018,180100,70,diesel,automatic,C,Granada,private,6300
Dacia,compact,2020,62800,110,hybrid,automatic,ECO,Other,dealer,6750
Hyundai,sedan,2020,155500,135,hybrid,manual,ECO,Other,dealer,9750
Toyota,city car,2010,319700,95,petrol,manual,C,Madrid,dealer,3050
Volvo,compact,2018,122400,175,hybrid,automatic,ECO,Madrid,private,15500
Hyundai,compact,2018,120200,135,hybrid,automatic,ECO,Madrid,private,11000
Opel,city car,2022,84100,75,petrol,manual,C,Other,dealer,8050
Toyota,MPV,2023,42300,130,hybrid,manual,ECO,Valencia,private,19100
Volvo,compact,2022,81900,135,petrol,automatic,C,Granada,dealer,26800
Dacia,SUV,2021,97400,130,petrol,automatic,C,Madrid,dealer,9800
Nissan,compact,2024,42000,130,diesel,manual,C,Other,private,20700
Renault,compact,2025,7200,125,electric,automatic,0,Other,dealer,27250
Citroën,MPV,2019,99200,95,petrol,manual,C,Other,private,7100
Fiat,city car,2015,164200,85,diesel,manual,C,A Coruña,private,2850
Dacia,SUV,2022,52200,225,petrol,automatic,C,Baleares,dealer,17650
Opel,city car,2022,50900,80,petrol,manual,C,Murcia,dealer,8700
Peugeot,compact,2019,74600,85,petrol,manual,C,Other,private,6950
Hyundai,SUV,2019,125300,125,hybrid,automatic,ECO,Other,dealer,14950
Hyundai,compact,2023,45300,95,diesel,manual,C,Vizcaya,dealer,14200
Ford,sedan,2024,24200,120,diesel,manual,C,Other,dealer,19650
Seat,sedan,2022,67400,150,petrol,automatic,C,Málaga,private,15650
Opel,SUV,2010,232500,190,petrol,automatic,C,Murcia,private,4650
Mercedes-Benz,SUV,2022,70300,225,petrol,automatic,C,Madrid,dealer,43200
Volkswagen,sedan,2016,143900,145,petrol,manual,C,Asturias,dealer,10100
Hyundai,city car,2019,108400,70,hybrid,automatic,ECO,Valencia,private,6750
Seat,SUV,2023,49100,120,diesel,automatic,C,Zaragoza,dealer,20800
Fiat,sedan,2017,143200,180,diesel,automatic,C,Valladolid,dealer,7700
Volvo,compact,2019,73600,135,diesel,automatic,C,Navarra,private,14250
Seat,compact,2011,133000,135,petrol,manual,C,Madrid,dealer,4450
Fiat,sedan,2020,213000,150,hybrid,automatic,ECO,Baleares,private,9650
Kia,city car,2020,160500,115,hybrid,automatic,ECO,Other,dealer,9850
Ford,SUV,2006,250100,120,petrol,manual,C,Madrid,dealer,2400
Kia,MPV,2024,11300,140,petrol,manual,C,Other,dealer,22900
Citroën,city car,2006,206900,90,petrol,manual,C,Other,dealer,1350
Volkswagen,city car,2012,169800,75,diesel,manual,B,Other,dealer,3400
Ford,compact,2022,69900,100,petrol,manual,C,Madrid,dealer,13750
Volkswagen,SUV,2021,89400,120,hybrid,automatic,ECO,Barcelona,private,19850
Kia,city car,2013,262200,70,petrol,automatic,C,Madrid,dealer,2950
Peugeot,city car,2006,354500,80,diesel,manual,B,Madrid,dealer,1250
Peugeot,city car,2022,67800,70,diesel,manual,C,A Coruña,dealer,8850
Peugeot,sedan,2023,37100,145,petrol,automatic,C,Other,dealer,22850
Mercedes-Benz,compact,2023,36600,150,hybrid,manual,ECO,Alicante,dealer,37250
Renault,sedan,2020,177600,170,petrol,manual,C,Zaragoza,private,11300
Kia,compact,2024,20900,125,petrol,automatic,C,Sevilla,private,20850
Renault,SUV,2020,78600,135,diesel,automatic,C,Las Palmas,private,13600
Nissan,SUV,2022,63000,115,petrol,manual,C,Valencia,private,13950
Toyota,SUV,2020,70200,155,hybrid,automatic,ECO,Other,private,17250
Hyundai,SUV,2018,109500,140,hybrid,automatic,ECO,Sevilla,private,11850
Mercedes-Benz,MPV,2018,68200,170,petrol,automatic,C,Other,dealer,16450
Toyota,SUV,2021,104200,165,diesel,manual,C,Madrid,dealer,18950
Opel,SUV,2021,80400,125,petrol,automatic,C,Zaragoza,dealer,16700
Seat,city car,2018,101600,80,petrol,manual,C,Madrid,dealer,5750
Seat,city car,2013,145700,75,petrol,automatic,C,Madrid,dealer,3100
Audi,sedan,2022,88700,245,hybrid,manual,ECO,Valencia,dealer,37750
Citroën,compact,2020,69100,95,petrol,automatic,C,Other,dealer,10800
BMW,SUV,2024,26300,220,diesel,automatic,C,Other,dealer,60100
Hyundai,city car,2018,149400,85,petrol,automatic,C,Navarra,dealer,6000
Seat,compact,2021,96700,95,petrol,manual,C,Other,private,10150
Mercedes-Benz,compact,2023,41800,160,diesel,automatic,C,Madrid,private,30450
BMW,sedan,2007,211000,215,diesel,automatic,B,A Coruña,private,3850
Ford,compact,2023,23300,95,diesel,automatic,C,Other,private,16150
Toyota,city car,2023,49600,75,hybrid,automatic,ECO,Murcia,dealer,14250
Citroën,SUV,2016,187000,125,diesel,manual,C,Málaga,dealer,8600
Citroën,city car,2024,44900,120,petrol,manual,C,Barcelona,private,12400
BMW,sedan,2023,52500,190,hybrid,automatic,ECO,Las Palmas,private,39200
Citroën,sedan,2020,67000,110,petrol,automatic,C,Barcelona,private,10900
Mazda,SUV,2016,194300,95,petrol,manual,C,Málaga,private,6100
Renault,city car,2023,29000,85,hybrid,automatic,ECO,Murcia,dealer,14650
Ford,compact,2022,59600,135,diesel,automatic,C,Barcelona,dealer,14650
Fiat,SUV,2018,106700,150,diesel,automatic,C,Valencia,dealer,9250
Mercedes-Benz,compact,2022,46400,175,diesel,automatic,C,A Coruña,dealer,36900
Toyota,SUV,2021,36200,130,diesel,automatic,C,Barcelona,dealer,22050
Renault,compact,2018,99900,105,plug-in hybrid,automatic,0,Other,dealer,10850
Seat,compact,2019,53900,155,plug-in hybrid,automatic,0,Las Palmas,dealer,14900
Peugeot,city car,2019,154200,45,petrol,manual,C,Other,dealer,5450
Kia,SUV,2025,30000,170,petrol,automatic,C,Málaga,private,29600
Peugeot,compact,2020,94300,75,petrol,automatic,C,Granada,dealer,7700
Toyota,SUV,2021,70200,140,hybrid,automatic,ECO,Other,dealer,21400
Audi,compact,2021,105600,125,diesel,automatic,C,Other,dealer,22500
Hyundai,compact,2010,157500,140,hybrid,automatic,ECO,Barcelona,dealer,4550
Hyundai,compact,2017,130500,100,petrol,automatic,C,Sevilla,private,6750
Renault,compact,2007,350900,105,diesel,manual,B,Madrid,private,1600
Peugeot,compact,2020,48200,125,hybrid,automatic,ECO,Other,private,11600
Citroën,SUV,2024,26300,105,petrol,manual,C,Madrid,private,14700
Renault,SUV,2021,82900,130,diesel,automatic,C,Baleares,private,14600
Hyundai,city car,2021,87100,75,petrol,automatic,C,Other,private,9350
Mazda,MPV,2022,47700,140,hybrid,automatic,ECO,Other,dealer,20300
Fiat,city car,2024,9800,60,petrol,manual,C,Zaragoza,dealer,7250
Audi,compact,2019,160100,165,electric,automatic,0,Madrid,private,11550
Toyota,sedan,2022,60800,150,hybrid,automatic,ECO,Valencia,private,21950
Kia,sedan,2025,20000,145,diesel,manual,C,Baleares,private,23750
Mercedes-Benz,sedan,2025,13800,215,diesel,automatic,C,Barcelona,private,68850
Skoda,SUV,2014,242600,125,diesel,manual,B,Other,dealer,6400
Skoda,city car,2021,67000,85,electric,automatic,0,Barcelona,dealer,10150
Opel,sedan,2020,82300,135,diesel,automatic,C,Barcelona,private,10650
Nissan,SUV,2025,14000,85,diesel,automatic,C,Other,dealer,31150
Volkswagen,sedan,2014,196000,155,diesel,automatic,B,Las Palmas,dealer,7250
Seat,compact,2012,292300,150,petrol,manual,C,Other,private,4300
Kia,compact,2017,211600,105,diesel,automatic,C,Málaga,dealer,8200
Opel,compact,2018,88400,125,electric,automatic,0,Barcelona,dealer,8300
Fiat,SUV,2015,233800,125,diesel,manual,C,Other,dealer,4850
Opel,SUV,2024,23300,170,petrol,manual,C,Madrid,dealer,18250
Renault,city car,2016,331000,65,petrol,manual,C,Sevilla,dealer,2650
Opel,SUV,2017,113700,190,hybrid,automatic,ECO,Other,private,10850
Volkswagen,city car,2022,75800,85,hybrid,automatic,ECO,Barcelona,private,13000
Citroën,MPV,2022,115000,135,petrol,automatic,C,Madrid,dealer,13250
Kia,sedan,2020,124600,130,plug-in hybrid,automatic,0,Zaragoza,dealer,18150
Seat,MPV,2023,28700,145,hybrid,manual,ECO,Madrid,private,22500
Renault,compact,2018,192000,140,petrol,manual,C,Madrid,dealer,7950
Nissan,sedan,2016,134400,200,diesel,manual,C,Málaga,dealer,10850
Peugeot,compact,2021,83100,150,diesel,automatic,C,Asturias,private,14700
Kia,city car,2021,41800,90,diesel,manual,C,Barcelona,private,8500
Opel,SUV,2024,48800,115,diesel,manual,C,Madrid,private,18050
Toyota,SUV,2019,108400,155,diesel,manual,C,Valencia,dealer,15150
Audi,sedan,2020,87000,200,electric,automatic,0,Madrid,dealer,26250
Hyundai,MPV,2021,96200,135,diesel,manual,C,Other,dealer,12600
Fiat,compact,2022,81300,130,petrol,automatic,C,Other,dealer,10750
Renault,city car,2024,28500,85,diesel,manual,C,Other,dealer,12400
Citroën,MPV,2018,129300,105,petrol,automatic,C,Other,dealer,9600
Fiat,sedan,2010,226700,165,diesel,automatic,B,Madrid,private,2800
Ford,compact,2020,83000,150,hybrid,automatic,ECO,Other,dealer,12350
Seat,SUV,2018,116200,175,petrol,manual,C,Other,private,12200
Hyundai,city car,2022,53100,75,diesel,manual,C,A Coruña,dealer,9450
Toyota,compact,2019,184700,135,hybrid,automatic,ECO,Barcelona,dealer,11450
Fiat,city car,2010,264200,105,petrol,manual,C,Asturias,private,1950
Dacia,compact,2017,413200,100,petrol,manual,C,Vizcaya,dealer,3800
Renault,compact,2024,28400,90,petrol,manual,C,Other,dealer,13350
Volkswagen,compact,2019,66000,150,diesel,automatic,C,Other,dealer,15100
Seat,city car,2019,149000,75,petrol,automatic,C,Murcia,dealer,7950
BMW,SUV,2013,275600,215,petrol,automatic,C,A Coruña,private,8250
Skoda,MPV,2022,65600,110,hybrid,automatic,ECO,Barcelona,private,15300
Seat,SUV,2013,265900,165,petrol,manual,C,Sevilla,dealer,6450
Skoda,compact,2012,137800,125,petrol,manual,C,Madrid,dealer,5400
Nissan,compact,2023,48500,160,hybrid,automatic,ECO,Madrid,private,23850
BMW,MPV,2023,36600,155,electric,automatic,0,Barcelona,private,55550
Citroën,compact,2018,58200,130,electric,automatic,0,Valencia,private,6700
Peugeot,city car,2021,44800,85,diesel,automatic,C,Other,private,9800
Toyota,compact,2011,302400,105,petrol,manual,C,Other,dealer,3300
Skoda,city car,2015,102600,75,petrol,manual,C,Valladolid,private,4950
Opel,compact,2018,94300,125,diesel,automatic,C,Vizcaya,dealer,9100
Dacia,compact,2016,113600,85,petrol,automatic,C,Las Palmas,dealer,4100
Mercedes-Benz,city car,2018,116500,135,diesel,manual,C,Other,private,11550
Volkswagen,compact,2018,150200,150,diesel,automatic,C,Other,dealer,11350
Skoda,compact,2024,32600,100,diesel,automatic,C,Valencia,private,16250
Seat,compact,2025,28700,95,petrol,automatic,C,Málaga,dealer,22700
Renault,sedan,2016,150100,200,hybrid,automatic,ECO,Other,dealer,10150
Audi,SUV,2024,21900,150,diesel,automatic,C,Vizcaya,dealer,48400
Seat,sedan,2021,68200,140,diesel,automatic,C,Madrid,dealer,16050
Ford,compact,2023,38400,95,petrol,automatic,C,Madrid,dealer,12700
Mercedes-Benz,city car,2021,62500,105,diesel,automatic,C,Baleares,dealer,17900
Renault,MPV,2013,148800,170,diesel,automatic,B,Sevilla,dealer,6450
Seat,SUV,2021,91000,160,petrol,manual,C,Granada,private,15450
Volkswagen,SUV,2022,67200,120,diesel,manual,C,Barcelona,dealer,19950
Opel,SUV,2016,108300,140,electric,automatic,0,Other,dealer,6950
Toyota,compact,2017,144200,115,hybrid,automatic,ECO,Granada,dealer,10200
Hyundai,SUV,2024,39300,105,diesel,automatic,C,Alicante,dealer,24800
Nissan,compact,2020,113100,85,diesel,automatic,C,Other,dealer,9450
Mercedes-Benz,SUV,2017,86300,200,hybrid,automatic,ECO,Baleares,dealer,18900
Renault,SUV,2023,30800,110,petrol,automatic,C,Sevilla,dealer,16450
Toyota,sedan,2019,138000,165,hybrid,automatic,ECO,Asturias,dealer,19750
Renault,SUV,2024,24800,140,petrol,manual,C,Valencia,private,21900
Mercedes-Benz,SUV,2024,68400,255,petrol,automatic,C,Other,dealer,47500
Renault,MPV,2024,33300,140,plug-in hybrid,automatic,0,Other,dealer,27000
Nissan,SUV,2022,59000,110,diesel,manual,C,Other,private,13850
Renault,compact,2014,248200,110,diesel,automatic,B,Other,dealer,5350
Hyundai,SUV,2006,161400,185,diesel,manual,B,Barcelona,dealer,3150
Citroën,compact,2021,60500,110,petrol,automatic,C,Madrid,dealer,13350
Renault,SUV,2017,105700,125,petrol,automatic,C,Valladolid,dealer,7650
Volkswagen,compact,2020,128800,150,hybrid,automatic,ECO,Las Palmas,private,14800
Citroën,SUV,2021,63900,175,petrol,manual,C,Zaragoza,dealer,16450
Dacia,city car,2023,60700,75,petrol,automatic,C,Other,dealer,7150
Renault,SUV,2023,66200,110,diesel,automatic,C,A Coruña,dealer,16300
Nissan,compact,2018,177200,110,petrol,manual,C,Other,dealer,7700
Peugeot,compact,2018,185700,120,petrol,manual,C,A Coruña,private,8700
Dacia,compact,2018,142600,125,petrol,automatic,C,Alicante,private,4300
Ford,city car,2020,68400,115,hybrid,automatic,ECO,Barcelona,dealer,12550
Renault,compact,2021,123800,125,electric,automatic,0,Other,dealer,13700
Volvo,city car,2021,90800,125,diesel,manual,C,Other,dealer,17800
Skoda,city car,2023,21000,90,petrol,automatic,C,Granada,dealer,14250
BMW,sedan,2024,38200,185,hybrid,automatic,ECO,Other,private,43650
Toyota,SUV,2007,215700,165,diesel,manual,B,Asturias,private,4300
Hyundai,SUV,2020,88200,140,petrol,automatic,C,Vizcaya,dealer,15000
Opel,sedan,2018,128600,145,petrol,automatic,C,Barcelona,dealer,9250
Citroën,compact,2024,29600,145,electric,automatic,0,Alicante,dealer,26150
Kia,SUV,2013,110700,150,hybrid,automatic,ECO,Madrid,dealer,7800
Mazda,SUV,2013,184400,130,hybrid,automatic,ECO,Vizcaya,dealer,7650
Ford,compact,2022,50600,145,diesel,manual,C,Other,dealer,18050
BMW,city car,2008,206100,155,petrol,manual,C,Málaga,private,2350
Ford,SUV,2017,61500,170,plug-in hybrid,automatic,0,Alicante,private,16900
Peugeot,city car,2015,251400,75,petrol,manual,C,Sevilla,dealer,3100
Mercedes-Benz,SUV,2019,75700,185,petrol,automatic,C,A Coruña,dealer,25950
Nissan,sedan,2022,86600,150,petrol,manual,C,Madrid,private,16100
Renault,MPV,2025,13300,170,petrol,automatic,C,Other,dealer,27350
Fiat,city car,2017,78800,70,petrol,manual,C,Murcia,dealer,3500
Ford,sedan,2013,162900,150,diesel,automatic,B,Other,dealer,6300
BMW,compact,2013,140000,160,petrol,automatic,C,Barcelona,dealer,6550
Peugeot,city car,2024,35300,50,diesel,manual,C,Madrid,dealer,11050
Opel,compact,2006,256100,100,diesel,automatic,B,Madrid,private,1200
Mercedes-Benz,MPV,2022,76100,165,plug-in hybrid,manual,0,Vizcaya,dealer,42950
Seat,compact,2023,30300,115,hybrid,automatic,ECO,Madrid,private,17600
Nissan,city car,2019,52300,70,petrol,manual,C,Barcelona,private,7200
Ford,SUV,2023,42800,130,hybrid,automatic,ECO,A Coruña,private,25450
Renault,compact,2006,240000,85,diesel,manual,B,Madrid,private,1050
Ford,compact,2023,47100,165,diesel,manual,C,Barcelona,dealer,19950
Kia,city car,2015,205500,85,petrol,automatic,C,Valladolid,private,3850
Volkswagen,sedan,2025,16200,130,petrol,automatic,C,Madrid,dealer,28650
Citroën,city car,2023,34200,80,petrol,manual,C,Other,dealer,10000
Tesla,sedan,2017,121500,170,electric,automatic,0,Other,dealer,17600
Seat,compact,2017,104400,180,diesel,manual,C,Madrid,dealer,9000
BMW,city car,2023,47200,120,electric,automatic,0,A Coruña,private,31450
Toyota,SUV,2018,117200,165,diesel,manual,C,Murcia,private,12550
Seat,SUV,2025,12200,160,diesel,automatic,C,Alicante,dealer,37350
Hyundai,SUV,2022,60200,170,diesel,manual,C,Madrid,dealer,21050
Ford,sedan,2017,124400,140,diesel,manual,C,Alicante,dealer,9350
Mercedes-Benz,SUV,2018,97300,200,petrol,automatic,C,Madrid,private,24650
Mercedes-Benz,compact,2020,59400,140,electric,automatic,0,Alicante,private,20650
BMW,SUV,2018,66200,255,hybrid,manual,ECO,Madrid,private,19250
BMW,city car,2022,55400,120,petrol,automatic,C,Valencia,private,19000
Audi,city car,2015,166900,125,diesel,automatic,C,Other,dealer,7150
Kia,SUV,2024,24200,145,petrol,automatic,C,Madrid,dealer,25050
Peugeot,sedan,2010,212400,175,diesel,automatic,B,Barcelona,private,3000
Ford,city car,2013,143200,100,diesel,manual,B,Vizcaya,private,3700
Ford,compact,2017,151400,110,hybrid,automatic,ECO,Other,private,7150
Ford,compact,2025,24000,110,diesel,automatic,C,Valencia,dealer,20900
Dacia,SUV,2009,209900,140,diesel,manual,B,Asturias,private,2500
Renault,city car,2019,119600,100,petrol,manual,C,Baleares,private,6800
Seat,city car,2018,101800,80,diesel,automatic,C,Valencia,dealer,6600
Seat,city car,2023,37400,95,hybrid,automatic,ECO,Other,private,14700
Skoda,city car,2021,169800,75,hybrid,automatic,ECO,Valencia,dealer,8900
Mercedes-Benz,compact,2018,155400,200,electric,automatic,0,Madrid,private,14000
BMW,compact,2015,186100,190,diesel,automatic,C,Sevilla,dealer,10150
Seat,sedan,2009,167500,200,diesel,automatic,B,Baleares,dealer,4900
Fiat,MPV,2023,68000,150,petrol,manual,C,Madrid,private,13150
Hyundai,compact,2022,94700,100,plug-in hybrid,automatic,0,Barcelona,private,16900
Fiat,SUV,2023,23100,145,petrol,automatic,C,Vizcaya,private,15950
Renault,compact,2019,150700,140,hybrid,automatic,ECO,Zaragoza,dealer,9750
Volkswagen,city car,2022,44400,95,petrol,manual,C,Murcia,dealer,15050
Renault,MPV,2019,82900,110,electric,automatic,0,Sevilla,dealer,8850
Hyundai,compact,2025,15900,100,diesel,manual,C,Alicante,dealer,21850
Volkswagen,city car,2023,43300,75,diesel,manual,C,Valladolid,private,11900
Fiat,SUV,2015,166400,95,petrol,manual,C,A Coruña,dealer,4450
Fiat,SUV,2024,23600,155,petrol,automatic,C,Other,private,16900
Mercedes-Benz,city car,2021,92400,110,hybrid,automatic,ECO,Barcelona,dealer,16950
Peugeot,compact,2016,152000,115,diesel,manual,C,Málaga,dealer,7700
Tesla,SUV,2023,54200,145,electric,automatic,0,Alicante,private,40600
BMW,city car,2022,45400,115,petrol,manual,C,Baleares,dealer,19700
Dacia,SUV,2016,235900,130,diesel,automatic,C,Other,dealer,7050
Seat,SUV,2020,76500,150,petrol,automatic,C,Asturias,dealer,18050
Ford,compact,2014,204400,160,diesel,manual,B,Valencia,private,5400
Volkswagen,compact,2021,82500,115,petrol,automatic,C,Valencia,dealer,14500
Dacia,SUV,2023,32300,135,petrol,automatic,C,Barcelona,private,14150
Volkswagen,compact,2009,102100,105,petrol,manual,C,Barcelona,dealer,4500
Audi,SUV,2022,53100,180,petrol,automatic,C,Other,dealer,33600
Kia,city car,2017,149100,80,petrol,manual,C,Málaga,dealer,5050
Mercedes-Benz,compact,2013,155800,170,diesel,automatic,B,A Coruña,dealer,7950
Ford,MPV,2019,117500,130,diesel,automatic,C,Madrid,dealer,9450
Citroën,SUV,2024,16200,110,diesel,automatic,C,Other,private,21200
Skoda,compact,2024,15100,110,petrol,automatic,C,Madrid,dealer,19900
BMW,SUV,2023,64200,140,diesel,automatic,C,Murcia,dealer,35650
BMW,city car,2024,28400,95,hybrid,automatic,ECO,Málaga,private,27850
Fiat,MPV,2020,61100,135,petrol,manual,C,Sevilla,dealer,9350
Kia,compact,2020,84600,110,hybrid,automatic,ECO,Other,private,10850
Seat,sedan,2010,170900,155,diesel,manual,B,Granada,private,4050
Kia,city car,2016,207200,110,hybrid,automatic,ECO,Valencia,private,5600
Mazda,MPV,2024,26500,165,hybrid,automatic,ECO,Barcelona,private,26350
Hyundai,SUV,2024,73400,125,petrol,manual,C,Other,private,22550
Mercedes-Benz,compact,2021,63400,130,diesel,automatic,C,Other,private,19100
BMW,compact,2022,41800,165,plug-in hybrid,automatic,0,Granada,private,33300
BMW,SUV,2013,168800,235,diesel,automatic,B,Valencia,dealer,12150
Citroën,SUV,2013,157100,185,petrol,manual,C,Navarra,private,6600
Mercedes-Benz,compact,2010,226300,145,diesel,automatic,B,Valencia,dealer,4750
Nissan,SUV,2018,179700,130,petrol,manual,C,Madrid,dealer,8850
Fiat,SUV,2016,72900,130,petrol,manual,C,Sevilla,private,5400
Opel,SUV,2023,22500,115,petrol,automatic,C,Barcelona,private,17250
Fiat,city car,2021,75100,80,petrol,manual,C,Other,dealer,7150
Seat,SUV,2021,39900,115,petrol,automatic,C,Valencia,private,15500
Volkswagen,sedan,2022,97600,195,plug-in hybrid,automatic,0,Valencia,private,31200
Volkswagen,SUV,2019,83600,140,petrol,manual,C,Other,dealer,15350
Seat,city car,2014,214900,105,petrol,automatic,C,A Coruña,dealer,4000
Toyota,SUV,2022,50100,135,diesel,automatic,C,Valencia,private,24950
Kia,SUV,2011,221000,155,diesel,manual,B,Madrid,dealer,4150
Mercedes-Benz,SUV,2006,399600,235,diesel,automatic,B,Barcelona,dealer,3300
Ford,MPV,2018,104800,100,electric,automatic,0,Murcia,dealer,7700
Opel,SUV,2015,127900,145,hybrid,automatic,ECO,Other,private,6650
Tesla,sedan,2021,68900,195,electric,automatic,0,Sevilla,private,30750
Skoda,city car,2019,109900,85,petrol,manual,C,Madrid,dealer,7650
Seat,SUV,2012,403800,175,petrol,manual,C,Other,dealer,4850
Skoda,compact,2023,54500,140,electric,automatic,0,Barcelona,private,21550
Opel,SUV,2022,53400,120,electric,automatic,0,Barcelona,private,17050
Volkswagen,sedan,2011,230200,115,petrol,manual,C,Madrid,private,3900
Toyota,MPV,2017,82400,150,diesel,automatic,C,Málaga,dealer,13450
Toyota,MPV,2014,198400,110,diesel,manual,B,Barcelona,private,3800
Volkswagen,sedan,2022,64000,110,electric,automatic,0,Madrid,private,16950
Citroën,city car,2020,135400,70,electric,automatic,0,Málaga,dealer,6250
Volvo,SUV,2022,34100,140,petrol,manual,C,Las Palmas,dealer,25350
Skoda,city car,2019,146300,70,petrol,automatic,C,Málaga,dealer,6500
Seat,SUV,2023,53200,150,petrol,manual,C,Baleares,dealer,20600
Volkswagen,compact,2020,115300,110,petrol,automatic,C,Barcelona,private,11350
Nissan,compact,2021,54400,140,petrol,automatic,C,Valencia,dealer,15800
Toyota,SUV,2020,84200,160,petrol,automatic,C,Other,dealer,18750
Toyota,SUV,2020,205700,165,hybrid,manual,ECO,Barcelona,private,15750
Ford,sedan,2018,151500,130,diesel,automatic,C,Madrid,dealer,9750
Mazda,compact,2020,117200,105,diesel,manual,C,Barcelona,dealer,12000
Volkswagen,city car,2018,111800,75,petrol,manual,C,Alicante,dealer,6700
Tesla,SUV,2025,20500,160,electric,automatic,0,Valladolid,private,67750
Hyundai,compact,2014,172000,95,diesel,automatic,B,Barcelona,private,3500
Renault,compact,2022,72100,125,petrol,automatic,C,Granada,dealer,12200
Volkswagen,compact,2014,106300,115,hybrid,automatic,ECO,Barcelona,dealer,7250
Dacia,SUV,2013,118500,125,diesel,manual,B,Madrid,dealer,2950
Volkswagen,sedan,2025,11100,180,petrol,automatic,C,Madrid,dealer,39800
Mercedes-Benz,city car,2013,193300,105,diesel,automatic,B,Madrid,private,4100
Peugeot,SUV,2019,130700,135,diesel,manual,C,Other,dealer,11200
Renault,compact,2011,284400,115,petrol,manual,C,Barcelona,dealer,3100
Volkswagen,city car,2017,129400,130,petrol,automatic,C,Other,private,9050
Seat,SUV,2022,92800,150,hybrid,automatic,ECO,Málaga,private,19050
Ford,compact,2021,90400,130,petrol,automatic,C,Barcelona,dealer,12200
Renault,compact,2019,98200,105,petrol,automatic,C,Other,private,7750
BMW,city car,2019,61000,130,petrol,automatic,C,Madrid,private,13250
Dacia,city car,2023,41400,75,petrol,manual,C,Málaga,dealer,7900
Mazda,MPV,2022,67900,130,diesel,manual,C,Other,dealer,18350
Dacia,SUV,2023,47900,100,diesel,automatic,C,Madrid,dealer,11650
BMW,city car,2020,58200,120,plug-in hybrid,automatic,0,Las Palmas,dealer,18650
Seat,SUV,2022,91400,165,diesel,automatic,C,Other,dealer,18900
Ford,compact,2011,326700,100,petrol,manual,C,Other,private,3050
Nissan,MPV,2020,166700,140,diesel,automatic,C,Murcia,dealer,10800
Kia,SUV,2012,221700,155,petrol,manual,C,Madrid,private,4950
Peugeot,SUV,2023,75500,95,petrol,manual,C,Madrid,dealer,14800
Opel,MPV,2025,11300,185,petrol,automatic,C,Valencia,private,25100
Volkswagen,city car,2010,122100,70,petrol,manual,C,Asturias,dealer,2700
Kia,compact,2024,24500,170,hybrid,manual,ECO,Other,private,22700
Opel,compact,2025,21300,110,hybrid,automatic,ECO,Asturias,private,18300
Dacia,city car,2023,32300,65,petrol,automatic,C,Málaga,dealer,8250
Hyundai,compact,2020,49400,120,diesel,manual,C,Granada,private,10300
BMW,SUV,2023,50400,130,plug-in hybrid,automatic,0,Other,dealer,48350
Peugeot,sedan,2023,30000,140,electric,automatic,0,Barcelona,dealer,32000
BMW,SUV,2025,10300,155,diesel,automatic,C,Barcelona,private,61550
Nissan,city car,2019,93000,85,electric,automatic,0,Barcelona,dealer,7450
Opel,compact,2021,33600,85,diesel,automatic,C,Madrid,private,9350
Fiat,compact,2020,117400,95,petrol,automatic,C,A Coruña,dealer,7550
Seat,sedan,2021,49800,205,diesel,automatic,C,Murcia,dealer,18650
Renault,SUV,2011,309100,120,diesel,manual,B,Other,private,3600
Audi,compact,2020,124600,125,diesel,manual,C,Madrid,private,15050
Volkswagen,sedan,2021,160200,180,hybrid,manual,ECO,Madrid,dealer,19550
Citroën,MPV,2013,120100,145,diesel,manual,B,Madrid,private,3800
Kia,sedan,2025,7100,130,petrol,manual,C,A Coruña,dealer,21100
Mazda,compact,2024,20400,115,petrol,automatic,C,Granada,private,22400
Peugeot,sedan,2022,57500,135,petrol,manual,C,Granada,dealer,13200
Ford,SUV,2017,95900,140,hybrid,automatic,ECO,Baleares,private,10650
Renault,compact,2021,65400,110,electric,automatic,0,Other,private,11400
Toyota,SUV,2020,162100,145,hybrid,automatic,ECO,Other,dealer,18750
BMW,city car,2022,49500,75,diesel,automatic,C,Sevilla,dealer,15450
Renault,MPV,2024,54900,125,diesel,automatic,C,Baleares,private,20100
Kia,SUV,2022,52400,160,hybrid,automatic,ECO,Other,private,21700
Renault,city car,2020,104700,70,petrol,automatic,C,Barcelona,dealer,6450
Toyota,compact,2018,84200,115,diesel,manual,C,Málaga,dealer,10000
Seat,compact,2013,190200,100,petrol,manual,C,Sevilla,dealer,4500
Seat,sedan,2006,353200,175,hybrid,manual,ECO,Valencia,private,2600
Peugeot,city car,2023,76400,80,diesel,manual,C,Barcelona,private,11500
Seat,compact,2017,141500,105,petrol,automatic,C,Valencia,dealer,6450
Volkswagen,compact,2023,48100,150,hybrid,automatic,ECO,Madrid,private,25550
Citroën,SUV,2022,61300,170,hybrid,manual,ECO,Other,dealer,16650
Nissan,sedan,2025,14000,155,petrol,manual,C,Granada,private,28400
Skoda,SUV,2016,166300,115,petrol,manual,C,Other,dealer,7450
BMW,compact,2021,175600,165,diesel,automatic,C,Other,dealer,27400
Peugeot,SUV,2019,150400,120,petrol,manual,C,Other,dealer,8950
Volkswagen,city car,2021,58000,105,plug-in hybrid,automatic,0,Murcia,dealer,17300
Volvo,compact,2015,420000,160,petrol,automatic,C,Barcelona,private,7650
Seat,city car,2025,14100,65,diesel,manual,C,Barcelona,dealer,12500
Citroën,city car,2011,164500,60,diesel,manual,B,Alicante,dealer,1950
Kia,sedan,2025,15400,165,petrol,automatic,C,Madrid,private,29650
Toyota,city car,2018,147500,95,hybrid,automatic,ECO,Baleares,private,7250
Peugeot,sedan,2024,20300,105,petrol,automatic,C,Barcelona,dealer,24550
Nissan,compact,2014,134600,100,diesel,manual,B,Other,dealer,5000
Opel,compact,2017,112400,100,diesel,automatic,C,Valencia,dealer,8450
Opel,compact,2022,87700,95,hybrid,automatic,ECO,Alicante,dealer,12050
Opel,compact,2021,69300,85,hybrid,automatic,ECO,Other,dealer,9600
Seat,SUV,2025,19900,100,petrol,automatic,C,Other,private,22500
Skoda,compact,2011,216900,150,diesel,manual,B,Barcelona,dealer,3300
Seat,sedan,2022,47400,130,petrol,automatic,C,Other,private,16450
Peugeot,sedan,2020,92500,110,hybrid,automatic,ECO,Madrid,dealer,12900
Kia,SUV,2021,71900,160,hybrid,automatic,ECO,A Coruña,dealer,20300
Renault,sedan,2023,47800,135,petrol,automatic,C,Other,dealer,18900
Toyota,city car,2021,141800,75,diesel,manual,C,Vizcaya,private,8350
Kia,SUV,2021,93100,115,petrol,manual,C,Zaragoza,private,11550
Mercedes-Benz,MPV,2024,22100,160,petrol,automatic,C,Baleares,dealer,48950
Kia,SUV,2018,140100,165,petrol,automatic,C,Valladolid,dealer,11950
Tesla,SUV,2018,52200,145,electric,automatic,0,Barcelona,private,20200
Toyota,compact,2022,48700,95,petrol,automatic,C,Vizcaya,dealer,14900
Fiat,compact,2013,158000,70,diesel,manual,B,Murcia,dealer,2850
Opel,MPV,2012,159100,105,petrol,automatic,C,Madrid,dealer,4000
Toyota,compact,2020,139100,85,plug-in hybrid,automatic,0,Madrid,dealer,14450
Ford,SUV,2024,24900,170,petrol,automatic,C,Other,dealer,28300
Renault,compact,2025,11600,85,petrol,manual,C,Valladolid,dealer,18100
Toyota,SUV,2018,104800,140,hybrid,automatic,ECO,Madrid,private,14350
Volkswagen,compact,2024,26500,85,petrol,manual,C,Madrid,dealer,20800
Audi,sedan,2021,57500,275,petrol,automatic,C,Barcelona,dealer,36450
Renault,city car,2023,66600,80,petrol,automatic,C,Murcia,dealer,11350
Kia,sedan,2019,86000,120,diesel,manual,C,Barcelona,dealer,12650
Nissan,SUV,2021,153000,135,petrol,automatic,C,Other,private,13550
Ford,sedan,2023,30500,135,diesel,manual,C,Granada,dealer,18300
Toyota,compact,2018,104500,100,hybrid,automatic,ECO,Other,dealer,10600
Toyota,SUV,2018,187400,125,petrol,automatic,C,Barcelona,dealer,12800
Citroën,sedan,2006,176000,165,petrol,automatic,C,Barcelona,dealer,3000
Toyota,sedan,2021,116300,155,petrol,manual,C,Madrid,dealer,16750
Renault,city car,2023,55500,100,hybrid,automatic,ECO,Málaga,private,13250
Ford,SUV,2022,61400,145,diesel,manual,C,Other,private,19600
Citroën,sedan,2016,191200,105,petrol,manual,C,Alicante,private,5400
Skoda,compact,2020,66800,90,petrol,manual,C,Zaragoza,private,9050
Ford,MPV,2019,122200,150,petrol,manual,C,Other,private,10300
Kia,sedan,2021,76000,170,plug-in hybrid,automatic,0,Barcelona,dealer,20200
Peugeot,compact,2019,68300,125,plug-in hybrid,automatic,0,Other,dealer,13700
Seat,sedan,2023,30700,145,petrol,manual,C,Alicante,dealer,15750
Kia,city car,2008,364500,85,diesel,manual,B,Granada,private,1800
Mercedes-Benz,city car,2019,103600,105,diesel,automatic,C,Barcelona,private,13900
Seat,compact,2023,55700,105,petrol,automatic,C,Málaga,dealer,13950
Hyundai,compact,2012,122300,120,petrol,manual,C,Granada,dealer,4700
Toyota,city car,2016,124600,75,petrol,manual,C,Other,dealer,5450
Ford,compact,2025,6900,125,petrol,automatic,C,Barcelona,private,28300
Skoda,SUV,2012,82300,135,petrol,manual,C,Madrid,private,5500
Toyota,city car,2010,167900,100,diesel,manual,B,Barcelona,private,2600
Audi,compact,2015,123600,150,petrol,automatic,C,Other,private,8850
Peugeot,compact,2024,17900,135,petrol,automatic,C,Valencia,dealer,19400
Nissan,compact,2024,49100,135,hybrid,automatic,ECO,Alicante,dealer,20450
Peugeot,SUV,2017,89500,145,electric,automatic,0,Valencia,private,9400
Hyundai,compact,2006,420000,110,petrol,manual,C,Barcelona,dealer,2200
Dacia,city car,2023,36300,70,petrol,automatic,C,Vizcaya,dealer,8450
Fiat,sedan,2021,42000,160,petrol,manual,C,Other,dealer,13200
Peugeot,SUV,2020,56100,120,hybrid,automatic,ECO,Barcelona,dealer,15050
Citroën,compact,2025,15200,85,diesel,automatic,C,Madrid,dealer,18100
Tesla,SUV,2014,220000,185,electric,automatic,0,A Coruña,dealer,7950
Citroën,compact,2006,420000,120,diesel,manual,B,Madrid,private,1250
Opel,compact,2018,206800,115,petrol,manual,C,Barcelona,dealer,6050
Hyundai,compact,2023,52100,130,petrol,manual,C,Málaga,dealer,17000
Audi,SUV,2020,89300,230,petrol,automatic,C,Vizcaya,dealer,28450
Toyota,SUV,2021,135700,120,diesel,automatic,C,Other,private,13250
Ford,compact,2022,56500,110,petrol,automatic,C,Barcelona,dealer,12600
Nissan,compact,2019,110600,185,petrol,automatic,C,Other,dealer,13200
Citroën,city car,2018,127300,75,petrol,manual,C,Málaga,dealer,5700
Seat,compact,2007,212100,80,petrol,automatic,C,Other,dealer,1900
Mercedes-Benz,city car,2022,34400,80,petrol,automatic,C,Barcelona,dealer,22000
Toyota,city car,2018,176400,75,hybrid,automatic,ECO,Other,dealer,8350
Citroën,compact,2021,48600,115,petrol,manual,C,Other,private,10850
Renault,SUV,2024,43700,155,petrol,manual,C,Madrid,dealer,21950
BMW,city car,2022,70000,105,diesel,automatic,C,Sevilla,private,18800
Ford,city car,2021,64100,70,diesel,manual,C,Alicante,private,7750
Citroën,SUV,2017,188100,140,petrol,manual,C,Granada,dealer,8850
BMW,compact,2020,69500,120,hybrid,automatic,ECO,Las Palmas,private,19500
Dacia,compact,2017,121200,155,hybrid,automatic,ECO,Vizcaya,dealer,6600
Nissan,sedan,2024,44800,195,petrol,manual,C,Sevilla,private,26750
Seat,city car,2019,143100,90,hybrid,automatic,ECO,Other,dealer,6650
Mercedes-Benz,MPV,2024,20100,230,petrol,automatic,C,Other,dealer,50000
Citroën,SUV,2025,14700,125,petrol,automatic,C,Valencia,dealer,22750
Seat,compact,2014,146400,135,diesel,automatic,B,Valladolid,private,6000
Seat,compact,2022,63200,145,diesel,automatic,C,Other,private,14750
Dacia,sedan,2013,167500,125,diesel,manual,B,Navarra,private,3050
Kia,compact,2019,141400,120,diesel,automatic,C,Madrid,dealer,12100
Peugeot,compact,2023,61900,155,hybrid,automatic,ECO,Alicante,dealer,23950
Mercedes-Benz,MPV,2024,34300,130,diesel,automatic,C,Málaga,dealer,42100
Skoda,SUV,2019,78100,105,petrol,manual,C,Navarra,private,10500
Citroën,SUV,2017,130800,140,petrol,manual,C,Asturias,private,7150
BMW,compact,2020,82500,105,petrol,automatic,C,Zaragoza,private,16650
Mazda,city car,2023,20800,90,diesel,manual,C,Barcelona,dealer,16000
Dacia,compact,2015,97100,130,petrol,automatic,C,Other,dealer,5150
Renault,compact,2023,32200,125,petrol,automatic,C,Other,dealer,15800
Renault,SUV,2006,273500,180,petrol,manual,C,Other,private,2500
Fiat,SUV,2020,94000,120,petrol,automatic,C,Zaragoza,private,8200
BMW,compact,2015,203300,165,petrol,manual,C,Other,dealer,9400
Audi,MPV,2022,50400,175,petrol,manual,C,Asturias,dealer,27100
Nissan,SUV,2021,64100,165,petrol,manual,C,Madrid,private,16150
Ford,sedan,2023,53700,105,hybrid,automatic,ECO,Other,dealer,19150
Citroën,city car,2007,420000,80,diesel,manual,B,Murcia,dealer,1350
Volkswagen,compact,2024,32000,95,diesel,manual,C,Baleares,dealer,17500
Seat,sedan,2022,61000,170,hybrid,manual,ECO,Other,private,18700
Kia,sedan,2021,61600,190,plug-in hybrid,automatic,0,Other,dealer,23100
Citroën,sedan,2013,174500,200,diesel,manual,B,Other,private,4600
Audi,MPV,2007,251800,195,petrol,automatic,C,Barcelona,dealer,3550
Audi,SUV,2016,107600,215,diesel,automatic,C,Sevilla,dealer,14000
Peugeot,compact,2010,238700,95,diesel,automatic,B,Zaragoza,private,2800
Dacia,MPV,2015,108700,120,diesel,manual,C,Barcelona,private,4500
Peugeot,SUV,2023,45600,190,plug-in hybrid,manual,0,Alicante,dealer,23100
Seat,sedan,2023,36100,160,petrol,manual,C,Murcia,dealer,17500
Seat,sedan,2021,92000,180,electric,automatic,0,Other,private,17100
Toyota,sedan,2015,208800,165,hybrid,automatic,ECO,Zaragoza,dealer,9400
Kia,SUV,2011,287100,125,diesel,automatic,B,Valencia,dealer,5050
Audi,compact,2016,110000,200,hybrid,automatic,ECO,Barcelona,dealer,13100
Volvo,city car,2024,35800,135,petrol,automatic,C,Barcelona,private,33450
Peugeot,city car,2013,131000,60,petrol,manual,C,Sevilla,private,2850
Opel,city car,2022,51400,85,petrol,automatic,C,Murcia,private,7450
Nissan,SUV,2025,17200,145,diesel,automatic,C,Other,private,30100
Kia,city car,2023,39000,90,petrol,manual,C,Other,private,11600
Opel,MPV,2024,19800,130,petrol,automatic,C,Other,dealer,16050
Peugeot,SUV,2015,93400,165,diesel,automatic,C,Sevilla,dealer,11300
Opel,SUV,2021,73700,145,hybrid,automatic,ECO,Málaga,private,14750
Hyundai,compact,2006,174000,125,diesel,manual,B,Valencia,dealer,2250
Toyota,city car,2017,218100,80,petrol,automatic,C,Alicante,dealer,6200
Renault,MPV,2017,109500,140,petrol,manual,C,Barcelona,dealer,8050
Skoda,SUV,2017,161900,130,petrol,manual,C,Barcelona,dealer,9250
Mercedes-Benz,compact,2018,207900,130,hybrid,automatic,ECO,Other,dealer,15150
Nissan,SUV,2021,77400,115,diesel,automatic,C,Other,dealer,16600
Toyota,city car,2025,10800,80,hybrid,manual,ECO,Other,private,16950
Volkswagen,compact,2023,66800,130,diesel,automatic,C,Other,dealer,22000
Seat,compact,2022,62300,100,diesel,manual,C,Valencia,dealer,13550
Audi,SUV,2023,24600,185,petrol,automatic,C,Murcia,dealer,53800
Skoda,compact,2019,104200,125,plug-in hybrid,automatic,0,Sevilla,dealer,17350
Opel,compact,2022,131100,120,diesel,automatic,C,Other,dealer,12100
Seat,city car,2021,72700,70,diesel,automatic,C,Barcelona,dealer,9100
Toyota,SUV,2020,159100,165,plug-in hybrid,manual,0,Málaga,dealer,16150
Seat,SUV,2017,188200,170,hybrid,automatic,ECO,Barcelona,dealer,12700
Fiat,sedan,2023,25400,165,petrol,automatic,C,Barcelona,dealer,17650
Volkswagen,sedan,2024,27500,130,plug-in hybrid,automatic,0,Valencia,dealer,37400
Audi,sedan,2023,25200,230,diesel,automatic,C,Sevilla,dealer,44450
Peugeot,compact,2019,125700,85,petrol,automatic,C,Other,dealer,7350
Kia,compact,2024,20300,145,petrol,automatic,C,Baleares,dealer,21550
Mercedes-Benz,compact,2024,49800,160,petrol,automatic,C,Other,dealer,42500
Hyundai,compact,2013,294000,135,diesel,automatic,B,Alicante,dealer,4750
Volkswagen,SUV,2020,62700,130,petrol,automatic,C,Alicante,private,18200
Kia,city car,2014,187600,95,diesel,automatic,B,Asturias,dealer,4950
Dacia,compact,2021,39700,120,petrol,automatic,C,Alicante,dealer,9950
Hyundai,compact,2020,142000,100,electric,automatic,0,Alicante,dealer,8900
Skoda,compact,2006,365900,90,diesel,automatic,B,Sevilla,dealer,1900
Peugeot,SUV,2023,46500,160,diesel,automatic,C,Other,dealer,23750
Renault,city car,2023,48700,55,hybrid,automatic,ECO,Other,dealer,9300
Dacia,compact,2023,36800,135,plug-in hybrid,automatic,0,Alicante,dealer,17050
Ford,city car,2018,124300,80,diesel,automatic,C,Madrid,dealer,7400
Mazda,sedan,2021,82400,210,hybrid,automatic,ECO,Madrid,private,25650
Peugeot,city car,2017,142600,80,diesel,automatic,C,Navarra,dealer,4750
Renault,sedan,2014,139300,160,petrol,manual,C,Valencia,dealer,5800
Kia,city car,2019,78000,70,diesel,manual,C,Granada,private,6200
Toyota,compact,2025,14300,110,diesel,automatic,C,Navarra,private,27650
Opel,compact,2015,86400,90,petrol,manual,C,Madrid,dealer,4100
Volvo,city car,2016,238100,180,diesel,automatic,C,A Coruña,dealer,7400
Volkswagen,SUV,2017,71400,170,petrol,automatic,C,Zaragoza,dealer,13050
Fiat,city car,2015,139800,90,diesel,automatic,C,Alicante,dealer,4150
Seat,compact,2018,118900,115,diesel,manual,C,Barcelona,dealer,9650
Seat,MPV,2024,33500,130,hybrid,automatic,ECO,Other,private,17350
Peugeot,sedan,2020,214300,135,petrol,manual,C,Valencia,private,9350
Dacia,compact,2021,69400,75,hybrid,automatic,ECO,Madrid,dealer,8100
Volkswagen,SUV,2020,136100,135,petrol,automatic,C,Other,dealer,16950
Seat,compact,2015,160300,105,diesel,automatic,C,Other,private,5200
Mazda,SUV,2010,273300,135,petrol,manual,C,Málaga,private,3750
Skoda,city car,2025,9600,80,petrol,automatic,C,Madrid,dealer,15550
Mazda,city car,2019,84400,80,hybrid,manual,ECO,Las Palmas,dealer,9400
Hyundai,compact,2024,14900,160,hybrid,automatic,ECO,Navarra,private,25950
BMW,city car,2023,54600,125,petrol,automatic,C,Sevilla,dealer,32050
Mercedes-Benz,city car,2009,280100,165,petrol,automatic,C,Valencia,dealer,3550
Peugeot,compact,2025,15100,90,hybrid,automatic,ECO,Barcelona,dealer,22250
Volkswagen,compact,2009,204600,115,petrol,manual,C,Barcelona,dealer,3400
Volvo,sedan,2024,27700,165,petrol,automatic,C,Barcelona,dealer,38100
Tesla,SUV,2021,68800,170,electric,automatic,0,Alicante,dealer,31600
Opel,SUV,2008,312000,160,petrol,automatic,C,Other,dealer,3550
Tesla,SUV,2022,47000,150,electric,automatic,0,Baleares,dealer,41050
Seat,compact,2025,19100,105,diesel,automatic,C,Zaragoza,dealer,20800
Peugeot,city car,2012,263900,115,diesel,manual,B,Sevilla,private,3450
Opel,SUV,2024,28300,165,plug-in hybrid,manual,0,Other,dealer,26350
Mercedes-Benz,SUV,2021,112500,225,diesel,automatic,C,Valladolid,private,30350
Dacia,compact,2015,323300,110,diesel,manual,C,Las Palmas,dealer,3450
Peugeot,SUV,2022,83200,135,diesel,automatic,C,Sevilla,dealer,24150
Hyundai,city car,2025,13600,75,petrol,automatic,C,Madrid,dealer,17350
Fiat,sedan,2024,34400,140,petrol,automatic,C,Madrid,dealer,19850
Volkswagen,compact,2023,58500,95,diesel,automatic,C,Valencia,private,17050
Peugeot,compact,2022,87400,120,diesel,manual,C,Barcelona,dealer,12750
Ford,compact,2025,11500,100,hybrid,automatic,ECO,Madrid,dealer,20900
Volkswagen,MPV,2018,100500,135,plug-in hybrid,manual,0,Barcelona,private,13400
BMW,city car,2020,111200,95,petrol,automatic,C,Alicante,dealer,12350
Toyota,compact,2021,98900,135,plug-in hybrid,manual,0,Other,dealer,17750
Seat,MPV,2021,122400,85,petrol,automatic,C,Málaga,dealer,12200
Renault,compact,2012,229000,160,diesel,manual,B,Sevilla,dealer,4800
Toyota,city car,2015,208700,80,petrol,automatic,C,Zaragoza,dealer,4750
Toyota,city car,2024,27200,75,plug-in hybrid,automatic,0,Barcelona,dealer,19000
Citroën,city car,2009,202600,80,petrol,automatic,C,Alicante,dealer,1800
Peugeot,SUV,2021,58400,135,petrol,manual,C,Other,dealer,15150
Volkswagen,city car,2020,72500,110,petrol,automatic,C,Sevilla,private,11000
Seat,SUV,2023,57500,120,hybrid,automatic,ECO,Madrid,dealer,23350
Mazda,city car,2020,77800,90,petrol,automatic,C,Asturias,private,9900
Toyota,MPV,2014,110500,115,diesel,manual,B,Baleares,private,6500
Audi,SUV,2023,45600,180,hybrid,automatic,ECO,Other,dealer,45400
BMW,SUV,2017,139800,180,hybrid,manual,ECO,Valencia,dealer,14750
BMW,MPV,2017,129000,210,petrol,manual,C,A Coruña,dealer,13700
Mazda,SUV,2021,68700,160,diesel,automatic,C,Granada,dealer,23250
Volkswagen,SUV,2017,159800,140,diesel,automatic,C,Barcelona,dealer,10950
Nissan,sedan,2020,69900,130,petrol,manual,C,Vizcaya,dealer,12850
Volkswagen,SUV,2008,190100,230,diesel,automatic,B,Baleares,dealer,6350
Dacia,city car,2020,156300,90,petrol,manual,C,Barcelona,private,4500
Peugeot,compact,2019,129500,105,petrol,automatic,C,Other,dealer,9450
Peugeot,sedan,2023,51800,145,petrol,automatic,C,Other,dealer,19350
Ford,compact,2020,126000,95,petrol,manual,C,Madrid,private,8150
Fiat,city car,2022,77400,80,petrol,manual,C,Zaragoza,dealer,6250
Hyundai,sedan,2025,25000,120,hybrid,automatic,ECO,Sevilla,dealer,27650
Peugeot,city car,2023,39200,60,diesel,manual,C,Madrid,private,10750
Mercedes-Benz,compact,2022,58900,140,plug-in hybrid,automatic,0,Barcelona,dealer,37050
Opel,sedan,2023,30700,110,diesel,manual,C,Valencia,private,15550
Mazda,compact,2016,319900,145,petrol,automatic,C,Alicante,dealer,8350
Mercedes-Benz,city car,2016,121100,120,petrol,automatic,C,Madrid,dealer,10500
Volkswagen,compact,2023,62300,155,petrol,automatic,C,Las Palmas,private,21650
Peugeot,city car,2021,124100,70,petrol,manual,C,Málaga,private,7250
Toyota,SUV,2025,14800,150,diesel,automatic,C,A Coruña,dealer,27100
Hyundai,SUV,2021,56400,145,diesel,automatic,C,Málaga,dealer,21400
Toyota,SUV,2017,153700,135,petrol,manual,C,Málaga,dealer,9100
Toyota,city car,2014,248500,75,petrol,automatic,C,Asturias,private,3950
Toyota,city car,2020,85800,85,hybrid,automatic,ECO,Las Palmas,dealer,11550
Kia,SUV,2022,82800,150,diesel,automatic,C,Las Palmas,dealer,18300
Mazda,city car,2022,97800,70,petrol,automatic,C,Madrid,dealer,12450
Peugeot,compact,2006,358600,95,diesel,manual,B,Vizcaya,dealer,2050
Toyota,MPV,2025,18600,170,diesel,manual,C,Alicante,dealer,31850
Toyota,compact,2021,49700,100,hybrid,automatic,ECO,Murcia,dealer,15900
Volvo,compact,2023,42200,140,diesel,manual,C,Other,private,26150
Citroën,city car,2016,163100,120,electric,automatic,0,Granada,dealer,4750
Renault,compact,2022,53100,100,electric,automatic,0,Alicante,private,12850
Renault,city car,2018,98700,95,diesel,automatic,C,Other,private,5950
Skoda,SUV,2021,61200,180,petrol,manual,C,Other,dealer,16350
Seat,sedan,2024,30200,135,diesel,automatic,C,Las Palmas,private,24500
Volkswagen,SUV,2023,49000,165,diesel,manual,C,Other,dealer,31600
Peugeot,SUV,2013,302700,145,diesel,automatic,B,Alicante,private,6250
Citroën,SUV,2012,394900,160,hybrid,automatic,ECO,Other,private,6050
Opel,compact,2021,137900,150,hybrid,manual,ECO,Other,dealer,14500
Opel,compact,2021,57900,65,petrol,automatic,C,Other,private,8200
BMW,city car,2020,90700,115,petrol,manual,C,Valencia,private,13800
Seat,city car,2017,78500,60,diesel,manual,C,Barcelona,private,3650
Volkswagen,SUV,2022,31000,115,hybrid,automatic,ECO,Asturias,dealer,22700
Kia,city car,2022,62200,75,diesel,manual,C,Valladolid,dealer,10450
Dacia,MPV,2023,43100,125,hybrid,automatic,ECO,Granada,dealer,13850
Renault,sedan,2022,50300,155,petrol,automatic,C,Madrid,private,16450
Seat,MPV,2016,179500,130,diesel,manual,C,Madrid,private,6950
BMW,SUV,2019,147300,160,hybrid,automatic,ECO,Barcelona,private,15550
Kia,sedan,2017,133100,165,hybrid,automatic,ECO,Sevilla,private,10300
Citroën,SUV,2022,102400,130,hybrid,automatic,ECO,Sevilla,dealer,16450
Fiat,SUV,2024,43000,165,hybrid,automatic,ECO,Zaragoza,private,24000
Mercedes-Benz,compact,2020,101200,210,petrol,automatic,C,Other,private,24500
Mercedes-Benz,sedan,2021,124300,150,plug-in hybrid,automatic,0,Other,dealer,33600
Nissan,SUV,2017,127100,130,plug-in hybrid,automatic,0,Sevilla,dealer,13900
Peugeot,SUV,2014,96700,110,diesel,manual,B,Murcia,private,7000
BMW,compact,2012,172900,235,petrol,manual,C,Madrid,private,6750
Volkswagen,city car,2015,402100,65,petrol,automatic,C,Other,dealer,4600
Renault,compact,2021,70500,110,petrol,automatic,C,Other,private,10300
Dacia,compact,2022,65700,105,petrol,automatic,C,Las Palmas,private,8850
Kia,sedan,2012,375900,125,diesel,manual,B,Other,dealer,5200
Volvo,sedan,2020,93600,225,plug-in hybrid,automatic,0,Madrid,dealer,35400
Skoda,compact,2019,56100,160,hybrid,automatic,ECO,Other,dealer,11950
Nissan,compact,2025,16900,125,hybrid,automatic,ECO,Other,dealer,24900
Seat,SUV,2020,100900,180,petrol,automatic,C,Baleares,private,13950
Audi,SUV,2010,274100,185,diesel,automatic,B,Granada,dealer,5650
Mercedes-Benz,city car,2019,125700,115,petrol,automatic,C,Granada,dealer,15450
Fiat,compact,2021,79200,110,petrol,automatic,C,Other,private,8850
Nissan,compact,2015,140200,130,petrol,automatic,C,Other,dealer,6800
Citroën,compact,2016,253300,140,petrol,manual,C,Madrid,dealer,5300
Renault,city car,2009,188800,80,diesel,manual,B,Murcia,dealer,2100
Hyundai,city car,2021,72200,85,petrol,automatic,C,Barcelona,dealer,9800
Citroën,compact,2015,212500,145,diesel,manual,C,Madrid,dealer,6050
Opel,sedan,2017,147900,140,petrol,automatic,C,Madrid,dealer,9400
Opel,compact,2021,97100,115,diesel,automatic,C,Barcelona,private,10050
Citroën,compact,2012,230800,95,petrol,manual,C,Madrid,dealer,3800
Peugeot,SUV,2024,21100,150,diesel,automatic,C,Madrid,private,30650
Kia,SUV,2022,50300,205,petrol,automatic,C,Barcelona,private,27600
Fiat,compact,2018,155100,110,petrol,automatic,C,Málaga,dealer,5550
Fiat,compact,2019,149400,125,diesel,manual,C,Madrid,dealer,7600
Peugeot,compact,2021,63000,135,petrol,manual,C,Barcelona,dealer,10800
Citroën,sedan,2024,39900,120,diesel,automatic,C,Madrid,dealer,22450
Renault,city car,2020,115700,105,plug-in hybrid,automatic,0,Sevilla,private,9300
Volkswagen,SUV,2025,16800,110,hybrid,automatic,ECO,Sevilla,private,28800
Dacia,sedan,2011,248300,150,petrol,automatic,C,Madrid,dealer,3200
Seat,compact,2021,90100,115,petrol,automatic,C,Madrid,dealer,12050
Volkswagen,compact,2022,36400,100,diesel,manual,C,Barcelona,private,14150
Renault,compact,2018,161200,90,diesel,automatic,C,Other,dealer,7300
Fiat,compact,2017,153800,110,diesel,automatic,C,Madrid,private,5250
Volvo,compact,2025,11700,165,petrol,automatic,C,Madrid,dealer,47450
Volkswagen,city car,2015,100500,75,petrol,manual,C,Sevilla,private,4700
Opel,city car,2024,34900,70,petrol,automatic,C,Other,private,9850
Audi,SUV,2024,31600,150,diesel,automatic,C,Madrid,dealer,44700
Seat,compact,2009,420000,85,diesel,manual,B,Madrid,private,1600
Toyota,SUV,2023,52500,160,petrol,manual,C,Valencia,dealer,24250
Volkswagen,SUV,2020,96700,170,petrol,manual,C,Barcelona,dealer,14600
Volkswagen,SUV,2020,113800,190,electric,automatic,0,Murcia,dealer,21800
BMW,city car,2020,67800,100,diesel,automatic,C,Madrid,dealer,17550
Skoda,city car,2018,107200,70,diesel,manual,C,Other,dealer,5100
Ford,SUV,2006,315800,125,petrol,manual,C,Granada,dealer,2350
Peugeot,sedan,2018,53500,210,diesel,automatic,C,Murcia,private,13900
Seat,SUV,2010,317700,135,petrol,manual,C,Barcelona,dealer,3350
Dacia,SUV,2012,149100,110,diesel,automatic,B,Other,dealer,3600
Toyota,sedan,2018,111100,190,petrol,manual,C,Madrid,private,9650
Hyundai,city car,2022,51200,70,petrol,automatic,C,Other,dealer,10650
Volkswagen,compact,2022,66500,150,petrol,automatic,C,Other,private,19050
Nissan,SUV,2018,94900,140,diesel,manual,C,Alicante,dealer,11400
Renault,compact,2019,138100,150,diesel,automatic,C,Other,dealer,9650
Audi,compact,2017,90500,170,diesel,automatic,C,Alicante,dealer,12800
Toyota,compact,2006,220800,115,diesel,automatic,B,Other,dealer,2600
Renault,sedan,2017,194400,125,hybrid,automatic,ECO,Valladolid,dealer,7800
Mercedes-Benz,city car,2020,102100,120,plug-in hybrid,automatic,0,Málaga,dealer,21400
Skoda,sedan,2021,65900,175,petrol,automatic,C,Málaga,dealer,15850
Fiat,city car,2016,156900,60,petrol,automatic,C,Sevilla,dealer,3100
Fiat,SUV,2021,149800,120,diesel,automatic,C,Granada,dealer,13600
Hyundai,SUV,2017,167500,165,hybrid,automatic,ECO,Other,dealer,10650
Opel,city car,2021,66800,65,petrol,automatic,C,Madrid,dealer,6600
BMW,SUV,2019,114500,190,diesel,automatic,C,Navarra,dealer,21500
Renault,city car,2021,60100,75,petrol,manual,C,Barcelona,dealer,7900
Seat,sedan,2024,40700,155,petrol,automatic,C,Other,private,22900
Renault,SUV,2020,64100,170,petrol,automatic,C,Vizcaya,private,14600
Renault,compact,2024,22700,95,electric,automatic,0,Asturias,dealer,20700
Dacia,compact,2021,97700,110,petrol,manual,C,Other,dealer,7650
Skoda,city car,2022,43800,110,diesel,automatic,C,Alicante,dealer,12400
Volkswagen,SUV,2022,63900,205,petrol,automatic,C,Zaragoza,dealer,26200
Dacia,compact,2024,22000,155,petrol,automatic,C,Murcia,dealer,13550
Toyota,compact,2017,171300,135,hybrid,automatic,ECO,Other,dealer,11200
Ford,SUV,2019,90900,125,diesel,automatic,C,Murcia,dealer,11950
Audi,MPV,2021,111900,185,plug-in hybrid,automatic,0,Baleares,private,31000
BMW,SUV,2021,142700,190,petrol,automatic,C,Alicante,dealer,30100
Volkswagen,city car,2021,60700,70,petrol,automatic,C,A Coruña,dealer,10400
Toyota,compact,2022,34900,130,hybrid,automatic,ECO,Las Palmas,private,17950
Mazda,MPV,2022,35200,120,diesel,manual,C,Madrid,dealer,21750
Volvo,MPV,2018,122900,175,petrol,manual,C,Madrid,dealer,16500
Renault,compact,2013,172800,100,diesel,automatic,B,Other,dealer,4100
Renault,city car,2023,34000,65,plug-in hybrid,automatic,0,Madrid,dealer,12950
Seat,SUV,2023,80600,140,petrol,manual,C,Madrid,dealer,21750
Peugeot,sedan,2022,49200,165,petrol,manual,C,Other,dealer,16600
Dacia,compact,2022,81300,125,diesel,automatic,C,Other,private,10300
Ford,sedan,2019,53100,160,plug-in hybrid,manual,0,Barcelona,dealer,18600
Volkswagen,MPV,2015,194800,130,petrol,automatic,C,Madrid,dealer,7100
Volkswagen,SUV,2021,58100,165,plug-in hybrid,automatic,0,Las Palmas,dealer,27200
Kia,compact,2017,124500,110,diesel,automatic,C,Málaga,dealer,7100
Seat,compact,2017,105700,145,petrol,automatic,C,Madrid,private,7000
Renault,MPV,2020,47800,130,electric,automatic,0,Málaga,dealer,14850
Opel,compact,2023,59100,115,petrol,automatic,C,Zaragoza,dealer,15650
BMW,city car,2022,50400,165,diesel,automatic,C,Sevilla,private,29800
Toyota,SUV,2021,92800,170,hybrid,automatic,ECO,Madrid,dealer,22000
Skoda,compact,2019,66000,120,diesel,manual,C,Madrid,dealer,10400
Volvo,MPV,2018,184200,150,petrol,manual,C,A Coruña,dealer,11550
BMW,compact,2025,18500,140,petrol,automatic,C,Other,dealer,45650
Volkswagen,SUV,2022,47500,160,diesel,automatic,C,Las Palmas,private,22750
Opel,city car,2016,132200,105,petrol,manual,C,A Coruña,private,3850
Audi,SUV,2006,126400,165,petrol,automatic,C,Vizcaya,dealer,2900
Peugeot,SUV,2018,128600,135,electric,automatic,0,Madrid,dealer,11350
BMW,SUV,2013,248600,160,petrol,manual,C,Valencia,private,6250
Opel,compact,2019,111500,100,hybrid,automatic,ECO,Barcelona,dealer,7600
Citroën,compact,2021,46800,140,diesel,automatic,C,Other,dealer,14300
Renault,compact,2018,86200,110,petrol,automatic,C,Other,dealer,8300
Peugeot,sedan,2022,40600,140,electric,automatic,0,Zaragoza,dealer,19950
Toyota,city car,2021,73900,90,petrol,automatic,C,Málaga,dealer,10750
Ford,compact,2025,13300,135,petrol,manual,C,Madrid,private,18500
Opel,compact,2011,240000,135,diesel,automatic,B,Other,dealer,4000
Volkswagen,compact,2016,159700,130,petrol,manual,C,Other,dealer,8100
Volkswagen,sedan,2015,115400,165,diesel,manual,C,Other,dealer,9150
Nissan,SUV,2025,16900,175,diesel,automatic,C,Other,dealer,37250
Hyundai,city car,2023,28900,75,hybrid,automatic,ECO,Other,dealer,13850
Hyundai,city car,2022,66800,60,diesel,automatic,C,Barcelona,private,8500
Hyundai,SUV,2025,10800,125,diesel,automatic,C,Barcelona,dealer,32950
Citroën,city car,2025,14000,70,electric,automatic,0,Other,dealer,16300
Ford,sedan,2007,145900,165,diesel,automatic,B,Zaragoza,dealer,3700
Ford,city car,2017,135000,95,hybrid,automatic,ECO,Baleares,dealer,7350
Volvo,city car,2023,25400,115,diesel,automatic,C,Granada,dealer,28300
Citroën,compact,2024,28800,125,hybrid,manual,ECO,Madrid,dealer,20700
Kia,sedan,2016,107800,160,petrol,manual,C,Granada,private,7900
Peugeot,compact,2017,156400,100,diesel,automatic,C,A Coruña,dealer,6550
Renault,city car,2021,49600,65,diesel,manual,C,Málaga,dealer,7650
Kia,city car,2024,27900,75,electric,automatic,0,Madrid,private,17650
Volvo,sedan,2020,91800,205,hybrid,automatic,ECO,Other,private,23450
Volkswagen,SUV,2021,54700,95,petrol,manual,C,Valencia,dealer,15750
Mercedes-Benz,sedan,2024,27600,200,hybrid,automatic,ECO,Other,dealer,65950
Nissan,compact,2021,79800,120,petrol,automatic,C,Other,private,11550
Ford,compact,2023,38400,90,hybrid,automatic,ECO,Madrid,dealer,15950
Mercedes-Benz,compact,2022,84100,190,petrol,automatic,C,Barcelona,dealer,32950
Renault,city car,2017,180900,85,diesel,manual,C,Other,dealer,4800
Peugeot,compact,2020,69400,130,petrol,manual,C,Other,dealer,10500
Toyota,compact,2014,226200,100,petrol,manual,C,Murcia,private,5050
Toyota,SUV,2020,117000,140,petrol,automatic,C,Zaragoza,private,14650
Citroën,city car,2023,35100,80,diesel,manual,C,Zaragoza,private,10650
Mercedes-Benz,SUV,2024,21100,250,hybrid,automatic,ECO,Sevilla,dealer,82850
Tesla,sedan,2023,41900,220,electric,automatic,0,Other,private,48800
Peugeot,SUV,2009,147200,135,petrol,automatic,C,Other,private,3950
Toyota,compact,2024,21400,165,hybrid,manual,ECO,Other,dealer,27650
Audi,city car,2017,135300,135,hybrid,automatic,ECO,Zaragoza,dealer,12800
Peugeot,SUV,2019,106500,115,petrol,manual,C,Baleares,private,10300
Toyota,city car,2011,302500,60,hybrid,automatic,ECO,Navarra,dealer,2250
Citroën,SUV,2006,371500,140,diesel,manual,B,Sevilla,private,2150
Tesla,sedan,2023,29500,165,electric,automatic,0,Valladolid,dealer,44450
Audi,city car,2010,230400,85,hybrid,automatic,ECO,Other,private,2850
Kia,city car,2009,106700,50,diesel,manual,B,Other,dealer,1700
Peugeot,compact,2022,109200,120,petrol,automatic,C,Madrid,dealer,13000
Fiat,compact,2023,52200,105,plug-in hybrid,automatic,0,Madrid,dealer,11950
Skoda,city car,2014,143800,55,petrol,automatic,C,Baleares,dealer,2950
Nissan,compact,2023,32400,95,petrol,automatic,C,Valencia,dealer,16550
Nissan,SUV,2024,43500,150,electric,automatic,0,Madrid,dealer,27500
Kia,SUV,2019,122100,210,petrol,manual,C,Madrid,dealer,14400
BMW,sedan,2022,35400,190,petrol,automatic,C,Madrid,private,35950
Renault,city car,2024,41500,80,hybrid,automatic,ECO,Madrid,dealer,14200
Renault,sedan,2022,79300,150,petrol,automatic,C,Asturias,dealer,18900
Hyundai,compact,2012,300500,130,petrol,manual,C,Valencia,dealer,4600
Citroën,sedan,2025,13900,160,hybrid,automatic,ECO,Madrid,dealer,34250
Seat,city car,2023,25000,90,diesel,automatic,C,Barcelona,dealer,14250
Seat,compact,2022,77900,130,hybrid,automatic,ECO,Other,private,14100
Audi,SUV,2025,12200,215,petrol,automatic,C,Málaga,dealer,68600
BMW,compact,2024,39900,140,electric,automatic,0,Las Palmas,dealer,50450
Skoda,SUV,2021,66800,215,electric,automatic,0,Other,dealer,22150
Seat,city car,2022,123300,80,petrol,manual,C,Madrid,private,8350
Volvo,compact,2022,44400,195,plug-in hybrid,automatic,0,Other,private,33900
Mercedes-Benz,SUV,2019,127700,180,petrol,automatic,C,Other,dealer,23500
Dacia,compact,2016,175500,95,hybrid,automatic,ECO,Madrid,dealer,4800
Toyota,SUV,2013,298900,125,diesel,manual,B,Murcia,private,6050
Seat,SUV,2015,179600,145,diesel,automatic,C,Other,dealer,7300
Dacia,SUV,2011,264700,145,diesel,automatic,B,Navarra,dealer,3350
Peugeot,SUV,2016,150200,135,petrol,automatic,C,Alicante,private,7900
Hyundai,city car,2019,95300,95,petrol,automatic,C,Other,dealer,7750
Dacia,city car,2018,79900,115,hybrid,automatic,ECO,Other,private,5350
Hyundai,city car,2023,49100,60,diesel,automatic,C,Baleares,dealer,10550
Opel,SUV,2021,49600,205,petrol,manual,C,Madrid,private,17900
Opel,SUV,2012,278100,155,diesel,manual,B,Barcelona,dealer,4250
Ford,city car,2011,167300,100,petrol,manual,C,Baleares,private,3050
Volvo,city car,2025,15300,85,petrol,automatic,C,Other,private,24100
Hyundai,SUV,2023,65800,185,petrol,automatic,C,Las Palmas,dealer,26900
Volvo,SUV,2008,205900,190,petrol,automatic,C,Barcelona,dealer,3850
Dacia,MPV,2023,37100,110,hybrid,automatic,ECO,Other,dealer,13400
Dacia,SUV,2013,346400,170,petrol,manual,C,Valencia,dealer,3550
Peugeot,city car,2016,156900,80,diesel,manual,C,Alicante,private,4850
BMW,city car,2023,39600,100,diesel,automatic,C,Madrid,private,24700
Volkswagen,compact,2024,44400,115,plug-in hybrid,automatic,0,Other,private,27550
Hyundai,SUV,2019,117400,140,diesel,automatic,C,Granada,dealer,12900
Citroën,SUV,2023,36700,145,diesel,manual,C,Valladolid,dealer,21150
Volkswagen,SUV,2017,122300,115,petrol,automatic,C,Madrid,private,11500
Renault,SUV,2015,115500,160,petrol,automatic,C,Other,dealer,9150
Seat,city car,2020,52800,85,petrol,manual,C,Barcelona,dealer,9800
Renault,SUV,2025,13400,115,petrol,manual,C,Navarra,dealer,21650
Ford,sedan,2019,79000,120,diesel,manual,C,Barcelona,dealer,11450
Peugeot,compact,2020,63900,130,hybrid,automatic,ECO,Madrid,private,10300
Skoda,compact,2019,74700,120,diesel,automatic,C,A Coruña,private,11300
Seat,SUV,2024,34200,95,petrol,automatic,C,Vizcaya,dealer,21300
Mercedes-Benz,MPV,2017,91100,160,diesel,manual,C,Murcia,dealer,11450
BMW,SUV,2021,53500,155,petrol,automatic,C,Other,dealer,30350
Audi,SUV,2015,169100,190,petrol,manual,C,Zaragoza,dealer,8550
Citroën,city car,2018,123100,60,petrol,manual,C,Madrid,dealer,5350
Hyundai,sedan,2012,176100,200,petrol,automatic,C,Other,dealer,5450
Fiat,MPV,2010,223700,125,diesel,manual,B,Other,dealer,2650
Volvo,city car,2015,151900,90,petrol,automatic,C,Baleares,dealer,5800
Toyota,SUV,2021,59900,150,diesel,automatic,C,Other,private,22100
Seat,SUV,2022,83100,150,diesel,manual,C,Other,dealer,17400
Peugeot,city car,2017,174400,75,diesel,automatic,C,Other,private,4900
Opel,MPV,2014,161000,120,petrol,automatic,C,Other,dealer,5550
Seat,SUV,2021,68100,190,hybrid,automatic,ECO,Vizcaya,dealer,21800
Nissan,sedan,2023,56600,120,hybrid,automatic,ECO,Other,private,24600
Nissan,city car,2021,59600,100,hybrid,automatic,ECO,Málaga,dealer,10400
Ford,compact,2019,89100,140,hybrid,automatic,ECO,Valencia,dealer,13850
Toyota,SUV,2015,228400,190,petrol,manual,C,Other,private,9050
Ford,SUV,2018,66000,125,petrol,manual,C,Other,dealer,12600
Hyundai,compact,2024,29800,120,diesel,automatic,C,Barcelona,dealer,19350
Hyundai,compact,2023,29800,105,diesel,automatic,C,Murcia,private,14600
Citroën,sedan,2021,66200,125,electric,automatic,0,Barcelona,dealer,14500
Citroën,sedan,2020,92600,115,petrol,manual,C,Murcia,private,7900
Hyundai,compact,2014,195700,110,diesel,automatic,B,Madrid,dealer,4500
Volkswagen,compact,2022,44400,110,petrol,automatic,C,Other,dealer,16200
Mazda,SUV,2017,111100,105,petrol,automatic,C,Barcelona,dealer,11550
Peugeot,compact,2013,109900,130,diesel,automatic,B,Granada,dealer,4450
Mercedes-Benz,sedan,2017,180600,220,diesel,automatic,C,Navarra,dealer,18200
Dacia,SUV,2024,53500,175,diesel,automatic,C,Navarra,dealer,19500
Seat,SUV,2022,40100,180,petrol,manual,C,Madrid,private,18350
Citroën,MPV,2023,50400,135,petrol,automatic,C,Barcelona,private,16100
Fiat,sedan,2018,82700,170,electric,automatic,0,Valencia,dealer,7900
Fiat,compact,2015,129700,105,hybrid,automatic,ECO,Barcelona,private,4250
Seat,compact,2020,93600,120,diesel,automatic,C,Other,dealer,10000
Ford,SUV,2021,74700,125,hybrid,automatic,ECO,Other,dealer,17250
Skoda,SUV,2023,58300,150,plug-in hybrid,automatic,0,Baleares,private,28500
Citroën,compact,2019,77900,110,petrol,manual,C,Vizcaya,dealer,9300
Seat,MPV,2008,271700,110,petrol,manual,C,Other,private,2150
Hyundai,SUV,2008,167400,155,petrol,manual,C,Madrid,dealer,3600
Kia,city car,2012,207600,80,diesel,manual,B,Madrid,dealer,2200
Hyundai,compact,2023,37000,115,diesel,automatic,C,Madrid,dealer,18300
Ford,SUV,2021,73000,125,diesel,automatic,C,Sevilla,dealer,14900
Fiat,SUV,2017,124900,185,hybrid,automatic,ECO,Other,private,9350
Renault,compact,2016,132100,100,petrol,manual,C,Other,private,5150
Skoda,compact,2021,96700,150,electric,automatic,0,Valencia,dealer,16350
Mercedes-Benz,city car,2015,298300,95,petrol,automatic,C,Vizcaya,dealer,7000
Nissan,compact,2025,14100,125,petrol,automatic,C,Other,dealer,22000
Ford,city car,2013,134200,80,diesel,manual,B,Madrid,dealer,2600
Seat,sedan,2022,84900,190,hybrid,automatic,ECO,Navarra,private,17150
Citroën,compact,2021,113300,90,plug-in hybrid,automatic,0,Las Palmas,dealer,10150
Fiat,SUV,2020,88000,115,plug-in hybrid,automatic,0,Vizcaya,private,13300
Audi,compact,2025,13400,165,hybrid,automatic,ECO,Alicante,dealer,49250
Skoda,SUV,2025,17300,160,diesel,manual,C,Other,dealer,27700
BMW,MPV,2022,122100,180,petrol,automatic,C,Sevilla,private,26950
Nissan,SUV,2012,138900,165,petrol,manual,C,Other,dealer,7350
Dacia,compact,2022,60000,80,petrol,manual,C,Other,private,6850
Volvo,sedan,2021,64900,205,diesel,automatic,C,Other,private,25250
Volkswagen,city car,2020,52200,85,diesel,automatic,C,Madrid,private,10450
Seat,compact,2020,108200,140,petrol,automatic,C,Sevilla,private,10900
Seat,city car,2018,175500,65,petrol,automatic,C,Vizcaya,dealer,4750
Renault,compact,2023,23300,85,petrol,automatic,C,Murcia,private,12750
Fiat,SUV,2021,94900,120,diesel,automatic,C,Barcelona,dealer,11800
Ford,SUV,2010,211800,110,petrol,manual,C,Baleares,private,3250
Mercedes-Benz,compact,2018,122500,160,petrol,automatic,C,Other,private,15600
Nissan,city car,2018,132500,90,diesel,automatic,C,Madrid,dealer,7300
Renault,compact,2015,140200,125,petrol,automatic,C,Madrid,dealer,6500
Dacia,compact,2022,59500,85,diesel,automatic,C,Alicante,dealer,8950
Hyundai,city car,2011,177300,100,hybrid,automatic,ECO,Las Palmas,dealer,3800
Skoda,city car,2025,13700,75,diesel,manual,C,Baleares,dealer,16800
Toyota,compact,2014,238600,120,petrol,manual,C,Barcelona,private,5800
Renault,SUV,2021,78400,125,petrol,automatic,C,Other,dealer,15950
Ford,sedan,2024,50500,180,diesel,manual,C,Other,dealer,28400
Ford,SUV,2018,60800,145,hybrid,automatic,ECO,Asturias,private,14950
Renault,city car,2021,82100,90,petrol,automatic,C,Valladolid,dealer,9900
Citroën,sedan,2018,193800,155,plug-in hybrid,automatic,0,Alicante,dealer,11200
Mercedes-Benz,compact,2022,81400,125,hybrid,automatic,ECO,Other,dealer,23100
Audi,SUV,2023,40200,190,petrol,automatic,C,Madrid,dealer,47750
Seat,SUV,2020,93600,155,plug-in hybrid,automatic,0,Other,private,19450
Hyundai,sedan,2019,56600,180,hybrid,automatic,ECO,Baleares,dealer,16750
Peugeot,compact,2020,119200,120,petrol,manual,C,Barcelona,private,11150
Nissan,sedan,2021,71000,175,diesel,automatic,C,Madrid,private,19550
Peugeot,sedan,2024,43000,135,petrol,automatic,C,Alicante,dealer,23800
Mercedes-Benz,SUV,2011,221700,285,petrol,automatic,C,Barcelona,dealer,8250
Kia,city car,2023,31800,100,diesel,automatic,C,Barcelona,private,16000
Audi,SUV,2021,105400,180,petrol,manual,C,Barcelona,dealer,28750
Seat,sedan,2021,54700,155,electric,automatic,0,Valencia,dealer,16350
Renault,sedan,2015,231500,180,petrol,automatic,C,Madrid,dealer,7850
Volvo,city car,2024,29900,90,diesel,manual,C,Málaga,dealer,25950
Nissan,city car,2020,109100,70,hybrid,automatic,ECO,Other,dealer,8400
Nissan,city car,2015,255700,60,diesel,manual,C,Other,private,3100
Volkswagen,compact,2020,114800,125,petrol,manual,C,Asturias,dealer,12000
Opel,MPV,2023,50800,165,hybrid,automatic,ECO,Zaragoza,private,19400
Audi,sedan,2017,121200,135,diesel,automatic,C,Barcelona,dealer,13650
Volvo,city car,2021,89400,115,diesel,automatic,C,Navarra,dealer,17250
Hyundai,SUV,2020,126700,130,petrol,manual,C,Other,private,12150
Toyota,compact,2022,55600,145,petrol,automatic,C,Other,private,16400
Toyota,compact,2020,104300,135,hybrid,automatic,ECO,Other,private,13150
Nissan,SUV,2015,163700,150,diesel,automatic,C,Barcelona,dealer,8950
Nissan,sedan,2020,95400,185,hybrid,automatic,ECO,Valencia,private,16950
Seat,city car,2021,109100,75,diesel,automatic,C,Madrid,dealer,8450
Audi,compact,2020,96200,165,diesel,automatic,C,Barcelona,dealer,20450
Seat,compact,2019,90900,150,petrol,automatic,C,Asturias,private,9700
Peugeot,SUV,2021,76100,130,petrol,automatic,C,Madrid,private,15200
Mercedes-Benz,compact,2024,35000,195,petrol,automatic,C,Sevilla,dealer,41800
Volkswagen,SUV,2020,81600,145,hybrid,automatic,ECO,Asturias,dealer,16600
Volkswagen,compact,2019,136600,120,petrol,manual,C,Barcelona,dealer,10800
Peugeot,city car,2025,12900,65,petrol,automatic,C,Barcelona,private,14400
Fiat,compact,2024,20900,105,petrol,manual,C,Barcelona,dealer,12950
Renault,sedan,2020,94700,130,petrol,manual,C,Vizcaya,dealer,11100
Toyota,compact,2023,38800,110,petrol,automatic,C,Barcelona,private,14800
Peugeot,SUV,2017,100800,140,petrol,automatic,C,Madrid,dealer,10750
Kia,SUV,2019,133200,185,petrol,manual,C,Valencia,private,14350
Volkswagen,SUV,2017,110700,145,diesel,manual,C,Valladolid,private,12150
Kia,compact,2025,18200,115,petrol,automatic,C,Madrid,dealer,22550
Seat,city car,2022,49400,70,diesel,manual,C,Vizcaya,dealer,8600
Kia,compact,2018,207900,150,hybrid,automatic,ECO,Asturias,dealer,10200
Volkswagen,compact,2022,38000,90,petrol,manual,C,Sevilla,dealer,16600
Fiat,city car,2023,39500,65,petrol,manual,C,Vizcaya,dealer,8050
Toyota,SUV,2021,43500,155,diesel,automatic,C,Granada,private,21200
Fiat,SUV,2024,37800,130,plug-in hybrid,automatic,0,Valencia,dealer,25050
Peugeot,compact,2022,60800,130,hybrid,automatic,ECO,Other,dealer,13500
Opel,MPV,2024,42400,125,hybrid,automatic,ECO,Other,dealer,21300
Mercedes-Benz,MPV,2015,296400,140,hybrid,automatic,ECO,Barcelona,private,10550
Ford,sedan,2014,113000,160,diesel,automatic,B,Other,private,8150
Volkswagen,compact,2024,59100,115,plug-in hybrid,automatic,0,Alicante,dealer,25800
Seat,sedan,2023,41500,160,diesel,manual,C,Other,dealer,19050
Volkswagen,SUV,2021,45800,115,petrol,automatic,C,Valladolid,private,17700
Kia,sedan,2023,55000,130,petrol,automatic,C,Málaga,dealer,20500
Renault,city car,2024,26300,80,diesel,automatic,C,Other,dealer,16300
Volvo,compact,2017,66700,150,plug-in hybrid,automatic,0,Madrid,private,14650
Mercedes-Benz,compact,2023,46500,200,diesel,automatic,C,Vizcaya,private,43850
Dacia,SUV,2021,55000,165,petrol,manual,C,Vizcaya,dealer,12350
Renault,city car,2016,189300,110,petrol,manual,C,Baleares,dealer,4600
Nissan,MPV,2025,18600,90,petrol,automatic,C,Valencia,dealer,21100
Hyundai,compact,2021,49200,130,hybrid,automatic,ECO,Barcelona,private,15200
Citroën,SUV,2016,143700,170,petrol,automatic,C,Vizcaya,private,9700
Toyota,compact,2024,37100,105,diesel,automatic,C,Other,dealer,18200
Seat,sedan,2018,142000,140,hybrid,automatic,ECO,Valladolid,dealer,12900
Mazda,compact,2018,128300,125,petrol,automatic,C,Madrid,private,9050
Renault,city car,2012,197300,105,petrol,manual,C,Barcelona,dealer,3250
Audi,compact,2023,44500,180,diesel,automatic,C,A Coruña,private,36200
BMW,sedan,2018,122000,180,petrol,automatic,C,Other,dealer,19300
Skoda,compact,2022,67800,120,petrol,automatic,C,Murcia,private,15000
Renault,SUV,2019,44900,170,petrol,automatic,C,Barcelona,dealer,15950
Peugeot,SUV,2008,319900,140,diesel,automatic,B,Valencia,dealer,3950
Renault,SUV,2019,163700,120,petrol,automatic,C,Málaga,dealer,10700
Hyundai,SUV,2013,144500,165,petrol,manual,C,Málaga,dealer,6300
Peugeot,compact,2020,54200,165,diesel,manual,C,Valladolid,dealer,15050
Toyota,sedan,2016,189400,140,petrol,automatic,C,Baleares,private,9500
Ford,SUV,2017,90300,120,diesel,manual,C,Other,private,9050
Kia,city car,2023,54900,60,petrol,automatic,C,Barcelona,private,8850
Citroën,compact,2020,51000,150,hybrid,automatic,ECO,Madrid,dealer,12150
Seat,compact,2019,166800,105,diesel,automatic,C,Other,dealer,7800
Dacia,SUV,2018,169400,160,petrol,automatic,C,Madrid,private,7350
Toyota,city car,2024,29000,70,electric,automatic,0,Navarra,private,16150
Volvo,compact,2015,151100,150,diesel,automatic,C,Baleares,private,8950
Seat,compact,2022,44800,90,petrol,automatic,C,Valladolid,private,12000
Renault,compact,2023,49900,110,diesel,automatic,C,Vizcaya,dealer,15200
BMW,compact,2018,171900,180,diesel,automatic,C,Barcelona,dealer,18050
Toyota,city car,2017,137100,70,petrol,manual,C,Madrid,private,6050
Peugeot,SUV,2020,42000,150,plug-in hybrid,automatic,0,Alicante,dealer,19500
Skoda,sedan,2021,68300,120,hybrid,automatic,ECO,Valencia,dealer,20000
Peugeot,compact,2019,96600,110,hybrid,automatic,ECO,Other,private,9350
Peugeot,MPV,2023,69800,180,diesel,automatic,C,Madrid,private,19650
Skoda,SUV,2017,56200,120,petrol,automatic,C,Zaragoza,private,10400
Peugeot,compact,2020,92300,125,diesel,automatic,C,Other,dealer,13150
Opel,SUV,2008,258100,100,hybrid,manual,ECO,Las Palmas,private,2550
Ford,compact,2024,30500,100,hybrid,automatic,ECO,Madrid,dealer,21600
Renault,sedan,2025,20700,120,hybrid,automatic,ECO,Barcelona,private,22450
Dacia,compact,2023,33000,85,plug-in hybrid,automatic,0,Barcelona,dealer,13200
Opel,city car,2010,164700,110,diesel,manual,B,Other,dealer,2900
Citroën,SUV,2017,186200,215,petrol,manual,C,Madrid,dealer,9700
Citroën,SUV,2020,77100,150,petrol,automatic,C,Málaga,private,11500
Volvo,MPV,2015,85500,215,diesel,manual,C,Other,dealer,12450
Ford,compact,2014,216700,120,petrol,manual,C,Madrid,dealer,4450
Volkswagen,compact,2016,167400,125,diesel,manual,C,Navarra,private,6800
Opel,compact,2018,68400,105,petrol,manual,C,Other,private,6800
Seat,compact,2025,15300,110,diesel,automatic,C,Madrid,dealer,22150
Nissan,compact,2019,160600,120,petrol,manual,C,Valencia,dealer,7450
Peugeot,compact,2022,99800,105,petrol,automatic,C,Murcia,dealer,14050
Peugeot,compact,2019,117900,80,hybrid,automatic,ECO,Other,dealer,8300
Volkswagen,compact,2019,67100,135,petrol,automatic,C,Madrid,dealer,13950
Seat,compact,2006,246600,120,diesel,manual,B,Alicante,dealer,1700
Seat,compact,2019,150800,105,petrol,automatic,C,Madrid,dealer,8300
Kia,compact,2016,155500,90,petrol,manual,C,Sevilla,dealer,6100
Volvo,SUV,2022,61800,205,petrol,manual,C,Other,dealer,38800
Volkswagen,compact,2017,112000,120,petrol,manual,C,Other,dealer,10050
Citroën,SUV,2012,169800,120,petrol,manual,C,Murcia,dealer,4450
Citroën,SUV,2010,325000,150,diesel,manual,B,Barcelona,dealer,3300
Renault,MPV,2021,44900,105,electric,automatic,0,Other,dealer,12350
Skoda,sedan,2021,66300,190,hybrid,automatic,ECO,Other,dealer,23450
Citroën,SUV,2018,114000,125,hybrid,manual,ECO,Navarra,private,8400
Renault,compact,2019,93500,95,petrol,automatic,C,Madrid,dealer,9650
Renault,compact,2021,65900,115,hybrid,manual,ECO,Zaragoza,private,11250
Opel,SUV,2022,54900,135,petrol,automatic,C,Murcia,dealer,17700
Peugeot,city car,2017,124600,65,diesel,automatic,C,Barcelona,private,4550
Ford,compact,2023,70200,100,petrol,manual,C,Málaga,dealer,12350
Mazda,city car,2020,160000,50,diesel,manual,C,Madrid,dealer,5600
Toyota,compact,2020,183800,95,hybrid,automatic,ECO,Madrid,dealer,10400
Peugeot,SUV,2022,35200,120,diesel,manual,C,Málaga,private,18200
Renault,SUV,2018,184100,155,petrol,manual,C,Zaragoza,dealer,10450
Seat,sedan,2007,265100,160,diesel,automatic,B,Sevilla,private,3100
Dacia,SUV,2020,88100,135,petrol,automatic,C,Las Palmas,private,9600
Opel,SUV,2024,51000,130,plug-in hybrid,automatic,0,Other,dealer,31650
Seat,SUV,2025,26900,140,petrol,automatic,C,Madrid,dealer,29050
Peugeot,MPV,2018,140600,125,hybrid,automatic,ECO,Navarra,dealer,9750
Peugeot,compact,2020,54200,115,hybrid,manual,ECO,Other,dealer,13400
Kia,compact,2022,90700,85,diesel,manual,C,Sevilla,private,9650
Ford,city car,2008,304500,75,diesel,automatic,B,Other,dealer,1800
Ford,SUV,2024,37300,170,hybrid,automatic,ECO,Sevilla,dealer,32400
Kia,compact,2020,55800,115,diesel,automatic,C,Other,private,9950
Dacia,city car,2022,100400,75,petrol,manual,C,Madrid,private,5650
Renault,SUV,2019,193800,135,electric,automatic,0,Madrid,private,11100
Fiat,MPV,2010,224100,155,petrol,automatic,C,Other,dealer,2750
BMW,compact,2019,110300,135,hybrid,automatic,ECO,Alicante,dealer,19300
Hyundai,MPV,2011,354900,125,diesel,manual,B,Granada,dealer,3550
Toyota,compact,2017,74800,140,petrol,manual,C,Las Palmas,dealer,10150
Skoda,city car,2021,63000,85,petrol,automatic,C,Murcia,private,9850
Toyota,compact,2018,125400,120,petrol,automatic,C,Barcelona,dealer,9350
Kia,compact,2019,91900,200,diesel,manual,C,Barcelona,dealer,13650
Seat,SUV,2025,16100,175,petrol,automatic,C,Baleares,dealer,33000
Renault,city car,2016,99300,65,petrol,automatic,C,Barcelona,dealer,4400
Kia,SUV,2025,7100,155,petrol,automatic,C,Barcelona,dealer,32050
Kia,SUV,2021,68900,130,diesel,automatic,C,A Coruña,private,17500
Peugeot,sedan,2025,18900,115,petrol,automatic,C,Alicante,private,24950
Dacia,compact,2022,67900,115,hybrid,manual,ECO,Madrid,dealer,8650
Kia,sedan,2024,42900,155,petrol,automatic,C,Sevilla,dealer,22800
Hyundai,SUV,2018,87100,140,plug-in hybrid,automatic,0,Other,private,13950
Dacia,sedan,2013,160900,180,petrol,manual,C,Madrid,dealer,4800
Ford,SUV,2019,124100,160,diesel,automatic,C,Other,dealer,17050
Fiat,SUV,2011,374400,130,petrol,manual,C,Other,private,2900
Kia,SUV,2022,79400,135,petrol,automatic,C,Other,private,16900
Seat,MPV,2018,121200,110,petrol,automatic,C,Other,dealer,7750
Peugeot,compact,2023,16400,105,plug-in hybrid,manual,0,Valencia,dealer,20100
Peugeot,compact,2022,92200,115,electric,automatic,0,Barcelona,private,15550
BMW,compact,2020,97100,145,petrol,automatic,C,Murcia,dealer,22300
Opel,compact,2020,137000,120,diesel,automatic,C,Zaragoza,private,9350
Skoda,SUV,2018,196500,150,diesel,manual,C,Valencia,private,8400
Citroën,city car,2017,128600,70,petrol,automatic,C,Barcelona,private,5050
Peugeot,sedan,2018,93600,145,hybrid,automatic,ECO,Madrid,dealer,11600
Renault,compact,2021,53900,135,petrol,automatic,C,Madrid,private,11450
Peugeot,sedan,2022,64500,170,hybrid,manual,ECO,Valladolid,private,17350
Hyundai,city car,2021,73600,95,petrol,manual,C,Madrid,private,10150
Fiat,city car,2009,231900,100,petrol,manual,C,Other,private,1600
Hyundai,sedan,2017,119600,115,hybrid,automatic,ECO,Vizcaya,private,8800
BMW,compact,2020,101000,125,petrol,automatic,C,Other,private,15800
Toyota,SUV,2023,40800,115,petrol,manual,C,Vizcaya,private,19150
Mercedes-Benz,city car,2021,104000,130,petrol,automatic,C,Zaragoza,dealer,17300
Citroën,city car,2024,19300,95,petrol,automatic,C,Other,private,15600
Renault,compact,2025,22600,120,petrol,manual,C,Asturias,dealer,16950
Nissan,SUV,2009,202000,170,diesel,manual,B,Sevilla,dealer,4150
Opel,sedan,2021,52400,215,petrol,automatic,C,Barcelona,private,17350
Audi,SUV,2019,105900,150,petrol,automatic,C,Madrid,dealer,21900
Renault,SUV,2024,51400,130,diesel,automatic,C,Other,dealer,22600
Toyota,city car,2017,106500,85,diesel,manual,C,Barcelona,dealer,6200
Kia,city car,2015,117700,90,petrol,automatic,C,Other,dealer,5300
Seat,sedan,2024,37500,140,petrol,automatic,C,Las Palmas,dealer,19550
Volkswagen,SUV,2019,62300,105,petrol,manual,C,Barcelona,dealer,15200
Kia,compact,2023,38500,115,diesel,automatic,C,Alicante,private,19500
Renault,city car,2020,81500,80,petrol,automatic,C,Barcelona,dealer,7700
Kia,compact,2010,172800,85,petrol,manual,C,Other,dealer,3000
Dacia,SUV,2021,98000,160,petrol,manual,C,Baleares,private,9250
Volvo,city car,2024,40900,150,diesel,manual,C,Zaragoza,dealer,24550
Toyota,compact,2011,319400,105,petrol,automatic,C,A Coruña,dealer,4450
Volkswagen,compact,2023,35900,105,diesel,automatic,C,Valencia,private,18700
Seat,compact,2022,65000,105,petrol,automatic,C,Las Palmas,private,13250
BMW,compact,2012,252000,115,diesel,automatic,B,Madrid,private,3800
Citroën,sedan,2017,127800,140,hybrid,automatic,ECO,Barcelona,dealer,7900
BMW,compact,2025,12900,145,diesel,manual,C,Other,private,41650
Toyota,SUV,2018,174900,150,petrol,manual,C,Other,dealer,12450
Ford,MPV,2013,153900,185,diesel,manual,B,Barcelona,dealer,5400
Audi,compact,2019,96100,185,petrol,automatic,C,Madrid,dealer,18600
Renault,compact,2019,125200,105,diesel,manual,C,Madrid,private,6250
Hyundai,SUV,2025,22200,165,hybrid,automatic,ECO,Granada,dealer,42450
Ford,SUV,2019,131300,135,petrol,manual,C,Other,dealer,10050
Toyota,compact,2020,93700,130,petrol,manual,C,Other,dealer,12900
Opel,compact,2023,21900,105,petrol,automatic,C,Barcelona,private,13350
Toyota,SUV,2023,54900,150,hybrid,automatic,ECO,Other,dealer,32100
Renault,SUV,2018,75400,155,petrol,automatic,C,Madrid,dealer,9400
Mazda,compact,2024,21100,85,diesel,automatic,C,Sevilla,private,22100
Toyota,MPV,2013,279200,140,diesel,manual,B,Madrid,dealer,4150
Audi,SUV,2018,171100,225,diesel,automatic,C,Sevilla,private,18800
Seat,compact,2017,163000,85,diesel,automatic,C,Baleares,dealer,6850
Citroën,compact,2013,161400,95,diesel,manual,B,Other,dealer,4400
Citroën,compact,2018,272800,85,diesel,manual,C,Sevilla,dealer,6000
Citroën,SUV,2015,217800,110,hybrid,automatic,ECO,Valladolid,private,6750
Dacia,SUV,2015,229500,150,diesel,automatic,C,Barcelona,private,4300
Mazda,sedan,2016,107200,145,petrol,manual,C,Granada,dealer,9950
Toyota,SUV,2010,341500,165,petrol,manual,C,Other,private,4350
Fiat,MPV,2019,99900,135,diesel,manual,C,Madrid,dealer,9100
Peugeot,sedan,2010,273400,155,petrol,automatic,C,Other,dealer,4450
Volkswagen,sedan,2018,119600,155,electric,automatic,0,Las Palmas,private,11050
Volvo,compact,2014,160400,120,diesel,manual,B,Madrid,private,4050
BMW,SUV,2020,108000,140,petrol,automatic,C,Other,private,17200
Peugeot,compact,2013,182400,105,hybrid,automatic,ECO,Barcelona,dealer,4800
Audi,city car,2018,162900,100,diesel,automatic,C,Barcelona,dealer,8650
Hyundai,SUV,2020,81600,150,diesel,automatic,C,Barcelona,dealer,17550
Hyundai,compact,2025,19300,125,petrol,manual,C,Barcelona,dealer,21450
Nissan,compact,2018,160200,110,diesel,automatic,C,Madrid,dealer,8050
BMW,compact,2021,70900,140,diesel,automatic,C,Alicante,dealer,21000
Skoda,compact,2021,74200,125,hybrid,automatic,ECO,Las Palmas,dealer,15200
Volkswagen,compact,2021,57900,125,petrol,manual,C,Zaragoza,dealer,14050
Citroën,compact,2017,140400,130,petrol,manual,C,Málaga,private,5750
Volkswagen,MPV,2022,48200,110,plug-in hybrid,automatic,0,Navarra,private,21200
Volvo,compact,2022,32300,135,diesel,manual,C,Sevilla,dealer,20650
Toyota,compact,2016,420000,120,petrol,manual,C,Navarra,dealer,7700
Hyundai,SUV,2018,131900,130,diesel,automatic,C,Málaga,private,11350
Fiat,compact,2021,70800,115,hybrid,automatic,ECO,Alicante,private,9100
Seat,city car,2022,122200,80,petrol,automatic,C,Málaga,dealer,9200
Dacia,sedan,2021,54100,190,diesel,automatic,C,Sevilla,dealer,12550
Seat,MPV,2022,32600,180,hybrid,manual,ECO,Madrid,dealer,23050
Audi,sedan,2019,72600,170,hybrid,automatic,ECO,Baleares,dealer,21150
Hyundai,compact,2023,35600,95,petrol,manual,C,Other,dealer,16500
Seat,compact,2022,40500,100,hybrid,automatic,ECO,Madrid,private,13400
Volkswagen,city car,2020,47600,70,plug-in hybrid,automatic,0,Baleares,dealer,10150
Volkswagen,city car,2020,78100,90,petrol,manual,C,Barcelona,dealer,9150
Ford,compact,2020,72500,90,electric,automatic,0,Barcelona,dealer,9600
Audi,SUV,2020,65800,190,petrol,automatic,C,Madrid,dealer,26200
Mazda,SUV,2016,157100,120,diesel,manual,C,Other,private,8400
Toyota,city car,2022,57600,90,petrol,manual,C,Sevilla,dealer,13450
Peugeot,compact,2021,117700,105,petrol,automatic,C,Vizcaya,private,10800
Volkswagen,compact,2015,117500,130,hybrid,automatic,ECO,Barcelona,private,6800
Seat,city car,2019,127900,55,diesel,automatic,C,Valladolid,dealer,5300
Peugeot,city car,2017,273200,60,petrol,manual,C,Barcelona,private,4100
Ford,city car,2020,71200,65,hybrid,automatic,ECO,Other,dealer,7500
Dacia,compact,2023,43200,110,diesel,automatic,C,A Coruña,dealer,10950
Renault,compact,2023,54900,115,hybrid,manual,ECO,Barcelona,dealer,14150
Dacia,sedan,2020,105000,125,petrol,automatic,C,Other,dealer,8750
Skoda,sedan,2024,29200,115,petrol,automatic,C,Zaragoza,private,21550
Toyota,SUV,2023,67400,170,petrol,manual,C,Barcelona,dealer,24400
Renault,compact,2016,247500,135,diesel,automatic,C,Málaga,private,5900
Fiat,city car,2014,174800,85,diesel,automatic,B,Sevilla,dealer,2800
BMW,city car,2019,144900,85,diesel,automatic,C,Valladolid,dealer,11800
BMW,city car,2023,48300,90,diesel,automatic,C,Valencia,private,22150
Fiat,compact,2024,45500,85,electric,automatic,0,Asturias,dealer,12750
Toyota,city car,2022,40500,70,petrol,automatic,C,Asturias,dealer,11300
Seat,compact,2021,49800,145,petrol,manual,C,Other,dealer,14750
Mercedes-Benz,compact,2023,47800,125,petrol,automatic,C,Murcia,private,29800
Skoda,compact,2023,70500,105,hybrid,automatic,ECO,Navarra,private,15900
Kia,SUV,2025,13300,135,diesel,manual,C,Sevilla,dealer,31000
Audi,compact,2019,79600,155,petrol,automatic,C,Murcia,private,17400
Volkswagen,compact,2019,85700,150,hybrid,manual,ECO,Other,dealer,15850
Tesla,SUV,2016,134600,195,electric,automatic,0,Granada,dealer,13850
Volkswagen,city car,2021,113500,70,petrol,manual,C,Other,dealer,9150
Kia,compact,2021,102500,95,diesel,automatic,C,A Coruña,dealer,10700
Ford,SUV,2017,89000,150,petrol,automatic,C,Murcia,dealer,11350
Kia,compact,2020,234500,110,petrol,automatic,C,Las Palmas,private,9150
Fiat,compact,2016,231100,115,petrol,manual,C,Sevilla,dealer,3750
Hyundai,SUV,2011,183500,160,diesel,automatic,B,Valencia,dealer,6650
Citroën,city car,2022,37400,60,diesel,automatic,C,Las Palmas,private,7300
Peugeot,compact,2025,8200,150,diesel,manual,C,Barcelona,dealer,27000
Ford,sedan,2020,49600,120,hybrid,automatic,ECO,Barcelona,private,16150
Ford,compact,2014,342300,120,diesel,automatic,B,Vizcaya,dealer,4950
Fiat,compact,2019,85800,115,petrol,automatic,C,Málaga,dealer,6500
Toyota,compact,2019,96900,85,hybrid,automatic,ECO,Madrid,dealer,8950
BMW,SUV,2024,45900,235,hybrid,automatic,ECO,Other,private,57950
Kia,SUV,2022,30900,185,petrol,automatic,C,Other,dealer,24900
Renault,SUV,2023,57100,150,petrol,automatic,C,Sevilla,dealer,20400
Mercedes-Benz,compact,2018,126300,180,diesel,automatic,C,Valladolid,dealer,14950
Hyundai,city car,2020,93500,50,petrol,automatic,C,Other,private,6100
Renault,SUV,2023,83400,135,hybrid,automatic,ECO,Vizcaya,dealer,18550
Kia,SUV,2016,199400,150,diesel,manual,C,Zaragoza,dealer,9250
Opel,city car,2023,43200,60,hybrid,manual,ECO,Barcelona,dealer,8550
Citroën,sedan,2025,30200,165,hybrid,manual,ECO,Valencia,private,20600
Volkswagen,sedan,2019,69600,120,petrol,automatic,C,Valencia,dealer,13800
Audi,SUV,2022,15700,190,diesel,automatic,C,Barcelona,private,37900
Renault,city car,2024,38900,75,petrol,manual,C,Granada,private,9250
Volkswagen,compact,2017,98800,85,petrol,automatic,C,Asturias,dealer,6200
Mercedes-Benz,city car,2020,70200,110,petrol,manual,C,Sevilla,dealer,13950
Dacia,sedan,2016,220900,120,petrol,manual,C,Other,dealer,4250
Skoda,SUV,2018,65400,155,petrol,automatic,C,Other,private,13300
Mercedes-Benz,sedan,2021,66100,155,petrol,automatic,C,Málaga,dealer,29350
Toyota,SUV,2025,8100,150,hybrid,automatic,ECO,Other,private,34000
Ford,MPV,2022,92200,125,plug-in hybrid,automatic,0,Barcelona,dealer,19750
Volkswagen,MPV,2025,13800,145,petrol,automatic,C,Sevilla,private,30300
Citroën,city car,2025,13500,55,diesel,automatic,C,Other,dealer,12400
Peugeot,compact,2025,16800,100,petrol,manual,C,Other,dealer,17200
Fiat,SUV,2019,166100,140,electric,automatic,0,Other,dealer,8200
Mazda,compact,2021,77600,115,petrol,automatic,C,Madrid,dealer,14500
Citroën,city car,2014,260500,90,diesel,manual,B,Other,private,3250
Mazda,city car,2025,16500,85,petrol,automatic,C,Baleares,dealer,18550
Mercedes-Benz,SUV,2024,26900,240,petrol,manual,C,Vizcaya,dealer,64200
Mercedes-Benz,SUV,2018,107900,215,petrol,manual,C,Other,dealer,18100
Seat,city car,2013,148900,90,diesel,automatic,B,Other,private,3400
Peugeot,SUV,2024,31300,105,diesel,automatic,C,Valencia,dealer,21550
BMW,city car,2018,204700,110,petrol,automatic,C,Valladolid,dealer,10000
Audi,compact,2022,26900,150,diesel,automatic,C,Sevilla,private,27300
Toyota,city car,2019,88800,65,diesel,automatic,C,Other,private,6650
Fiat,SUV,2023,32300,140,petrol,automatic,C,Other,dealer,15750
Volkswagen,SUV,2025,23900,160,hybrid,automatic,ECO,Málaga,private,41850
Volkswagen,compact,2015,222400,130,petrol,automatic,C,Other,dealer,6650
Renault,SUV,2020,172100,170,petrol,manual,C,Other,dealer,11700
Seat,SUV,2024,39500,200,diesel,automatic,C,Madrid,dealer,34250
Dacia,city car,2015,199800,80,hybrid,manual,ECO,A Coruña,dealer,2550
Opel,city car,2011,251100,60,diesel,automatic,B,Barcelona,private,1900
Toyota,SUV,2019,166700,160,petrol,manual,C,Barcelona,private,13000
Ford,compact,2013,230500,95,diesel,automatic,B,Other,private,4600
Audi,compact,2018,86100,125,diesel,automatic,C,Barcelona,private,10650
Audi,SUV,2020,123700,195,petrol,automatic,C,Other,dealer,23850
Citroën,SUV,2023,32800,115,diesel,automatic,C,Vizcaya,dealer,17650
Peugeot,MPV,2015,96100,135,diesel,manual,C,Las Palmas,dealer,6850
Volkswagen,compact,2021,54900,90,petrol,automatic,C,Granada,dealer,12250
Mercedes-Benz,MPV,2019,96500,150,petrol,automatic,C,Málaga,private,17000
Peugeot,SUV,2022,63800,155,petrol,automatic,C,Zaragoza,private,17500
Fiat,SUV,2017,107100,110,diesel,manual,C,Murcia,dealer,7050
Renault,compact,2023,62400,80,plug-in hybrid,automatic,0,Valencia,dealer,16750
Toyota,compact,2021,81100,125,hybrid,manual,ECO,Barcelona,private,13200
Nissan,compact,2023,37000,120,petrol,manual,C,A Coruña,dealer,14100
Toyota,SUV,2022,142000,160,hybrid,automatic,ECO,Alicante,dealer,25800
Volkswagen,SUV,2019,285200,190,petrol,automatic,C,Barcelona,private,15400
Nissan,SUV,2024,18000,185,hybrid,automatic,ECO,Baleares,private,24750
Peugeot,compact,2018,81200,120,petrol,manual,C,Madrid,dealer,8800
Hyundai,city car,2011,397500,90,diesel,manual,B,Other,dealer,2600
BMW,compact,2021,117900,140,petrol,manual,C,Sevilla,dealer,20600
Volkswagen,SUV,2018,55800,175,hybrid,automatic,ECO,Vizcaya,private,14850
Skoda,city car,2021,55000,75,diesel,manual,C,Other,private,8850
Mercedes-Benz,compact,2021,82600,160,electric,automatic,0,Zaragoza,dealer,27050
Toyota,SUV,2017,79200,115,diesel,automatic,C,Madrid,dealer,12300
Volkswagen,SUV,2006,250000,145,diesel,manual,B,Other,dealer,3900
Opel,MPV,2020,114600,135,petrol,manual,C,Madrid,private,9300
Skoda,SUV,2020,72500,120,hybrid,automatic,ECO,Alicante,private,14300
Ford,compact,2015,248900,100,hybrid,manual,ECO,Alicante,dealer,5000
Opel,city car,2025,17100,80,petrol,manual,C,Madrid,dealer,14000
Volkswagen,city car,2013,139400,90,diesel,manual,B,Baleares,private,4050
Mercedes-Benz,sedan,2022,65200,230,hybrid,automatic,ECO,Barcelona,dealer,37550
Fiat,compact,2020,44600,155,diesel,manual,C,Barcelona,dealer,10250
Peugeot,compact,2019,81000,100,hybrid,automatic,ECO,Other,dealer,11250
Hyundai,compact,2023,35000,115,petrol,manual,C,Other,private,14500
Renault,SUV,2022,78700,120,plug-in hybrid,automatic,0,Other,dealer,21250
Ford,compact,2012,198000,85,petrol,manual,C,Asturias,dealer,3450
Audi,city car,2024,24500,135,diesel,automatic,C,Málaga,private,27850
Audi,SUV,2020,90400,205,hybrid,automatic,ECO,Málaga,dealer,25050
Citroën,SUV,2016,173900,125,diesel,manual,C,Alicante,dealer,7200
Toyota,SUV,2013,186300,130,petrol,manual,C,Alicante,dealer,6500
Opel,sedan,2022,44300,150,hybrid,manual,ECO,Vizcaya,dealer,14600
Mercedes-Benz,MPV,2020,69500,150,diesel,automatic,C,Other,dealer,21900
Toyota,compact,2022,48700,105,hybrid,automatic,ECO,Barcelona,dealer,19550
Dacia,city car,2016,131200,95,diesel,manual,C,Murcia,dealer,3450
Ford,compact,2018,62700,115,petrol,manual,C,Valencia,dealer,8850
Toyota,SUV,2022,76700,85,hybrid,automatic,ECO,Vizcaya,dealer,16850
Hyundai,city car,2022,129700,100,petrol,automatic,C,Madrid,private,11100
Kia,city car,2025,10500,80,petrol,automatic,C,Navarra,dealer,15150
Opel,compact,2023,33100,100,diesel,automatic,C,A Coruña,dealer,16200
Peugeot,city car,2015,159000,95,petrol,automatic,C,Other,dealer,4900
Opel,SUV,2025,9100,85,petrol,manual,C,Madrid,dealer,18600
Citroën,city car,2025,30200,75,hybrid,manual,ECO,Murcia,private,14200
Toyota,sedan,2006,420000,130,petrol,manual,C,Barcelona,dealer,2150
Renault,city car,2024,27600,85,hybrid,automatic,ECO,Barcelona,dealer,14400
Kia,city car,2020,80300,105,petrol,automatic,C,Barcelona,dealer,11600
Toyota,SUV,2013,280900,165,diesel,manual,B,Las Palmas,dealer,7200
Citroën,SUV,2022,45200,145,petrol,automatic,C,Madrid,dealer,17700
Dacia,compact,2020,84900,140,petrol,manual,C,Baleares,dealer,8700
Audi,compact,2014,151400,180,petrol,automatic,C,Madrid,dealer,9200
Citroën,compact,2018,104500,145,hybrid,automatic,ECO,Other,dealer,9900
BMW,SUV,2017,227400,215,hybrid,automatic,ECO,Valladolid,dealer,20750
Dacia,city car,2021,63600,80,petrol,automatic,C,Other,dealer,5450
Ford,city car,2019,90300,55,electric,automatic,0,Valladolid,dealer,7900
BMW,sedan,2022,96900,270,diesel,automatic,C,Granada,private,37050
Dacia,MPV,2020,45700,140,plug-in hybrid,automatic,0,Sevilla,private,11250
Peugeot,SUV,2022,44200,160,diesel,automatic,C,Barcelona,dealer,20150
BMW,compact,2008,298900,115,petrol,automatic,C,Other,dealer,2750
Toyota,sedan,2024,33100,165,petrol,automatic,C,Madrid,dealer,31800
Mercedes-Benz,SUV,2018,36700,170,diesel,automatic,C,Madrid,dealer,23400
Peugeot,city car,2021,47100,75,petrol,automatic,C,Other,dealer,9250
Mercedes-Benz,city car,2022,76800,90,hybrid,automatic,ECO,Murcia,dealer,21350
Kia,compact,2024,17300,110,diesel,automatic,C,Valencia,dealer,23400
Mercedes-Benz,SUV,2015,121600,260,hybrid,manual,ECO,Las Palmas,dealer,13900
Nissan,sedan,2008,170000,130,diesel,manual,B,Valencia,dealer,3000
Peugeot,SUV,2015,205300,120,hybrid,automatic,ECO,Málaga,dealer,7850
Hyundai,city car,2009,259300,65,petrol,manual,C,Alicante,dealer,1450
Dacia,compact,2023,39900,90,hybrid,automatic,ECO,Other,dealer,10350
Seat,compact,2019,145100,125,petrol,automatic,C,Valladolid,dealer,8150
Kia,compact,2023,40200,125,diesel,automatic,C,Murcia,dealer,21850
Skoda,city car,2025,11600,75,petrol,manual,C,Other,private,15800
Seat,SUV,2019,157400,160,hybrid,automatic,ECO,Valladolid,dealer,15500
Opel,compact,2018,127200,110,petrol,automatic,C,Other,private,5900
Peugeot,compact,2018,138600,120,hybrid,automatic,ECO,Barcelona,dealer,9200
Volkswagen,compact,2021,33200,140,petrol,automatic,C,Barcelona,private,18300
Hyundai,compact,2023,44800,160,petrol,automatic,C,Other,private,18400
Skoda,compact,2013,229300,90,diesel,manual,B,Other,dealer,4200
Peugeot,compact,2016,199900,115,petrol,automatic,C,Valencia,dealer,6300
Opel,compact,2018,151800,145,petrol,manual,C,Other,dealer,7700
Skoda,MPV,2019,170400,100,hybrid,automatic,ECO,Other,dealer,9050
Toyota,SUV,2020,72200,155,hybrid,manual,ECO,Other,private,15900
Kia,city car,2021,46800,90,diesel,automatic,C,Madrid,private,11150
Hyundai,compact,2017,102100,120,diesel,automatic,C,Zaragoza,dealer,9050
Nissan,SUV,2018,115700,145,petrol,manual,C,Madrid,dealer,11900
Kia,SUV,2023,49900,210,petrol,manual,C,Madrid,dealer,24750
Peugeot,city car,2014,196400,90,petrol,manual,C,Madrid,dealer,3000
Renault,SUV,2016,189600,130,hybrid,manual,ECO,Zaragoza,dealer,7550
Nissan,city car,2021,67400,80,petrol,automatic,C,Other,dealer,9950
Opel,SUV,2009,213500,100,diesel,manual,B,Valencia,private,2650
Citroën,city car,2013,131400,65,petrol,manual,C,Other,dealer,2100
Opel,city car,2014,279600,80,petrol,automatic,C,Madrid,dealer,3200
Audi,compact,2023,14200,150,hybrid,automatic,ECO,Madrid,dealer,31500
Volkswagen,city car,2023,31900,80,hybrid,manual,ECO,Valencia,private,15800
Audi,compact,2021,52000,160,diesel,automatic,C,Madrid,dealer,24400
Nissan,SUV,2022,44700,135,plug-in hybrid,automatic,0,Madrid,dealer,25750
Seat,compact,2017,68400,130,petrol,automatic,C,Other,dealer,7600
Volkswagen,city car,2016,166300,95,petrol,automatic,C,Barcelona,dealer,5950
BMW,city car,2017,101100,100,diesel,manual,C,Sevilla,dealer,9050
Dacia,SUV,2018,122800,95,petrol,automatic,C,Other,private,6400
Kia,city car,2017,161300,70,plug-in hybrid,automatic,0,Valladolid,dealer,5500
Volkswagen,SUV,2024,37600,155,hybrid,automatic,ECO,Baleares,private,35350
Volkswagen,SUV,2025,21800,125,petrol,automatic,C,Las Palmas,dealer,39100
BMW,city car,2015,169800,125,diesel,manual,C,Zaragoza,private,6700
Volvo,compact,2006,233200,175,petrol,automatic,C,Sevilla,dealer,2150
Mazda,SUV,2020,42900,170,plug-in hybrid,automatic,0,Las Palmas,dealer,25950
Seat,compact,2022,76900,125,petrol,manual,C,Barcelona,dealer,12650
Volkswagen,compact,2022,43400,140,diesel,automatic,C,Málaga,dealer,21150
Audi,SUV,2021,89400,235,hybrid,automatic,ECO,Asturias,dealer,41700
Dacia,sedan,2013,185900,160,petrol,manual,C,Other,dealer,3200
Dacia,compact,2018,130600,140,diesel,manual,C,Other,private,5400
Audi,city car,2025,23100,135,diesel,manual,C,Barcelona,dealer,38000
Tesla,sedan,2024,45300,185,electric,automatic,0,Other,dealer,63350
Nissan,SUV,2019,105300,145,petrol,automatic,C,Alicante,dealer,13850
Volkswagen,city car,2016,148000,70,petrol,automatic,C,Las Palmas,dealer,4000
Dacia,sedan,2019,101000,170,petrol,manual,C,Madrid,private,7850
Volkswagen,sedan,2020,175600,130,petrol,manual,C,Madrid,private,12950
Mercedes-Benz,city car,2023,41100,85,hybrid,manual,ECO,Sevilla,dealer,23650
Seat,city car,2020,83200,75,diesel,automatic,C,Vizcaya,private,6600
Dacia,MPV,2020,88400,130,petrol,manual,C,Other,dealer,8100
BMW,sedan,2022,52400,270,plug-in hybrid,automatic,0,Madrid,private,45350
Seat,SUV,2017,142300,120,petrol,automatic,C,Madrid,dealer,8500
Mercedes-Benz,SUV,2016,226700,140,petrol,automatic,C,Barcelona,dealer,10950
Ford,compact,2020,160700,125,diesel,manual,C,Baleares,dealer,9750
Seat,sedan,2021,122400,100,plug-in hybrid,automatic,0,Madrid,dealer,17350
Seat,compact,2017,129800,110,hybrid,automatic,ECO,Other,private,8800
Ford,compact,2024,56500,105,petrol,automatic,C,Asturias,private,19250
Citroën,city car,2016,175300,65,petrol,automatic,C,A Coruña,dealer,3400
Kia,city car,2024,50700,100,diesel,automatic,C,Navarra,dealer,15400
Dacia,SUV,2018,67000,120,petrol,manual,C,Valencia,dealer,6500
Nissan,compact,2019,91900,140,petrol,automatic,C,Madrid,dealer,11850
Citroën,compact,2024,20900,110,petrol,automatic,C,Valencia,dealer,17300
Volvo,SUV,2021,66600,170,diesel,automatic,C,Madrid,private,24500
BMW,sedan,2024,59300,180,petrol,automatic,C,Other,dealer,39700
Hyundai,SUV,2021,68400,180,diesel,automatic,C,Madrid,dealer,21000
Nissan,SUV,2023,34500,100,petrol,automatic,C,Other,private,18350
Citroën,SUV,2019,73600,150,petrol,manual,C,Asturias,dealer,12300
Volkswagen,sedan,2023,34100,155,hybrid,automatic,ECO,Málaga,dealer,30500
Peugeot,city car,2021,83900,85,diesel,manual,C,Murcia,dealer,9400
Toyota,sedan,2020,69700,150,plug-in hybrid,automatic,0,Valencia,private,19250
Ford,city car,2023,44500,75,petrol,automatic,C,Sevilla,dealer,12100
Audi,city car,2012,160700,165,petrol,automatic,C,Vizcaya,dealer,5100
Mercedes-Benz,SUV,2015,250000,225,petrol,automatic,C,Valladolid,dealer,17100
Kia,city car,2019,135600,65,diesel,manual,C,Other,dealer,5400
Fiat,SUV,2021,91500,160,petrol,manual,C,Other,dealer,13950
Peugeot,SUV,2021,62300,150,petrol,automatic,C,Madrid,private,17700
Hyundai,sedan,2021,77000,130,petrol,manual,C,Barcelona,dealer,14150
Skoda,SUV,2022,46000,105,petrol,automatic,C,Madrid,dealer,17450
Dacia,city car,2024,38100,95,petrol,automatic,C,Zaragoza,dealer,8850
Renault,SUV,2023,28300,135,diesel,automatic,C,Sevilla,private,18400
Nissan,compact,2023,69600,85,diesel,manual,C,Madrid,dealer,13350
Ford,compact,2020,106800,95,diesel,manual,C,A Coruña,dealer,9500
Renault,MPV,2022,112100,90,diesel,manual,C,Madrid,dealer,12750
Renault,city car,2022,75200,75,electric,automatic,0,Madrid,dealer,9700
Peugeot,SUV,2023,39500,135,plug-in hybrid,automatic,0,Madrid,dealer,29450
Hyundai,compact,2022,50000,130,electric,automatic,0,Other,dealer,19050
Ford,compact,2023,57800,175,hybrid,manual,ECO,Málaga,dealer,21550
Seat,SUV,2021,76700,145,petrol,manual,C,Baleares,dealer,17400
Citroën,sedan,2014,226400,155,petrol,manual,C,Alicante,dealer,5250
Volkswagen,sedan,2022,114200,120,petrol,manual,C,Other,private,15200
Fiat,SUV,2022,76900,140,diesel,manual,C,Las Palmas,dealer,14000
Volkswagen,sedan,2017,130700,160,hybrid,automatic,ECO,Barcelona,dealer,13350
Audi,city car,2019,106500,145,petrol,automatic,C,Barcelona,dealer,13650
Fiat,compact,2017,363500,110,hybrid,automatic,ECO,Barcelona,dealer,5000
Peugeot,compact,2024,18400,130,petrol,automatic,C,Other,dealer,17300
Mercedes-Benz,city car,2014,163100,115,diesel,automatic,B,Barcelona,dealer,5000
BMW,compact,2023,49400,155,electric,automatic,0,Asturias,dealer,38200
Opel,sedan,2016,249500,200,petrol,automatic,C,Madrid,dealer,8000
Hyundai,city car,2024,26100,55,diesel,automatic,C,Other,private,10900
Volkswagen,MPV,2020,50000,125,electric,automatic,0,Barcelona,private,13250
Renault,compact,2021,60400,130,petrol,automatic,C,Other,dealer,13850
Hyundai,city car,2022,84600,90,electric,automatic,0,Other,dealer,12700
Opel,city car,2020,58200,100,petrol,automatic,C,Madrid,dealer,9700
Kia,SUV,2022,37200,125,diesel,automatic,C,Other,dealer,21300
Toyota,SUV,2022,79100,120,plug-in hybrid,manual,0,A Coruña,dealer,26550
Renault,compact,2022,51900,110,petrol,automatic,C,Vizcaya,dealer,13250
Peugeot,SUV,2016,125000,135,diesel,manual,C,A Coruña,dealer,9400
Citroën,SUV,2011,239100,135,diesel,automatic,B,Valencia,dealer,3950
BMW,city car,2025,27200,95,plug-in hybrid,automatic,0,Madrid,private,37950
Kia,SUV,2015,171000,100,diesel,automatic,C,Granada,private,8500
Seat,SUV,2020,105600,165,diesel,manual,C,Madrid,private,15600
Volkswagen,SUV,2021,53600,170,petrol,automatic,C,Other,dealer,20650
Citroën,compact,2018,83500,110,petrol,manual,C,Málaga,dealer,8250
Seat,city car,2017,88000,75,diesel,manual,C,Granada,dealer,6500
Hyundai,sedan,2021,70800,190,hybrid,automatic,ECO,Zaragoza,private,18200
Toyota,SUV,2014,262100,135,diesel,automatic,B,Madrid,private,6550
Seat,compact,2021,129400,125,petrol,automatic,C,Other,private,10650
Renault,compact,2019,113500,110,petrol,automatic,C,Barcelona,dealer,7600
Seat,compact,2014,152200,105,diesel,automatic,B,Las Palmas,dealer,5900
Kia,compact,2012,205200,105,diesel,manual,B,Other,dealer,4900
Dacia,MPV,2020,46300,105,diesel,automatic,C,Other,private,7300
Nissan,city car,2020,90400,75,petrol,manual,C,Other,dealer,7300
BMW,city car,2017,176200,95,diesel,automatic,C,Madrid,dealer,8750
Nissan,compact,2016,311400,115,petrol,manual,C,Madrid,dealer,5600
Volvo,SUV,2006,260700,240,diesel,automatic,B,Alicante,private,2800
Volvo,city car,2015,202700,105,hybrid,automatic,ECO,Valencia,private,5500
Renault,SUV,2017,128300,190,hybrid,manual,ECO,Barcelona,dealer,9400
Kia,sedan,2015,168600,230,diesel,manual,C,Barcelona,private,10900
Hyundai,compact,2018,125700,135,hybrid,automatic,ECO,Other,dealer,8850
BMW,SUV,2019,103300,230,diesel,manual,C,Madrid,dealer,20950
Toyota,compact,2006,377700,95,petrol,manual,C,Málaga,dealer,1750
Hyundai,compact,2019,58000,95,diesel,manual,C,Valencia,dealer,9100
Hyundai,compact,2009,203000,135,petrol,manual,C,Other,private,2500
Nissan,compact,2020,121000,100,plug-in hybrid,automatic,0,Madrid,dealer,12450
Peugeot,SUV,2019,83000,145,electric,automatic,0,Other,private,13550
Mercedes-Benz,city car,2019,154700,100,petrol,automatic,C,Other,dealer,12450
Volkswagen,compact,2021,58800,105,hybrid,automatic,ECO,Madrid,dealer,16550
Ford,city car,2016,170600,125,diesel,automatic,C,Barcelona,private,6900
Volkswagen,compact,2017,100700,135,petrol,manual,C,Other,dealer,8400
Ford,SUV,2021,82900,145,hybrid,manual,ECO,Other,private,15000
Citroën,MPV,2020,108400,140,hybrid,automatic,ECO,Baleares,dealer,12100
Seat,SUV,2014,134400,125,petrol,manual,C,Other,private,6100
Mercedes-Benz,city car,2020,154000,85,diesel,automatic,C,Barcelona,private,12800
Opel,compact,2025,20600,135,diesel,manual,C,Other,dealer,22550
Seat,city car,2010,308800,75,diesel,manual,B,Baleares,private,2550
Fiat,city car,2018,84700,70,diesel,manual,C,Other,dealer,4550
Mercedes-Benz,city car,2013,171900,90,petrol,automatic,C,A Coruña,dealer,4350
Renault,SUV,2009,347500,155,diesel,manual,B,Murcia,dealer,3750
Hyundai,SUV,2024,16900,155,diesel,manual,C,Valencia,private,20550
Citroën,compact,2022,34300,125,petrol,manual,C,Vizcaya,dealer,12850
Seat,compact,2011,188900,90,petrol,manual,C,Barcelona,private,3000
Volkswagen,city car,2022,58400,95,hybrid,automatic,ECO,Madrid,dealer,17200
Renault,sedan,2018,109000,120,diesel,automatic,C,Other,dealer,10850
Volkswagen,compact,2024,43900,145,diesel,automatic,C,Alicante,dealer,31100
Audi,MPV,2020,69900,200,plug-in hybrid,automatic,0,Zaragoza,dealer,29400
BMW,compact,2022,49400,140,diesel,automatic,C,Vizcaya,dealer,26900
Opel,compact,2022,40800,90,petrol,automatic,C,Other,private,11300
Ford,MPV,2015,233100,120,petrol,automatic,C,Other,private,5450
Audi,city car,2021,61100,140,diesel,automatic,C,Murcia,private,20450
Ford,compact,2019,142200,90,petrol,manual,C,Other,dealer,8400
Volkswagen,sedan,2019,83000,115,diesel,automatic,C,Granada,dealer,15100
Citroën,SUV,2021,120300,135,diesel,manual,C,Las Palmas,dealer,13600
Volkswagen,SUV,2017,118500,175,diesel,automatic,C,Barcelona,dealer,14900
Kia,SUV,2022,42000,165,diesel,manual,C,Sevilla,private,20100
Tesla,SUV,2022,52600,150,electric,automatic,0,Málaga,dealer,44300
Seat,city car,2023,52300,105,petrol,manual,C,Barcelona,dealer,13950
Dacia,city car,2022,43700,60,diesel,automatic,C,A Coruña,dealer,6600
Citroën,sedan,2017,126700,145,petrol,manual,C,Other,dealer,7150
Toyota,compact,2017,209000,145,petrol,manual,C,A Coruña,dealer,9350
Opel,MPV,2017,167500,190,hybrid,automatic,ECO,Barcelona,dealer,10750
Mazda,SUV,2021,65900,140,electric,automatic,0,Las Palmas,private,21050
Volkswagen,compact,2022,53100,80,plug-in hybrid,automatic,0,Barcelona,private,15800
Volkswagen,compact,2015,348400,130,petrol,automatic,C,Alicante,private,6150
Ford,city car,2021,96900,80,diesel,manual,C,Other,dealer,9900
BMW,SUV,2010,420000,155,petrol,manual,C,Vizcaya,dealer,4400
Hyundai,compact,2022,55600,120,petrol,automatic,C,Barcelona,dealer,16200
Mazda,city car,2017,101600,80,petrol,manual,C,Barcelona,dealer,6050
Skoda,SUV,2007,293700,120,diesel,automatic,B,Sevilla,private,2700
Dacia,sedan,2023,77600,140,diesel,manual,C,Sevilla,dealer,12300
Skoda,SUV,2016,228000,130,petrol,automatic,C,Madrid,dealer,8500
Peugeot,city car,2018,102800,75,plug-in hybrid,manual,0,Barcelona,private,6500
Opel,SUV,2020,123000,145,plug-in hybrid,automatic,0,Barcelona,private,12450
Nissan,compact,2019,122500,120,petrol,manual,C,Sevilla,private,9100
Renault,SUV,2015,130100,130,diesel,manual,C,Baleares,dealer,6000
Hyundai,SUV,2022,47900,205,petrol,automatic,C,A Coruña,dealer,22200
Peugeot,SUV,2009,420000,160,petrol,automatic,C,Barcelona,private,3100
Kia,compact,2011,299600,125,diesel,automatic,B,Madrid,private,2550
Volkswagen,SUV,2015,131300,150,hybrid,automatic,ECO,A Coruña,dealer,10200
Opel,compact,2023,34600,85,diesel,automatic,C,Madrid,dealer,13650
Mercedes-Benz,SUV,2023,38400,175,electric,automatic,0,Barcelona,dealer,58750
Peugeot,MPV,2023,36300,125,petrol,manual,C,Sevilla,dealer,17700
Opel,SUV,2020,69900,120,petrol,manual,C,Las Palmas,dealer,10750
Ford,compact,2021,36000,135,diesel,manual,C,Other,private,13000
Toyota,city car,2020,83800,70,petrol,automatic,C,Valencia,private,7550
Volkswagen,compact,2023,53300,155,hybrid,automatic,ECO,Madrid,private,23450
Toyota,SUV,2018,73100,120,hybrid,automatic,ECO,Baleares,private,12150
Nissan,city car,2015,358100,100,diesel,manual,C,Other,dealer,4050
Volkswagen,MPV,2010,219700,175,petrol,manual,C,Vizcaya,private,4650
Opel,city car,2006,374300,90,diesel,manual,B,Sevilla,dealer,1600
Peugeot,city car,2022,37600,65,petrol,manual,C,Zaragoza,dealer,9650
Peugeot,city car,2009,246400,60,diesel,manual,B,Málaga,dealer,1900
Peugeot,sedan,2016,225300,195,hybrid,automatic,ECO,Valencia,dealer,8550
Volkswagen,sedan,2021,108600,125,diesel,manual,C,A Coruña,private,17150
BMW,compact,2016,136500,195,petrol,automatic,C,Baleares,dealer,12250
Kia,city car,2020,87300,90,diesel,automatic,C,Valencia,dealer,7900
Hyundai,compact,2021,73400,110,electric,automatic,0,Other,private,11550
BMW,compact,2025,8200,130,petrol,manual,C,Other,dealer,43450
Ford,SUV,2016,111800,140,hybrid,automatic,ECO,Madrid,dealer,9300
Nissan,SUV,2023,47800,165,hybrid,automatic,ECO,Other,dealer,28350
Mercedes-Benz,sedan,2021,65200,160,petrol,automatic,C,Other,dealer,34800
Audi,sedan,2015,229700,245,petrol,manual,C,A Coruña,private,11750
Volvo,city car,2014,189600,105,petrol,manual,C,Navarra,dealer,4750
Kia,SUV,2018,104100,125,petrol,manual,C,Murcia,dealer,10800
Toyota,sedan,2025,11700,170,diesel,automatic,C,Barcelona,dealer,44200
Audi,city car,2015,131200,100,diesel,automatic,C,Las Palmas,dealer,6850
Kia,city car,2022,96400,70,petrol,automatic,C,Sevilla,private,8050
Dacia,SUV,2011,219500,130,petrol,automatic,C,Málaga,dealer,3050
Skoda,compact,2015,253500,80,diesel,manual,C,A Coruña,dealer,4650
Citroën,sedan,2024,23500,165,diesel,automatic,C,Málaga,private,23800
Peugeot,SUV,2007,287800,155,diesel,manual,B,Other,dealer,2950
Renault,SUV,2020,106100,105,diesel,manual,C,Navarra,private,10950
Toyota,sedan,2023,58000,90,hybrid,automatic,ECO,Madrid,dealer,18800
Volkswagen,SUV,2019,108800,120,petrol,manual,C,Asturias,private,13700
Mercedes-Benz,sedan,2023,46900,230,petrol,manual,C,Málaga,dealer,38000
Hyundai,SUV,2022,55300,130,petrol,automatic,C,Other,dealer,22250
Ford,MPV,2022,82600,155,petrol,automatic,C,Murcia,private,17850
Kia,SUV,2016,206000,170,diesel,manual,C,Other,dealer,11350
Nissan,SUV,2016,58500,150,hybrid,automatic,ECO,A Coruña,private,11750
Fiat,SUV,2017,134200,200,diesel,manual,C,Other,dealer,7600
Volkswagen,SUV,2024,60600,125,hybrid,automatic,ECO,Madrid,dealer,27400
Dacia,MPV,2017,145000,155,petrol,manual,C,Barcelona,private,5700
Dacia,SUV,2019,90700,90,diesel,manual,C,Other,private,5600
Audi,city car,2009,183600,75,petrol,automatic,C,Other,dealer,2250
Kia,SUV,2025,15200,125,petrol,automatic,C,Valencia,dealer,29000
Volkswagen,compact,2014,259000,130,diesel,automatic,B,Other,dealer,7750
Skoda,sedan,2018,71900,215,petrol,manual,C,Valencia,dealer,11950
BMW,SUV,2025,12400,175,petrol,automatic,C,Murcia,dealer,72050
Renault,city car,2018,74900,80,hybrid,manual,ECO,Other,dealer,5550
Citroën,compact,2022,42700,115,petrol,manual,C,Málaga,dealer,13150
Ford,compact,2023,85300,125,plug-in hybrid,automatic,0,Málaga,dealer,18000
Skoda,compact,2016,122700,150,petrol,automatic,C,Málaga,dealer,8800
Ford,SUV,2023,40100,210,hybrid,automatic,ECO,Barcelona,private,31150
Opel,SUV,2015,399000,135,diesel,automatic,C,Málaga,private,5550
Hyundai,SUV,2024,30200,110,diesel,manual,C,Madrid,dealer,22800
Kia,SUV,2017,187100,140,diesel,manual,C,Vizcaya,private,10450
Ford,sedan,2022,82900,125,diesel,manual,C,Murcia,dealer,16650
Skoda,SUV,2022,60300,180,plug-in hybrid,automatic,0,Other,private,30350
Opel,SUV,2017,100300,140,diesel,automatic,C,Madrid,private,9500
Kia,compact,2010,236500,100,hybrid,automatic,ECO,Málaga,dealer,3450
Opel,SUV,2020,120600,120,plug-in hybrid,automatic,0,Barcelona,dealer,14250
Nissan,sedan,2010,238200,120,petrol,automatic,C,Barcelona,dealer,3450
Skoda,SUV,2023,53800,150,hybrid,automatic,ECO,Madrid,dealer,27400
Kia,MPV,2022,52800,115,petrol,manual,C,Málaga,dealer,15350
Seat,city car,2016,179300,95,petrol,manual,C,Sevilla,dealer,4650
Mazda,compact,2016,171000,95,petrol,automatic,C,Other,dealer,7300
BMW,SUV,2023,38300,160,petrol,automatic,C,Sevilla,private,38650
Skoda,SUV,2022,45200,175,electric,automatic,0,Other,dealer,24150
Mercedes-Benz,SUV,2019,155400,220,petrol,automatic,C,Valladolid,private,22000
Seat,city car,2020,106500,95,petrol,manual,C,Valencia,dealer,8450
Kia,SUV,2025,11700,115,petrol,automatic,C,Zaragoza,dealer,23300
Ford,compact,2006,238400,150,diesel,manual,B,Other,dealer,2650
Hyundai,compact,2019,148600,90,petrol,automatic,C,A Coruña,dealer,7700
Hyundai,MPV,2020,80100,165,plug-in hybrid,manual,0,Other,dealer,16050
Dacia,city car,2015,174800,80,petrol,manual,C,Madrid,private,2650
Peugeot,compact,2011,172400,120,petrol,manual,C,A Coruña,dealer,3300
Hyundai,SUV,2022,76000,135,hybrid,automatic,ECO,Madrid,dealer,19700
Ford,SUV,2017,108900,120,petrol,automatic,C,Baleares,private,8350
Mercedes-Benz,compact,2013,237400,135,diesel,manual,B,Baleares,dealer,6400
Volkswagen,MPV,2012,294400,140,petrol,automatic,C,Madrid,dealer,5900
Volkswagen,city car,2018,94600,80,petrol,automatic,C,Valencia,private,6500
Mazda,sedan,2018,210900,200,petrol,manual,C,Valladolid,dealer,14750
Audi,city car,2025,8600,160,petrol,automatic,C,Barcelona,dealer,39350
Kia,sedan,2022,53000,140,diesel,automatic,C,Other,dealer,19450
Dacia,city car,2021,82700,85,diesel,automatic,C,Barcelona,dealer,6350
Seat,SUV,2017,97900,125,diesel,manual,C,Murcia,private,6650
Citroën,compact,2020,55900,100,petrol,manual,C,A Coruña,dealer,10650
Kia,SUV,2023,38000,170,petrol,automatic,C,Granada,private,22750
Volkswagen,city car,2018,106400,65,hybrid,automatic,ECO,Other,private,7350
Renault,compact,2016,181400,150,petrol,manual,C,Other,dealer,6850
Peugeot,compact,2012,177100,100,diesel,manual,B,Other,dealer,4300
Peugeot,sedan,2024,29200,130,petrol,manual,C,Madrid,dealer,20950
Seat,city car,2022,59100,75,hybrid,automatic,ECO,Valencia,dealer,9650
Peugeot,city car,2024,26700,105,petrol,manual,C,Barcelona,dealer,14950
Citroën,city car,2023,34700,80,petrol,automatic,C,Other,dealer,11050
Audi,city car,2018,108400,95,petrol,automatic,C,Málaga,dealer,10300
Toyota,SUV,2020,148800,100,electric,automatic,0,Málaga,private,14450
Renault,sedan,2022,90200,120,hybrid,manual,ECO,Madrid,dealer,13500
Volkswagen,SUV,2007,208200,155,petrol,manual,C,Málaga,dealer,3850
Dacia,SUV,2020,105400,155,petrol,manual,C,Madrid,dealer,8800
Peugeot,SUV,2023,60300,155,petrol,manual,C,Other,private,16500
Opel,SUV,2021,115600,145,hybrid,automatic,ECO,Barcelona,private,13450
Skoda,compact,2021,189500,100,diesel,manual,C,Other,private,9550
Seat,MPV,2024,38900,95,petrol,manual,C,Las Palmas,dealer,15800
Opel,sedan,2021,52900,185,petrol,automatic,C,Madrid,dealer,17350
Renault,SUV,2018,106000,95,petrol,automatic,C,Vizcaya,dealer,7800
Nissan,compact,2022,60900,100,hybrid,manual,ECO,Other,dealer,13750
Opel,MPV,2011,274400,110,petrol,manual,C,Las Palmas,dealer,3250
Mercedes-Benz,city car,2023,36100,110,petrol,automatic,C,Madrid,private,22400
Ford,SUV,2021,44500,135,hybrid,automatic,ECO,Sevilla,dealer,18400
Audi,city car,2016,289700,90,hybrid,automatic,ECO,Other,dealer,7350
BMW,compact,2017,68100,180,diesel,automatic,C,Barcelona,dealer,14650
Audi,SUV,2018,67400,175,petrol,automatic,C,Alicante,dealer,18900
Audi,sedan,2022,101800,185,hybrid,automatic,ECO,Other,private,29100
Hyundai,compact,2015,180600,130,hybrid,automatic,ECO,Vizcaya,dealer,7150
Toyota,sedan,2022,73400,160,petrol,automatic,C,Other,dealer,20600
Seat,SUV,2017,123600,115,electric,automatic,0,Las Palmas,dealer,10350
Peugeot,city car,2019,61100,90,diesel,automatic,C,Granada,private,7050
Seat,compact,2019,167500,160,hybrid,automatic,ECO,Other,dealer,12150
Renault,compact,2024,56100,105,hybrid,automatic,ECO,Madrid,dealer,15650
Volkswagen,SUV,2021,112000,160,plug-in hybrid,automatic,0,Madrid,private,21000
Volvo,compact,2024,31900,155,petrol,automatic,C,Valencia,dealer,33700
Audi,compact,2023,57800,195,plug-in hybrid,automatic,0,Granada,private,43200
Kia,compact,2019,214600,105,petrol,automatic,C,Vizcaya,private,6950
Ford,SUV,2025,26200,145,petrol,manual,C,Sevilla,dealer,24350
BMW,city car,2025,14100,135,plug-in hybrid,automatic,0,Madrid,dealer,47200
Tesla,sedan,2015,126400,210,electric,automatic,0,Alicante,private,9100
Toyota,compact,2020,80700,115,hybrid,automatic,ECO,Barcelona,dealer,14250
Mazda,MPV,2023,38300,115,hybrid,automatic,ECO,Barcelona,dealer,24450
Toyota,SUV,2017,94800,115,petrol,automatic,C,Vizcaya,private,9200
Nissan,SUV,2022,49000,140,hybrid,automatic,ECO,Sevilla,dealer,26500
Seat,sedan,2017,88500,175,petrol,manual,C,Barcelona,dealer,10800
Dacia,SUV,2019,147500,170,petrol,automatic,C,Other,dealer,9300
Nissan,sedan,2012,130500,135,diesel,manual,B,Other,dealer,5200
Mercedes-Benz,SUV,2022,74200,200,diesel,automatic,C,Other,private,34900
Citroën,city car,2021,85400,85,petrol,manual,C,Barcelona,dealer,7650
Citroën,compact,2017,67000,95,petrol,manual,C,Navarra,dealer,6400
Tesla,sedan,2014,155300,170,electric,automatic,0,Other,dealer,9050
Kia,compact,2015,154100,105,diesel,automatic,C,Barcelona,dealer,6000
Hyundai,city car,2022,65100,105,petrol,manual,C,Other,private,11450
Seat,SUV,2022,72500,125,petrol,manual,C,Alicante,dealer,15400
Volkswagen,sedan,2008,420000,145,diesel,automatic,B,Barcelona,dealer,3300
Volkswagen,city car,2020,82000,90,plug-in hybrid,manual,0,Las Palmas,private,13200
Audi,SUV,2015,100800,180,petrol,automatic,C,Madrid,dealer,10100
Dacia,SUV,2025,31800,135,hybrid,automatic,ECO,Barcelona,dealer,19350
Volkswagen,SUV,2022,104500,135,petrol,manual,C,Zaragoza,private,19000
Skoda,sedan,2022,52100,115,hybrid,automatic,ECO,Málaga,dealer,17650
Peugeot,city car,2018,72900,115,petrol,automatic,C,Barcelona,dealer,8500
Ford,city car,2017,140200,110,petrol,manual,C,Madrid,dealer,6700
Nissan,city car,2020,79400,70,petrol,automatic,C,Madrid,private,6700
Skoda,city car,2015,171800,70,petrol,manual,C,Other,private,3500
Toyota,MPV,2018,98300,135,petrol,automatic,C,Zaragoza,dealer,13400
Renault,city car,2023,32400,65,diesel,manual,C,Vizcaya,dealer,11500
Volkswagen,compact,2011,256200,105,diesel,manual,B,Other,private,3350
Opel,MPV,2015,194700,130,hybrid,automatic,ECO,Madrid,private,6350
Dacia,sedan,2025,17200,130,petrol,manual,C,Valencia,private,17500
Toyota,sedan,2017,146400,130,petrol,automatic,C,Valencia,private,8200
Volvo,city car,2017,202300,155,diesel,automatic,C,Madrid,dealer,9350
Kia,sedan,2012,364700,185,petrol,manual,C,Madrid,dealer,5450
Fiat,city car,2023,32400,55,electric,automatic,0,Madrid,private,7500
Kia,city car,2019,136500,80,petrol,automatic,C,Barcelona,dealer,7950
Fiat,SUV,2022,68000,120,petrol,manual,C,Sevilla,dealer,11550
Seat,SUV,2018,166300,120,plug-in hybrid,automatic,0,Murcia,dealer,12550
Volkswagen,compact,2009,289600,120,diesel,manual,B,Baleares,private,3100
Toyota,city car,2024,28400,60,hybrid,automatic,ECO,Other,private,12750
Citroën,city car,2023,51900,130,plug-in hybrid,manual,0,Barcelona,dealer,20750
Opel,compact,2011,202200,90,petrol,automatic,C,Navarra,private,3000
Volkswagen,city car,2019,75600,75,hybrid,automatic,ECO,Other,private,9050
Volkswagen,city car,2019,150900,75,petrol,manual,C,Murcia,private,7300
Hyundai,compact,2017,145900,125,hybrid,automatic,ECO,Asturias,dealer,9250
Volvo,SUV,2019,98800,230,diesel,automatic,C,Zaragoza,private,23750
Ford,SUV,2018,90300,130,diesel,automatic,C,Sevilla,dealer,12900
Seat,SUV,2015,182100,195,hybrid,automatic,ECO,Málaga,private,9400
Volkswagen,SUV,2013,169400,125,diesel,manual,B,Granada,dealer,7000
Peugeot,city car,2015,234300,75,diesel,automatic,C,Sevilla,private,4300
Hyundai,SUV,2020,89100,195,diesel,manual,C,Madrid,dealer,21450
Dacia,compact,2025,13600,120,petrol,automatic,C,Barcelona,dealer,14600
Toyota,SUV,2013,192300,125,diesel,manual,B,Other,dealer,5500
Seat,city car,2019,134900,90,diesel,automatic,C,Madrid,private,5800
Skoda,SUV,2017,194900,145,petrol,automatic,C,Barcelona,private,8050
Dacia,MPV,2023,41100,120,petrol,automatic,C,A Coruña,dealer,10650
Renault,city car,2014,110700,80,diesel,manual,B,Other,dealer,3050
Audi,sedan,2025,9200,150,hybrid,automatic,ECO,Valencia,private,57700
Seat,SUV,2019,187900,120,petrol,manual,C,Sevilla,dealer,9800
Mercedes-Benz,sedan,2019,189500,145,hybrid,manual,ECO,Other,private,15800
Tesla,sedan,2020,61500,185,electric,automatic,0,Barcelona,dealer,26800
Ford,compact,2020,93900,120,diesel,manual,C,Asturias,private,10300
Opel,compact,2012,327100,85,diesel,automatic,B,Madrid,private,1800
Toyota,city car,2023,83600,80,petrol,automatic,C,Sevilla,dealer,11200
Fiat,SUV,2024,61900,170,hybrid,automatic,ECO,Málaga,dealer,25000
Tesla,SUV,2022,105700,220,electric,automatic,0,Murcia,private,37700
Fiat,SUV,2010,274800,105,petrol,automatic,C,Las Palmas,dealer,2850
Volkswagen,sedan,2022,53600,145,petrol,automatic,C,Murcia,private,18500
Skoda,city car,2013,167900,75,petrol,automatic,C,Las Palmas,dealer,3050
Hyundai,SUV,2022,39300,130,electric,automatic,0,Málaga,dealer,22350
Opel,compact,2021,117700,90,hybrid,automatic,ECO,Barcelona,private,10950
BMW,city car,2017,59000,145,electric,automatic,0,Sevilla,private,10350
Peugeot,city car,2022,55800,70,plug-in hybrid,automatic,0,Other,dealer,14250
Hyundai,SUV,2020,60900,170,hybrid,automatic,ECO,Granada,dealer,22400
Kia,SUV,2024,24900,165,petrol,automatic,C,Las Palmas,private,24250
Hyundai,compact,2018,92500,110,hybrid,automatic,ECO,Málaga,dealer,8850
Volkswagen,compact,2018,69200,120,petrol,manual,C,Madrid,private,9500
Kia,SUV,2019,134000,135,petrol,manual,C,Valencia,dealer,12000
Peugeot,SUV,2024,23900,150,petrol,manual,C,Baleares,private,20750
Volkswagen,SUV,2020,90500,170,plug-in hybrid,automatic,0,Granada,dealer,23350
Peugeot,MPV,2007,372400,105,diesel,automatic,B,Málaga,private,1700
Renault,SUV,2019,120600,195,petrol,manual,C,Valencia,dealer,16350
Kia,sedan,2014,185700,145,diesel,automatic,B,Madrid,dealer,4900
Renault,compact,2019,86500,100,petrol,automatic,C,Other,dealer,9350
Toyota,compact,2017,85900,120,hybrid,manual,ECO,Madrid,dealer,11100
Toyota,city car,2023,69300,75,diesel,manual,C,Granada,dealer,12600
Tesla,sedan,2011,217100,180,electric,automatic,0,Other,private,3750
Toyota,city car,2009,257900,70,hybrid,automatic,ECO,Barcelona,private,2050
Mazda,MPV,2021,111300,120,diesel,manual,C,Other,dealer,12350
Renault,sedan,2022,77100,145,electric,automatic,0,Madrid,dealer,21800
Volkswagen,city car,2025,14500,90,petrol,manual,C,Barcelona,dealer,18550
Citroën,city car,2019,198600,55,petrol,manual,C,Madrid,dealer,4300
Skoda,MPV,2015,200300,130,petrol,automatic,C,Madrid,dealer,7300
Volkswagen,compact,2022,59200,135,hybrid,automatic,ECO,Other,private,19100
Skoda,SUV,2021,84500,125,petrol,automatic,C,Las Palmas,dealer,15400
Dacia,compact,2023,91400,120,diesel,manual,C,Las Palmas,private,9500
Peugeot,SUV,2021,46400,160,diesel,automatic,C,Sevilla,dealer,18950
Volkswagen,compact,2023,33800,115,petrol,automatic,C,Madrid,dealer,21700
Citroën,SUV,2019,69300,140,petrol,manual,C,Madrid,dealer,9650
Opel,compact,2017,126300,140,petrol,manual,C,Navarra,private,6700
BMW,compact,2014,176700,145,diesel,automatic,B,Murcia,private,8050
Dacia,city car,2024,32900,70,plug-in hybrid,automatic,0,Barcelona,private,10700
Ford,compact,2024,33800,135,petrol,manual,C,Barcelona,dealer,21150
Toyota,compact,2023,37000,150,petrol,automatic,C,Navarra,dealer,24300
Peugeot,compact,2021,45400,100,petrol,automatic,C,Other,dealer,10850
Audi,SUV,2024,31500,230,petrol,automatic,C,Barcelona,dealer,52200
Dacia,SUV,2011,201000,195,petrol,automatic,C,Other,private,3400
Volkswagen,compact,2017,200100,100,petrol,manual,C,Valladolid,private,7300
Hyundai,sedan,2023,83500,130,petrol,automatic,C,Alicante,private,15050
Citroën,SUV,2017,49500,130,diesel,automatic,C,Zaragoza,private,8500
Peugeot,SUV,2024,40300,105,petrol,automatic,C,Madrid,private,20400
Mazda,sedan,2025,15100,185,diesel,manual,C,Barcelona,private,32950
Citroën,city car,2015,142100,80,petrol,manual,C,Madrid,dealer,3700
Kia,compact,2016,135400,115,petrol,manual,C,Las Palmas,private,5850
Mercedes-Benz,compact,2018,152500,125,electric,automatic,0,Other,private,11400
Citroën,SUV,2015,204500,100,diesel,automatic,C,Granada,private,5650
Seat,city car,2020,74600,80,hybrid,automatic,ECO,Barcelona,private,8750
Opel,city car,2022,64700,90,plug-in hybrid,manual,0,Málaga,dealer,11250
Volvo,compact,2011,321300,160,petrol,automatic,C,Barcelona,dealer,4300
Volkswagen,compact,2025,13500,120,petrol,automatic,C,Madrid,private,26350
Nissan,compact,2019,73900,110,hybrid,manual,ECO,Valencia,private,8700
Skoda,SUV,2015,173900,135,diesel,automatic,C,Málaga,dealer,8850
Ford,compact,2016,233100,175,hybrid,manual,ECO,Other,private,9150
Dacia,compact,2021,108300,130,petrol,manual,C,Other,dealer,6800
Dacia,city car,2016,150700,75,diesel,automatic,C,Barcelona,dealer,3000
BMW,sedan,2020,156500,210,diesel,automatic,C,Zaragoza,dealer,27350
Peugeot,city car,2018,99500,95,diesel,automatic,C,Sevilla,dealer,7400
Peugeot,MPV,2012,199300,165,petrol,manual,C,Málaga,dealer,6000
Fiat,compact,2023,52900,160,diesel,automatic,C,Sevilla,private,15600
Ford,city car,2015,129700,75,diesel,automatic,C,Madrid,private,3550
Dacia,SUV,2008,420000,160,diesel,manual,B,Vizcaya,dealer,1950
Seat,SUV,2021,49000,140,electric,automatic,0,Málaga,dealer,20900
Renault,city car,2011,158400,80,diesel,manual,B,Other,private,2050
Renault,sedan,2024,23500,160,hybrid,automatic,ECO,Other,private,26400
Opel,sedan,2023,48600,160,diesel,manual,C,Other,dealer,17650
Hyundai,sedan,2018,75100,180,petrol,manual,C,Madrid,dealer,12950
Ford,MPV,2012,280100,130,petrol,manual,C,Granada,dealer,4200
Hyundai,SUV,2017,151800,175,petrol,automatic,C,Baleares,private,13250
Ford,city car,2025,14600,80,diesel,automatic,C,Murcia,private,18150
Nissan,sedan,2024,32900,130,hybrid,automatic,ECO,Barcelona,private,23850
Mercedes-Benz,sedan,2023,38700,270,petrol,automatic,C,Madrid,dealer,50650
Peugeot,sedan,2021,60100,145,petrol,automatic,C,Barcelona,dealer,14750
Seat,compact,2021,118800,135,hybrid,automatic,ECO,Sevilla,private,12100
Seat,sedan,2015,219000,130,hybrid,automatic,ECO,Other,dealer,8400
Kia,city car,2018,304100,75,diesel,automatic,C,Other,dealer,6050
Dacia,SUV,2023,31900,145,petrol,automatic,C,Other,dealer,12150
Volkswagen,MPV,2024,24700,130,petrol,manual,C,Other,private,19350
Volkswagen,SUV,2021,59500,190,petrol,automatic,C,A Coruña,dealer,26850
Peugeot,SUV,2021,78800,130,petrol,manual,C,Vizcaya,dealer,15800
Peugeot,city car,2024,24600,70,diesel,automatic,C,Other,dealer,12300
Volkswagen,city car,2019,140300,85,petrol,automatic,C,Other,private,6950
Dacia,SUV,2024,36700,230,petrol,automatic,C,Other,dealer,22350
Volkswagen,compact,2022,43600,85,petrol,manual,C,Murcia,private,12850
Renault,SUV,2017,193500,100,petrol,manual,C,Zaragoza,dealer,7750
Seat,city car,2024,26700,70,hybrid,automatic,ECO,Other,dealer,14450
BMW,city car,2017,161400,105,petrol,manual,C,Madrid,dealer,6600
Hyundai,compact,2006,284200,105,diesel,manual,B,Madrid,dealer,1300
Renault,MPV,2013,140300,155,diesel,automatic,B,Murcia,dealer,5750
Hyundai,SUV,2021,53200,135,petrol,automatic,C,Other,dealer,17550
Peugeot,MPV,2018,132800,105,diesel,manual,C,Sevilla,dealer,8000
Volkswagen,MPV,2013,176400,125,diesel,manual,B,Málaga,dealer,5750
Ford,compact,2021,95700,95,hybrid,automatic,ECO,Barcelona,dealer,13650
Kia,compact,2021,99600,105,petrol,automatic,C,Málaga,private,10550
Nissan,compact,2025,22700,140,plug-in hybrid,automatic,0,Barcelona,dealer,31850
BMW,SUV,2023,36100,225,hybrid,manual,ECO,Sevilla,dealer,46050
Toyota,city car,2024,59500,85,hybrid,automatic,ECO,Other,dealer,13500
Citroën,city car,2020,115300,70,petrol,manual,C,Valencia,private,7200
Seat,MPV,2019,120700,140,petrol,automatic,C,Madrid,private,10500
Dacia,sedan,2022,36400,145,diesel,manual,C,Baleares,private,11250
Toyota,sedan,2018,169100,125,hybrid,automatic,ECO,Other,dealer,12600
Opel,city car,2021,75800,65,diesel,automatic,C,Other,private,6400
Ford,SUV,2021,53100,145,diesel,automatic,C,Barcelona,private,16250
Mercedes-Benz,compact,2024,22300,110,petrol,automatic,C,Madrid,private,28850
Mazda,city car,2018,158500,70,plug-in hybrid,manual,0,Other,private,8250
Mazda,compact,2009,282800,120,petrol,manual,C,Málaga,dealer,3850
Peugeot,SUV,2021,68300,95,petrol,manual,C,Las Palmas,private,12300
Kia,MPV,2013,233800,105,petrol,manual,C,Other,private,3700
Fiat,compact,2006,400700,95,diesel,manual,B,Other,private,1350
Kia,SUV,2019,129400,140,petrol,manual,C,Barcelona,private,10250
Volkswagen,sedan,2018,82400,140,diesel,manual,C,Barcelona,dealer,12950
Audi,SUV,2016,183100,195,diesel,automatic,C,Other,dealer,14550
Volkswagen,SUV,2022,63200,175,petrol,manual,C,Madrid,dealer,23800
Audi,city car,2021,59200,95,diesel,automatic,C,Barcelona,dealer,18850
Mazda,compact,2014,234700,100,diesel,manual,B,Madrid,private,4100
Nissan,city car,2014,100100,45,diesel,manual,B,Valencia,private,3100
Seat,city car,2021,104800,65,diesel,automatic,C,Baleares,dealer,7600
Kia,SUV,2019,118000,115,hybrid,automatic,ECO,Madrid,dealer,12050
Renault,SUV,2022,71300,125,petrol,automatic,C,Other,dealer,13550
Fiat,SUV,2024,17600,130,plug-in hybrid,automatic,0,Barcelona,dealer,25100
Renault,city car,2015,180900,85,diesel,manual,C,Vizcaya,dealer,3650
Skoda,SUV,2019,66300,195,petrol,automatic,C,Madrid,dealer,15850
Tesla,SUV,2023,33900,185,electric,automatic,0,Valencia,dealer,60200
Seat,compact,2024,45000,120,petrol,manual,C,Las Palmas,dealer,15750
BMW,SUV,2009,420000,210,diesel,automatic,B,Zaragoza,dealer,5800
Mercedes-Benz,sedan,2017,162700,235,hybrid,automatic,ECO,Other,dealer,16700
Kia,SUV,2022,167900,125,petrol,manual,C,Other,dealer,13600
Peugeot,city car,2018,183800,95,diesel,automatic,C,Zaragoza,dealer,6600
Kia,SUV,2018,125500,180,diesel,automatic,C,Baleares,dealer,12900
Toyota,city car,2024,21000,80,petrol,automatic,C,Other,dealer,16300
Nissan,sedan,2018,87200,140,petrol,manual,C,Other,private,8700
Peugeot,sedan,2018,141900,155,diesel,manual,C,Madrid,private,12550
Peugeot,SUV,2023,50400,135,hybrid,automatic,ECO,Barcelona,dealer,26750
Seat,city car,2021,75800,85,diesel,automatic,C,Málaga,dealer,9300
Dacia,sedan,2018,89600,180,diesel,manual,C,Vizcaya,dealer,6950
Volkswagen,compact,2022,42500,155,hybrid,automatic,ECO,Valencia,dealer,24650
Ford,compact,2021,38100,90,diesel,automatic,C,Other,dealer,12050
Nissan,city car,2023,56000,70,electric,automatic,0,Other,dealer,14250
Opel,compact,2008,261300,145,petrol,manual,C,A Coruña,dealer,2750
Kia,compact,2022,95500,135,petrol,manual,C,Las Palmas,private,12600
Mercedes-Benz,sedan,2015,216600,210,diesel,automatic,C,Barcelona,private,11550
Toyota,compact,2023,34400,95,hybrid,automatic,ECO,Las Palmas,private,18650
Renault,SUV,2018,89500,120,petrol,automatic,C,Baleares,dealer,9500
Hyundai,SUV,2025,27100,130,diesel,automatic,C,Sevilla,dealer,28450
Skoda,compact,2020,73300,90,petrol,manual,C,Madrid,dealer,11050
Skoda,sedan,2022,45800,130,diesel,automatic,C,Other,dealer,19450
Kia,sedan,2016,152900,125,petrol,manual,C,Other,private,5850
Volkswagen,SUV,2023,75800,195,petrol,automatic,C,Other,dealer,29500
Dacia,MPV,2024,26100,110,hybrid,automatic,ECO,Valencia,private,11200
Hyundai,sedan,2024,20000,150,petrol,automatic,C,Vizcaya,private,24950
Toyota,city car,2019,109000,85,electric,automatic,0,Madrid,dealer,8700
Mazda,city car,2009,339600,60,petrol,manual,C,Zaragoza,dealer,2000
Volkswagen,city car,2016,176300,75,petrol,manual,C,Barcelona,dealer,5600
Citroën,SUV,2025,15500,120,petrol,automatic,C,Málaga,private,22700
Toyota,compact,2023,46600,90,diesel,manual,C,Zaragoza,private,15500
Peugeot,compact,2023,53400,130,petrol,automatic,C,Madrid,private,17400
Dacia,sedan,2023,36300,150,petrol,manual,C,Zaragoza,dealer,13650
Peugeot,SUV,2022,60900,150,petrol,manual,C,Madrid,dealer,18750
Volkswagen,SUV,2022,58300,150,petrol,automatic,C,Madrid,dealer,21200
Fiat,compact,2022,46500,100,hybrid,automatic,ECO,Other,dealer,11100
Audi,city car,2006,179500,170,petrol,automatic,C,Other,dealer,2050
Kia,SUV,2024,40800,165,hybrid,automatic,ECO,A Coruña,dealer,26800
Opel,compact,2023,29300,135,hybrid,manual,ECO,Madrid,private,13550
Skoda,city car,2024,44300,70,petrol,automatic,C,Valencia,private,12700
Tesla,sedan,2014,305900,205,electric,automatic,0,Other,dealer,8350
Volkswagen,city car,2022,67700,95,petrol,automatic,C,A Coruña,dealer,12050
Volkswagen,SUV,2020,139800,115,petrol,automatic,C,Alicante,dealer,15400
Peugeot,compact,2014,114800,130,diesel,manual,B,Madrid,private,4050
Dacia,city car,2007,141900,55,diesel,automatic,B,Other,private,900
Ford,compact,2015,148400,90,diesel,automatic,C,Barcelona,dealer,6200
Hyundai,city car,2021,52900,80,diesel,automatic,C,Barcelona,dealer,9300
Skoda,compact,2016,206900,125,diesel,manual,C,Barcelona,private,5750
Renault,city car,2021,73800,65,hybrid,automatic,ECO,Alicante,dealer,7750
Kia,compact,2020,124300,90,petrol,automatic,C,Other,private,8250
Citroën,SUV,2017,61800,125,diesel,manual,C,Valencia,dealer,9350
Ford,city car,2018,73000,70,petrol,automatic,C,Other,private,5100
Toyota,SUV,2020,119200,155,petrol,automatic,C,Barcelona,dealer,14900
Peugeot,SUV,2021,53900,155,petrol,automatic,C,Barcelona,dealer,15500
Opel,SUV,2023,32700,125,diesel,manual,C,Asturias,dealer,16300
Hyundai,city car,2017,130800,75,hybrid,automatic,ECO,Barcelona,private,6300
Hyundai,compact,2019,112800,125,diesel,manual,C,Murcia,dealer,8950
Volkswagen,sedan,2019,102200,140,hybrid,automatic,ECO,Baleares,dealer,15800
Tesla,SUV,2019,105400,255,electric,automatic,0,Madrid,dealer,25350
Hyundai,compact,2020,89200,80,electric,automatic,0,Valencia,dealer,8350
Peugeot,SUV,2013,248600,105,diesel,manual,B,Las Palmas,dealer,5200
Mercedes-Benz,MPV,2025,13300,120,hybrid,automatic,ECO,Alicante,private,40550
Kia,compact,2021,47200,90,diesel,manual,C,Granada,dealer,11700
Peugeot,SUV,2018,81200,95,plug-in hybrid,automatic,0,Málaga,private,9950
Toyota,compact,2025,30800,90,petrol,automatic,C,Navarra,private,17450
Toyota,compact,2019,74500,130,petrol,automatic,C,Sevilla,dealer,11450
Dacia,SUV,2024,44600,155,petrol,automatic,C,Other,private,16400
Hyundai,city car,2020,96200,85,petrol,automatic,C,Valladolid,dealer,8100
Citroën,SUV,2023,35400,130,petrol,manual,C,Baleares,dealer,15700
Renault,compact,2022,78800,110,hybrid,automatic,ECO,Sevilla,private,13300
Volkswagen,SUV,2007,420000,115,diesel,automatic,B,Madrid,private,2150
Ford,SUV,2018,95900,115,plug-in hybrid,automatic,0,Sevilla,dealer,15300
Seat,compact,2006,247300,100,diesel,manual,B,Barcelona,dealer,1500
BMW,sedan,2014,226600,170,diesel,manual,B,Valencia,private,7850
Toyota,SUV,2019,82900,125,hybrid,manual,ECO,Other,dealer,13000
Renault,compact,2009,194900,140,diesel,manual,B,Murcia,dealer,2550
Fiat,compact,2014,160000,110,petrol,manual,C,Barcelona,private,3300
Nissan,compact,2023,50300,95,electric,automatic,0,Barcelona,private,15450
Seat,SUV,2020,82600,100,diesel,automatic,C,Madrid,dealer,11450
Ford,SUV,2024,31300,175,petrol,automatic,C,Alicante,private,27500
Hyundai,city car,2023,24200,60,hybrid,automatic,ECO,Vizcaya,dealer,9700
Nissan,sedan,2021,66100,185,electric,automatic,0,Barcelona,dealer,17000
Volkswagen,SUV,2023,40900,125,petrol,automatic,C,Other,dealer,24000
Volkswagen,city car,2015,219200,50,petrol,manual,C,Barcelona,dealer,4150
Mercedes-Benz,city car,2019,104900,115,petrol,automatic,C,Other,dealer,15900
Nissan,compact,2011,178600,80,petrol,manual,C,Murcia,dealer,2650
Audi,city car,2021,110200,100,plug-in hybrid,automatic,0,Madrid,private,18500
Skoda,city car,2023,63300,75,petrol,automatic,C,Barcelona,dealer,12550
Dacia,compact,2018,115000,95,hybrid,automatic,ECO,Baleares,dealer,5150
Ford,city car,2017,157300,80,hybrid,automatic,ECO,Málaga,dealer,6900
Volvo,SUV,2023,42900,210,petrol,automatic,C,Baleares,dealer,43200
Toyota,compact,2021,69100,115,diesel,manual,C,Asturias,dealer,15950
Opel,SUV,2022,71300,115,petrol,manual,C,Sevilla,private,11700
Renault,MPV,2017,161300,135,petrol,manual,C,Madrid,private,6600
Seat,SUV,2018,84500,135,petrol,manual,C,Madrid,dealer,11450
Peugeot,compact,2020,135700,130,diesel,automatic,C,Other,dealer,12800
Ford,compact,2014,211900,100,petrol,automatic,C,Murcia,private,4000
Dacia,sedan,2021,98500,170,diesel,manual,C,Barcelona,private,9750
Ford,city car,2018,116500,75,petrol,automatic,C,Valladolid,dealer,6000
Kia,city car,2024,35000,70,petrol,automatic,C,Navarra,private,11000
Mercedes-Benz,compact,2020,109200,170,petrol,automatic,C,Sevilla,dealer,19550
Seat,city car,2020,155800,95,petrol,manual,C,Sevilla,private,6250
Mercedes-Benz,compact,2018,105900,210,electric,automatic,0,Other,dealer,17850
Volkswagen,compact,2014,149600,125,diesel,automatic,B,Madrid,private,4850
Mercedes-Benz,SUV,2014,176800,200,petrol,automatic,C,Other,dealer,9950
Mercedes-Benz,SUV,2022,78300,155,hybrid,automatic,ECO,Other,private,36500
Hyundai,compact,2018,71300,190,petrol,automatic,C,Valencia,dealer,10950
Ford,SUV,2023,77700,155,hybrid,automatic,ECO,Other,private,24850
Renault,SUV,2012,243500,190,petrol,manual,C,Other,dealer,4850
Renault,compact,2021,44000,120,hybrid,automatic,ECO,Other,dealer,15000
Citroën,compact,2021,33500,90,hybrid,automatic,ECO,Alicante,dealer,13250
Nissan,SUV,2017,156600,125,petrol,automatic,C,Other,dealer,9700
Volkswagen,SUV,2020,82700,105,electric,automatic,0,Vizcaya,dealer,15750
Audi,city car,2008,324800,105,petrol,manual,C,Las Palmas,dealer,1800
Volkswagen,SUV,2017,82800,95,petrol,automatic,C,Málaga,dealer,10750
BMW,MPV,2020,79300,210,petrol,automatic,C,Other,dealer,24450
Opel,sedan,2021,65000,170,diesel,manual,C,Las Palmas,private,16550
Skoda,SUV,2022,51500,210,plug-in hybrid,automatic,0,Barcelona,dealer,32000
Audi,city car,2019,117400,105,diesel,automatic,C,Madrid,private,11850
Renault,SUV,2021,61400,135,petrol,automatic,C,Barcelona,dealer,14650
Mercedes-Benz,city car,2016,104300,70,hybrid,automatic,ECO,Madrid,dealer,8000
Peugeot,compact,2019,95100,130,diesel,automatic,C,Vizcaya,dealer,10350
Kia,SUV,2019,107600,135,petrol,manual,C,Málaga,dealer,9300
Renault,SUV,2023,44700,175,hybrid,automatic,ECO,Vizcaya,dealer,26200
Citroën,sedan,2019,150600,205,petrol,manual,C,Other,dealer,12900
Hyundai,sedan,2020,87800,180,petrol,automatic,C,Barcelona,dealer,15900
Toyota,MPV,2015,319800,130,hybrid,automatic,ECO,Murcia,private,7400
Seat,city car,2020,74700,75,diesel,manual,C,Barcelona,dealer,8450
Nissan,sedan,2017,102600,160,hybrid,automatic,ECO,Sevilla,dealer,12600
Opel,compact,2014,145300,140,petrol,automatic,C,Málaga,dealer,5600
Peugeot,SUV,2018,210600,200,diesel,manual,C,Barcelona,private,10500
Peugeot,city car,2015,151800,70,diesel,manual,C,Zaragoza,private,2950
Volkswagen,SUV,2022,43900,140,plug-in hybrid,automatic,0,Other,dealer,34200
Skoda,sedan,2021,99100,230,diesel,automatic,C,Málaga,private,20550
Hyundai,compact,2012,200500,110,petrol,manual,C,Other,dealer,3650
Hyundai,city car,2018,156200,100,plug-in hybrid,automatic,0,Málaga,private,7600
Hyundai,compact,2017,135000,100,petrol,manual,C,Las Palmas,private,6400
Toyota,sedan,2018,138900,195,electric,automatic,0,Navarra,private,12150
Hyundai,city car,2018,73800,80,electric,automatic,0,Granada,dealer,5650
Seat,sedan,2020,43300,130,petrol,manual,C,A Coruña,dealer,13550
Citroën,MPV,2021,67600,155,diesel,manual,C,Málaga,dealer,14350
Volkswagen,city car,2021,138800,85,petrol,manual,C,Barcelona,private,9850
Kia,SUV,2023,35600,185,petrol,manual,C,Madrid,private,23500
Renault,SUV,2022,83600,155,petrol,manual,C,Valencia,dealer,14750
Dacia,compact,2012,211100,140,petrol,manual,C,Other,dealer,3200
BMW,MPV,2024,21100,190,diesel,automatic,C,Baleares,dealer,46550
Hyundai,compact,2018,98400,140,petrol,automatic,C,Barcelona,dealer,10850
Renault,SUV,2017,177300,130,petrol,manual,C,Sevilla,dealer,7700
Seat,city car,2018,228200,55,hybrid,automatic,ECO,Zaragoza,dealer,5250
Renault,sedan,2016,162800,190,diesel,manual,C,Sevilla,dealer,7300
Opel,sedan,2024,45000,185,diesel,automatic,C,Other,dealer,25200
Skoda,SUV,2025,21000,170,plug-in hybrid,automatic,0,Other,dealer,43800
Seat,compact,2020,107100,100,plug-in hybrid,manual,0,Valencia,dealer,10500
Opel,city car,2025,16700,85,petrol,manual,C,Other,dealer,13200
Toyota,compact,2022,49800,160,petrol,automatic,C,Barcelona,private,18300
Renault,city car,2021,101600,60,hybrid,automatic,ECO,Madrid,dealer,7950
Kia,SUV,2018,155400,160,diesel,manual,C,Barcelona,dealer,12950
Skoda,sedan,2025,20900,125,petrol,automatic,C,Málaga,dealer,24700
Volkswagen,SUV,2025,17200,160,petrol,automatic,C,Barcelona,dealer,44400
Renault,city car,2024,31600,70,electric,automatic,0,Sevilla,dealer,15100
Volkswagen,city car,2021,51300,85,diesel,automatic,C,Zaragoza,dealer,12700
BMW,compact,2014,206900,125,diesel,automatic,B,Baleares,private,5950
Volkswagen,city car,2016,65900,65,hybrid,automatic,ECO,Barcelona,dealer,5450
Renault,sedan,2022,45900,145,electric,automatic,0,Málaga,dealer,19800
Fiat,city car,2022,39100,110,hybrid,manual,ECO,Other,dealer,10850
Seat,MPV,2016,175400,115,petrol,manual,C,Murcia,private,5300
Peugeot,MPV,2019,159300,100,hybrid,automatic,ECO,Barcelona,private,9900
Fiat,compact,2024,27400,110,hybrid,automatic,ECO,Las Palmas,private,13200
Citroën,SUV,2011,218400,110,diesel,automatic,B,Málaga,dealer,3750
Toyota,compact,2018,92700,110,hybrid,automatic,ECO,Other,dealer,10200
Hyundai,city car,2021,77000,75,diesel,automatic,C,Zaragoza,private,8450
Seat,compact,2013,151800,115,petrol,manual,C,Other,dealer,5100
Mazda,SUV,2016,161400,180,diesel,automatic,C,Madrid,private,11350
Ford,SUV,2022,60000,130,petrol,automatic,C,Málaga,dealer,16250
Volkswagen,city car,2018,112300,85,petrol,automatic,C,Málaga,dealer,6800
Seat,SUV,2019,71900,155,diesel,manual,C,Other,private,14250
Kia,sedan,2018,129800,95,petrol,manual,C,Other,dealer,8850
Renault,SUV,2021,47800,175,diesel,manual,C,A Coruña,dealer,19450
Nissan,SUV,2016,184000,95,diesel,manual,C,Other,private,7750
Peugeot,sedan,2019,136600,130,hybrid,automatic,ECO,Other,dealer,10250
BMW,SUV,2018,104700,190,hybrid,automatic,ECO,Barcelona,dealer,23250
Ford,compact,2018,91200,90,hybrid,automatic,ECO,Madrid,private,9450
Seat,city car,2022,45300,115,petrol,manual,C,Other,dealer,12350
Volkswagen,compact,2020,63300,110,hybrid,manual,ECO,Other,dealer,12800
Peugeot,compact,2020,121000,135,petrol,manual,C,Madrid,dealer,11750
Ford,city car,2020,51200,60,diesel,automatic,C,Valencia,dealer,8450
Renault,SUV,2017,82500,115,petrol,automatic,C,Sevilla,private,8950
Opel,compact,2021,141900,130,hybrid,automatic,ECO,Madrid,private,10400
Volkswagen,SUV,2025,16200,105,hybrid,manual,ECO,Valencia,dealer,31650
Renault,city car,2020,79700,75,petrol,manual,C,Granada,private,6350
Seat,SUV,2022,61500,165,diesel,manual,C,Madrid,dealer,18100
Hyundai,city car,2016,144300,70,petrol,manual,C,Valencia,private,4700
Citroën,compact,2018,143400,115,diesel,automatic,C,Baleares,private,7050
Hyundai,compact,2023,32400,130,petrol,automatic,C,Other,dealer,19900
Citroën,city car,2022,62700,90,petrol,manual,C,Other,private,10600
Mercedes-Benz,city car,2020,80800,90,petrol,automatic,C,Madrid,dealer,12100
Hyundai,city car,2019,165800,65,hybrid,automatic,ECO,Other,private,5900
Ford,city car,2018,104700,80,petrol,manual,C,Sevilla,dealer,6100
Fiat,sedan,2019,136300,120,petrol,manual,C,Zaragoza,private,8300
Renault,city car,2021,53700,75,diesel,automatic,C,Barcelona,dealer,11900
Citroën,SUV,2015,131500,145,petrol,manual,C,Sevilla,dealer,5650
Peugeot,city car,2014,96700,80,diesel,automatic,B,Barcelona,private,2650
Hyundai,compact,2018,199000,95,diesel,manual,C,Other,dealer,6950
Opel,compact,2020,107700,140,diesel,manual,C,Other,dealer,10300
Mercedes-Benz,compact,2022,32000,135,hybrid,automatic,ECO,Other,dealer,30850
BMW,compact,2018,147700,125,petrol,automatic,C,Valencia,dealer,12400
Dacia,SUV,2020,101900,115,diesel,manual,C,Madrid,dealer,9000
Hyundai,sedan,2022,84800,170,hybrid,automatic,ECO,Valencia,dealer,19150
Seat,SUV,2021,99100,140,diesel,automatic,C,Valencia,dealer,17950
Opel,sedan,2019,79500,175,petrol,automatic,C,Madrid,dealer,13250
Volvo,compact,2021,75200,190,hybrid,manual,ECO,Málaga,dealer,27300
Dacia,sedan,2014,140800,200,petrol,automatic,C,Madrid,private,5000
Nissan,compact,2021,65000,95,hybrid,automatic,ECO,Valladolid,private,11600
Toyota,SUV,2023,54800,145,diesel,automatic,C,Vizcaya,private,22250
Opel,SUV,2016,122900,130,hybrid,automatic,ECO,Vizcaya,dealer,8200
Seat,compact,2016,181400,105,petrol,manual,C,Barcelona,dealer,4850
Hyundai,MPV,2018,156100,110,petrol,manual,C,Other,dealer,8050
Ford,compact,2025,18200,135,petrol,manual,C,Barcelona,dealer,24950
Ford,city car,2019,86300,65,petrol,manual,C,Madrid,dealer,5450
Hyundai,SUV,2021,58900,140,hybrid,automatic,ECO,Barcelona,dealer,18800
Renault,city car,2023,47500,70,petrol,manual,C,Valencia,dealer,9700
Opel,compact,2023,64000,135,hybrid,automatic,ECO,Alicante,private,14600
Opel,sedan,2011,208900,175,petrol,manual,C,Other,private,3450
Mercedes-Benz,SUV,2021,29400,220,petrol,automatic,C,Granada,dealer,34100
Volkswagen,MPV,2021,59500,145,diesel,automatic,C,Madrid,dealer,19300
Opel,SUV,2014,259000,160,petrol,manual,C,Murcia,dealer,6250
BMW,sedan,2022,40100,200,petrol,automatic,C,Zaragoza,private,35700
Dacia,compact,2023,43500,140,hybrid,automatic,ECO,Barcelona,private,12750
Nissan,sedan,2009,279200,140,diesel,manual,B,Other,private,3650
Mazda,SUV,2024,78700,155,petrol,automatic,C,Other,dealer,25600
Renault,SUV,2020,61700,125,petrol,manual,C,Other,private,9600
Renault,SUV,2025,24900,195,petrol,automatic,C,Madrid,dealer,34500
Dacia,city car,2024,27900,95,petrol,automatic,C,Sevilla,dealer,10150
Audi,SUV,2023,33200,235,diesel,manual,C,Alicante,dealer,49050
Kia,sedan,2016,256200,105,petrol,automatic,C,Valencia,dealer,7800
Seat,compact,2016,130600,105,petrol,automatic,C,Sevilla,dealer,6450
Mazda,city car,2017,115500,95,hybrid,automatic,ECO,Madrid,private,7150
Opel,city car,2007,168800,110,petrol,manual,C,Other,private,1900
Ford,compact,2011,351400,125,petrol,manual,C,Other,private,2950
Citroën,city car,2019,93800,70,petrol,manual,C,Valencia,private,6450
Volkswagen,SUV,2018,278600,195,petrol,manual,C,Madrid,private,11100
Hyundai,compact,2020,122300,110,hybrid,automatic,ECO,Las Palmas,dealer,13900
Toyota,compact,2020,75300,165,hybrid,manual,ECO,Madrid,dealer,18850
BMW,compact,2018,80400,180,hybrid,automatic,ECO,Asturias,dealer,16500
Toyota,SUV,2012,241400,95,diesel,manual,B,Valencia,dealer,4200
Kia,city car,2024,24200,65,petrol,automatic,C,Alicante,private,12200
BMW,SUV,2017,118200,240,petrol,automatic,C,Madrid,dealer,20650
Mercedes-Benz,sedan,2022,60100,230,petrol,automatic,C,Murcia,private,39850
Citroën,SUV,2019,75200,140,petrol,automatic,C,Murcia,private,12300
BMW,sedan,2014,101800,155,diesel,automatic,B,Las Palmas,dealer,8100
Opel,city car,2020,53200,95,petrol,automatic,C,Other,private,9400
Ford,MPV,2015,131700,135,hybrid,automatic,ECO,Navarra,private,6700
Toyota,SUV,2009,242800,115,petrol,automatic,C,Other,dealer,4600
Kia,compact,2023,33600,165,petrol,automatic,C,Murcia,dealer,20200
Kia,sedan,2024,19600,155,petrol,automatic,C,Madrid,private,23750
Skoda,city car,2016,163300,90,petrol,automatic,C,Granada,dealer,6250
Tesla,sedan,2023,60200,215,electric,automatic,0,Other,dealer,52650
Peugeot,MPV,2009,200200,130,diesel,manual,B,Valencia,private,2950
Seat,SUV,2024,16600,110,hybrid,automatic,ECO,Madrid,dealer,23750
Seat,compact,2022,80600,95,petrol,automatic,C,Sevilla,dealer,12900
Peugeot,SUV,2020,167700,130,diesel,automatic,C,Other,private,12100
Opel,SUV,2011,283900,100,petrol,manual,C,Granada,private,3100
Volkswagen,sedan,2023,48600,150,hybrid,manual,ECO,Other,dealer,28100
Renault,compact,2011,155500,115,diesel,automatic,B,Valencia,dealer,3500
Mercedes-Benz,SUV,2019,91700,170,plug-in hybrid,automatic,0,Sevilla,dealer,28700
Citroën,SUV,2022,74700,115,petrol,manual,C,Madrid,dealer,13800
Toyota,SUV,2024,22700,220,hybrid,automatic,ECO,Alicante,private,42900
Seat,city car,2019,102900,85,hybrid,automatic,ECO,Málaga,private,7350
Toyota,city car,2011,363400,55,hybrid,automatic,ECO,Las Palmas,dealer,2300
Renault,compact,2021,87400,95,petrol,manual,C,Vizcaya,dealer,10800
Dacia,SUV,2022,42300,180,petrol,automatic,C,Other,dealer,16150
Skoda,SUV,2016,163900,140,petrol,manual,C,Other,dealer,9800
Ford,compact,2013,148700,95,petrol,automatic,C,Barcelona,dealer,4200
Renault,city car,2023,33000,95,petrol,automatic,C,Other,dealer,12450
Renault,SUV,2019,207700,165,diesel,automatic,C,Other,private,12400
Seat,city car,2021,91900,70,hybrid,automatic,ECO,Madrid,dealer,9000
Nissan,SUV,2024,37400,180,plug-in hybrid,automatic,0,Other,dealer,37350
Kia,SUV,2019,155800,160,electric,automatic,0,Other,private,11650
Peugeot,city car,2024,30400,65,hybrid,automatic,ECO,A Coruña,dealer,10300
Dacia,city car,2015,121700,80,petrol,automatic,C,Other,dealer,2600
Opel,SUV,2020,74600,200,petrol,manual,C,Navarra,dealer,15150
Hyundai,compact,2018,98000,90,hybrid,automatic,ECO,Barcelona,dealer,10100
BMW,sedan,2016,255400,210,diesel,automatic,C,Other,dealer,14100
Citroën,SUV,2023,42500,110,diesel,manual,C,Other,private,19300
Kia,SUV,2013,191500,130,petrol,manual,C,Alicante,dealer,6000
Mercedes-Benz,compact,2023,58100,135,petrol,automatic,C,Murcia,dealer,35700
Kia,sedan,2016,117900,130,petrol,automatic,C,Las Palmas,dealer,9150
Volkswagen,SUV,2019,70600,140,hybrid,automatic,ECO,Baleares,private,15400
Peugeot,city car,2022,59000,80,petrol,automatic,C,Las Palmas,private,7850
Toyota,city car,2018,104600,85,hybrid,automatic,ECO,Granada,private,7550
Hyundai,compact,2024,27000,130,diesel,automatic,C,Other,dealer,26050
Toyota,sedan,2016,200400,150,petrol,manual,C,Barcelona,dealer,8550
Peugeot,city car,2010,255000,85,diesel,manual,B,Other,dealer,2350
Kia,SUV,2021,74700,110,petrol,automatic,C,Barcelona,dealer,15150
Opel,sedan,2017,107400,155,petrol,manual,C,Madrid,private,8150
Opel,SUV,2025,23700,140,petrol,automatic,C,Valencia,private,23500
Opel,city car,2013,150900,70,diesel,manual,B,Other,dealer,2500
Ford,sedan,2018,180700,135,diesel,manual,C,Zaragoza,dealer,9200
Ford,SUV,2025,14900,160,hybrid,automatic,ECO,Asturias,dealer,39700
Kia,compact,2018,124800,140,petrol,automatic,C,Other,dealer,8750
Renault,sedan,2016,148500,205,petrol,automatic,C,Other,dealer,10850
Hyundai,compact,2011,325600,135,petrol,automatic,C,Málaga,private,4050
Volkswagen,compact,2018,169000,105,hybrid,automatic,ECO,Las Palmas,dealer,11750
Peugeot,SUV,2016,134700,160,hybrid,manual,ECO,Other,dealer,10500
Citroën,compact,2022,73000,160,petrol,manual,C,Barcelona,dealer,15250
Nissan,SUV,2023,45900,115,petrol,automatic,C,Madrid,private,23350
Kia,city car,2017,174400,80,plug-in hybrid,manual,0,Valladolid,dealer,8050
Kia,sedan,2018,71000,175,diesel,manual,C,Madrid,dealer,13800
Renault,sedan,2021,100700,125,petrol,automatic,C,Barcelona,private,11700
Volkswagen,compact,2018,101000,125,diesel,automatic,C,Madrid,private,11300
Kia,city car,2024,13700,90,petrol,automatic,C,Other,private,13700
Toyota,MPV,2025,11800,125,petrol,manual,C,Valencia,dealer,29300
Dacia,SUV,2021,50700,105,diesel,automatic,C,Granada,dealer,11450
Skoda,SUV,2022,42500,105,petrol,automatic,C,Barcelona,dealer,21450
Kia,SUV,2020,80000,185,hybrid,automatic,ECO,Madrid,dealer,24400
Peugeot,compact,2006,420000,80,hybrid,automatic,ECO,Las Palmas,private,1600
BMW,SUV,2020,67700,285,hybrid,automatic,ECO,Barcelona,dealer,35550
Opel,compact,2017,124300,120,diesel,automatic,C,Murcia,dealer,8150
Peugeot,city car,2022,34500,85,diesel,automatic,C,Málaga,dealer,13200
Seat,city car,2021,75800,65,electric,automatic,0,Other,private,7050
BMW,SUV,2022,55200,205,hybrid,manual,ECO,Granada,dealer,39850
Seat,city car,2025,10600,85,diesel,automatic,C,Las Palmas,private,13800
Hyundai,compact,2024,23100,110,petrol,manual,C,Barcelona,dealer,19400
Volvo,city car,2018,170400,100,electric,automatic,0,Other,private,8200
Tesla,SUV,2022,52400,200,electric,automatic,0,Murcia,private,49900
Kia,sedan,2020,72000,150,petrol,manual,C,Barcelona,dealer,12450
Hyundai,sedan,2024,29500,120,petrol,manual,C,Other,dealer,19050
Kia,compact,2012,274100,80,diesel,automatic,B,Las Palmas,dealer,3550
Volkswagen,SUV,2017,192300,140,diesel,automatic,C,Other,dealer,11800
Ford,compact,2025,14600,105,hybrid,manual,ECO,Other,dealer,25950
Dacia,city car,2016,200300,70,diesel,manual,C,Other,dealer,2800
Kia,sedan,2022,162400,145,diesel,automatic,C,Sevilla,private,13300
Opel,SUV,2019,166600,130,hybrid,automatic,ECO,Madrid,dealer,11950
Volkswagen,sedan,2024,36200,145,hybrid,automatic,ECO,Barcelona,dealer,29100
Mercedes-Benz,compact,2020,46400,115,hybrid,automatic,ECO,Barcelona,dealer,20000
Ford,sedan,2020,134300,130,petrol,automatic,C,Baleares,dealer,10650
Citroën,MPV,2024,33300,130,diesel,automatic,C,A Coruña,private,20300
Skoda,SUV,2022,59500,145,hybrid,automatic,ECO,Sevilla,private,18700
Peugeot,compact,2020,148800,85,petrol,automatic,C,Madrid,dealer,7750
Peugeot,city car,2020,110700,100,diesel,automatic,C,Valencia,dealer,10750
Renault,city car,2022,61500,65,petrol,automatic,C,Alicante,private,7400
Citroën,sedan,2014,145900,170,diesel,automatic,B,Vizcaya,dealer,6600
Renault,SUV,2018,183300,155,diesel,automatic,C,Madrid,dealer,10650
Opel,compact,2013,383100,125,petrol,manual,C,Valladolid,dealer,3700
Kia,compact,2019,132000,75,diesel,automatic,C,Other,dealer,6900
Nissan,city car,2021,59000,80,hybrid,manual,ECO,Baleares,dealer,10450
Volkswagen,compact,2025,17800,85,diesel,manual,C,Other,private,19450
Toyota,compact,2019,79400,105,diesel,manual,C,Sevilla,private,11550
Volkswagen,SUV,2019,112400,160,hybrid,automatic,ECO,Other,dealer,21000
Dacia,city car,2025,17200,90,petrol,manual,C,Other,dealer,10200
Fiat,city car,2018,141600,60,diesel,manual,C,Madrid,dealer,4000
Nissan,compact,2020,69100,115,hybrid,automatic,ECO,Other,dealer,12350
Hyundai,SUV,2020,74500,180,electric,automatic,0,Las Palmas,dealer,19200
Renault,SUV,2018,123900,155,hybrid,automatic,ECO,Other,dealer,12300
Toyota,compact,2015,127700,175,hybrid,automatic,ECO,Other,private,10400
Volkswagen,compact,2020,136400,105,electric,automatic,0,Sevilla,dealer,12950
Ford,sedan,2020,91000,120,petrol,automatic,C,Other,dealer,14150
Citroën,compact,2020,135100,135,hybrid,automatic,ECO,Madrid,dealer,11550
Toyota,compact,2016,183600,110,petrol,manual,C,Barcelona,private,6250
Peugeot,sedan,2014,115700,125,diesel,manual,B,Barcelona,dealer,4600
Fiat,compact,2022,44200,145,diesel,automatic,C,Other,dealer,14250
Citroën,compact,2015,87300,125,petrol,manual,C,Other,private,5800
Opel,compact,2021,51000,105,diesel,automatic,C,Other,dealer,12600
Renault,city car,2017,91500,70,hybrid,automatic,ECO,Vizcaya,dealer,4550
Seat,compact,2024,27700,130,petrol,automatic,C,Barcelona,dealer,18550
Skoda,SUV,2023,40100,130,petrol,manual,C,Granada,private,21750
Renault,compact,2022,59800,150,petrol,automatic,C,Málaga,dealer,16500
Skoda,MPV,2021,67800,100,petrol,automatic,C,Madrid,dealer,12800
Volkswagen,MPV,2018,224400,155,diesel,automatic,C,Barcelona,dealer,14200
Volvo,city car,2018,149200,125,electric,automatic,0,Baleares,dealer,12500
Toyota,SUV,2017,107900,110,hybrid,automatic,ECO,Madrid,dealer,13050
BMW,compact,2024,38000,155,hybrid,automatic,ECO,Alicante,dealer,48450
Toyota,city car,2022,76900,75,petrol,manual,C,Granada,private,9700
Peugeot,compact,2010,392800,155,diesel,manual,B,Sevilla,dealer,4550
Volvo,compact,2012,235600,170,petrol,automatic,C,Madrid,private,5150
Seat,SUV,2016,213200,120,hybrid,automatic,ECO,Barcelona,dealer,8150
Hyundai,SUV,2024,17300,165,petrol,automatic,C,Málaga,dealer,26350
Audi,compact,2023,75300,210,hybrid,automatic,ECO,Alicante,dealer,45700
Citroën,compact,2021,80800,105,hybrid,automatic,ECO,Other,private,9400
Opel,city car,2025,12600,80,petrol,manual,C,Barcelona,dealer,16650
Citroën,sedan,2013,120300,145,diesel,manual,B,A Coruña,dealer,6150
BMW,city car,2020,144600,170,petrol,manual,C,Baleares,dealer,17400
Volkswagen,compact,2024,29300,130,hybrid,automatic,ECO,Baleares,dealer,30950
Dacia,SUV,2022,65600,135,hybrid,automatic,ECO,Other,private,11500
Opel,compact,2024,37200,140,petrol,manual,C,Other,private,17150
Hyundai,compact,2023,43400,120,petrol,automatic,C,Baleares,dealer,17150
Volkswagen,SUV,2024,43500,135,diesel,automatic,C,Other,dealer,31550
Opel,compact,2019,84900,135,petrol,manual,C,Other,private,7500
Mercedes-Benz,compact,2024,24800,205,petrol,automatic,C,Other,dealer,52600
Seat,SUV,2019,59400,155,diesel,automatic,C,Sevilla,private,13800
Volvo,compact,2021,67700,180,hybrid,automatic,ECO,Barcelona,private,25850
Volkswagen,SUV,2016,108500,165,diesel,manual,C,Valencia,private,11600
Hyundai,compact,2015,212900,125,petrol,manual,C,Alicante,private,5150
Mercedes-Benz,compact,2018,94700,140,plug-in hybrid,automatic,0,Valladolid,private,17950
Fiat,sedan,2020,90200,130,petrol,automatic,C,Barcelona,private,9850
Volkswagen,MPV,2024,26000,175,diesel,manual,C,Valencia,private,29900
Fiat,city car,2022,56700,90,petrol,automatic,C,Valencia,dealer,9750
Skoda,SUV,2025,9400,245,diesel,manual,C,Zaragoza,dealer,44950
Seat,city car,2022,62600,65,electric,automatic,0,Madrid,private,8850
Seat,compact,2018,117100,135,diesel,manual,C,Other,dealer,8800
Skoda,SUV,2022,45500,165,hybrid,automatic,ECO,Other,dealer,21850
Peugeot,MPV,2007,333300,125,petrol,automatic,C,Valencia,dealer,2850
Opel,SUV,2025,15300,135,petrol,automatic,C,Barcelona,private,26350
Toyota,city car,2020,158300,65,hybrid,automatic,ECO,A Coruña,private,6750
Toyota,compact,2024,35700,110,petrol,automatic,C,Other,dealer,22950
Fiat,SUV,2019,97300,145,petrol,automatic,C,Valencia,dealer,12400
Peugeot,SUV,2022,87000,135,electric,automatic,0,Other,dealer,20050
Skoda,compact,2012,420000,95,diesel,manual,B,Granada,dealer,3450
Renault,compact,2021,92200,140,petrol,automatic,C,Barcelona,dealer,12550
Seat,MPV,2017,199700,115,diesel,manual,C,A Coruña,dealer,6850
Audi,SUV,2023,43000,150,diesel,automatic,C,Navarra,dealer,41650
Peugeot,compact,2019,130900,75,petrol,manual,C,Sevilla,private,6750
BMW,city car,2016,126000,95,petrol,manual,C,Other,dealer,6600
Fiat,city car,2021,96900,85,hybrid,automatic,ECO,Other,private,6950
Skoda,SUV,2019,101400,150,diesel,manual,C,Other,dealer,15750
Ford,SUV,2018,168700,140,petrol,automatic,C,Navarra,dealer,11600
Citroën,city car,2023,33000,75,hybrid,automatic,ECO,Other,dealer,11550
Volvo,SUV,2022,73700,215,diesel,automatic,C,Valencia,dealer,41850
Skoda,sedan,2015,122500,160,diesel,manual,C,Vizcaya,dealer,9350
Dacia,compact,2025,14000,115,petrol,automatic,C,Barcelona,dealer,16850
BMW,compact,2020,67500,220,hybrid,automatic,ECO,Other,dealer,32150
Mercedes-Benz,sedan,2019,85900,170,petrol,automatic,C,Madrid,dealer,19250
Seat,SUV,2020,145100,105,hybrid,automatic,ECO,Vizcaya,dealer,12750
Kia,SUV,2016,117900,175,petrol,manual,C,Other,dealer,11150
Citroën,SUV,2020,68900,125,plug-in hybrid,manual,0,Sevilla,dealer,13950
Seat,compact,2011,268700,105,petrol,manual,C,Sevilla,private,2900
Audi,city car,2023,43200,125,plug-in hybrid,automatic,0,Other,dealer,35850
Dacia,city car,2011,233900,70,diesel,manual,B,Other,private,1350
BMW,compact,2009,249400,155,diesel,automatic,B,Málaga,private,3550
Peugeot,compact,2022,46900,115,petrol,automatic,C,Barcelona,dealer,12350
Mercedes-Benz,city car,2020,108600,95,hybrid,automatic,ECO,Granada,dealer,13350
Audi,SUV,2023,47700,195,petrol,automatic,C,Other,private,43100
Citroën,compact,2017,171200,125,petrol,automatic,C,Murcia,private,7150
Seat,city car,2024,44600,70,petrol,automatic,C,Zaragoza,private,11800
Kia,compact,2021,28600,105,diesel,automatic,C,Barcelona,dealer,14550
Skoda,city car,2020,92600,95,hybrid,automatic,ECO,Las Palmas,dealer,9950
Audi,SUV,2023,31000,155,petrol,automatic,C,Alicante,private,37850
Peugeot,SUV,2023,48400,135,petrol,automatic,C,Barcelona,dealer,19100
Peugeot,city car,2011,192700,65,petrol,manual,C,Navarra,private,2300
Fiat,MPV,2019,130400,115,diesel,automatic,C,Valencia,dealer,9050
Fiat,SUV,2018,98600,140,electric,automatic,0,Barcelona,dealer,7500
Peugeot,city car,2019,51700,80,petrol,manual,C,Other,private,6350
Skoda,compact,2016,112500,115,petrol,automatic,C,Barcelona,dealer,7450
Kia,city car,2010,278300,85,petrol,manual,C,Barcelona,dealer,2600
Toyota,city car,2010,319600,95,hybrid,manual,ECO,Alicante,private,2750
Mazda,MPV,2025,18700,185,diesel,automatic,C,Murcia,private,27800
Mercedes-Benz,city car,2017,186400,75,hybrid,manual,ECO,Sevilla,private,8950
Peugeot,SUV,2023,79600,160,petrol,manual,C,Madrid,private,18700
BMW,sedan,2024,26900,175,petrol,manual,C,Murcia,dealer,41650
Citroën,SUV,2021,66100,120,petrol,automatic,C,Zaragoza,dealer,13900
Toyota,sedan,2017,179400,120,diesel,manual,C,Barcelona,private,8050
Hyundai,SUV,2016,102300,140,petrol,automatic,C,Barcelona,dealer,10350
Toyota,SUV,2023,48300,145,hybrid,manual,ECO,Other,dealer,26300
Mercedes-Benz,SUV,2015,148500,210,petrol,manual,C,Barcelona,dealer,11950
Citroën,city car,2018,76500,95,hybrid,automatic,ECO,Barcelona,private,7100
Ford,sedan,2006,352300,200,petrol,manual,C,Barcelona,dealer,2900
Audi,city car,2018,99300,95,diesel,automatic,C,Other,dealer,11650
Fiat,SUV,2023,53300,175,petrol,manual,C,Other,dealer,15250
Citroën,MPV,2023,48600,120,hybrid,automatic,ECO,Sevilla,private,16900
Fiat,SUV,2023,41500,140,hybrid,automatic,ECO,Barcelona,private,18550
Fiat,SUV,2014,214300,145,diesel,manual,B,Other,dealer,5900
Seat,SUV,2018,225900,195,petrol,manual,C,Other,dealer,11950
Renault,MPV,2015,332700,140,diesel,manual,C,Barcelona,dealer,6100
Audi,SUV,2018,108300,190,hybrid,manual,ECO,Valladolid,private,17450
Seat,sedan,2012,232700,155,hybrid,manual,ECO,Sevilla,dealer,4300
Nissan,sedan,2022,76800,145,diesel,automatic,C,A Coruña,dealer,17650
Renault,SUV,2024,30600,160,electric,automatic,0,Málaga,dealer,31800
BMW,SUV,2011,232200,135,diesel,automatic,B,Other,dealer,5750
Audi,SUV,2021,80000,235,petrol,automatic,C,Vizcaya,private,32900
Volkswagen,MPV,2021,45800,140,petrol,manual,C,Madrid,private,17800
Toyota,SUV,2021,127000,100,petrol,manual,C,Other,dealer,14250
Hyundai,compact,2017,173100,95,diesel,manual,C,Barcelona,dealer,7800
Renault,compact,2020,117100,135,hybrid,automatic,ECO,Zaragoza,private,10950
Renault,city car,2023,45000,75,petrol,manual,C,Other,dealer,9550
Toyota,compact,2010,160800,105,diesel,manual,B,Alicante,private,3500
Opel,compact,2015,269100,130,petrol,manual,C,Madrid,private,4350
Tesla,SUV,2006,409400,285,electric,automatic,0,Madrid,private,2300
BMW,SUV,2016,152700,205,petrol,automatic,C,Other,private,17350
Audi,city car,2008,420000,190,petrol,automatic,C,Other,dealer,2850
Peugeot,SUV,2012,130200,135,hybrid,automatic,ECO,Barcelona,dealer,6200
Tesla,SUV,2017,101500,230,electric,automatic,0,Zaragoza,dealer,17950
Dacia,SUV,2024,17000,220,hybrid,automatic,ECO,Barcelona,dealer,25300
Hyundai,compact,2006,420000,115,petrol,manual,C,Other,private,1750
Toyota,compact,2025,11600,110,petrol,manual,C,Vizcaya,private,19950
Audi,city car,2025,20000,85,diesel,manual,C,Other,dealer,21550
Kia,SUV,2018,130600,120,diesel,manual,C,Vizcaya,private,11450
Audi,city car,2025,16300,95,petrol,manual,C,Baleares,dealer,32350
Volkswagen,MPV,2015,202400,90,hybrid,automatic,ECO,Other,dealer,7800
Citroën,city car,2022,57700,60,electric,automatic,0,Madrid,dealer,9350
Opel,sedan,2020,174400,145,petrol,automatic,C,Málaga,dealer,10950
Tesla,sedan,2012,411100,150,electric,automatic,0,Las Palmas,dealer,5200
Opel,SUV,2017,165600,125,diesel,manual,C,Murcia,private,6150
Peugeot,SUV,2013,123600,180,petrol,manual,C,Murcia,private,6950
Mazda,city car,2019,59400,110,diesel,automatic,C,Other,private,9750
Hyundai,compact,2019,127700,120,petrol,manual,C,Other,private,8850
Volkswagen,sedan,2023,21800,175,petrol,automatic,C,Barcelona,dealer,31600
Hyundai,sedan,2023,31000,125,hybrid,manual,ECO,Alicante,private,15650
Toyota,SUV,2019,90700,165,petrol,manual,C,Las Palmas,private,13800
Volkswagen,sedan,2006,342600,115,petrol,automatic,C,Sevilla,private,2700
Ford,SUV,2025,24100,160,plug-in hybrid,manual,0,Madrid,dealer,39900
Kia,compact,2018,63200,100,diesel,manual,C,Other,private,8750
Dacia,SUV,2020,117700,115,petrol,manual,C,Barcelona,dealer,7450
Nissan,compact,2019,113200,105,electric,automatic,0,Granada,dealer,9450
Peugeot,compact,2021,48400,155,petrol,automatic,C,Barcelona,dealer,17550
Mercedes-Benz,compact,2017,124800,190,hybrid,manual,ECO,Madrid,dealer,13750
Opel,city car,2006,420000,85,petrol,manual,C,Other,dealer,1500
Mercedes-Benz,MPV,2023,55300,140,diesel,automatic,C,Other,dealer,39300
Seat,SUV,2015,197800,135,hybrid,automatic,ECO,Barcelona,dealer,7900
Hyundai,compact,2013,311700,110,diesel,automatic,B,Other,private,4050
Volkswagen,city car,2021,116400,125,petrol,automatic,C,Vizcaya,dealer,11700
BMW,SUV,2025,17200,185,hybrid,automatic,ECO,Murcia,dealer,69300
Kia,SUV,2018,116800,125,petrol,automatic,C,Valladolid,private,10450
Skoda,compact,2020,82200,105,petrol,manual,C,Other,dealer,8600
Citroën,compact,2015,165800,165,petrol,automatic,C,Madrid,dealer,7000
Renault,SUV,2024,27400,130,diesel,manual,C,Zaragoza,private,18550
Hyundai,city car,2019,80700,80,petrol,manual,C,Málaga,dealer,7850
Mercedes-Benz,SUV,2017,77300,155,petrol,manual,C,Las Palmas,private,13900
Renault,compact,2021,114500,115,petrol,manual,C,Madrid,dealer,10300
Seat,city car,2023,37100,85,diesel,automatic,C,Granada,private,11100
Volkswagen,SUV,2021,117300,140,hybrid,automatic,ECO,Zaragoza,private,18900
Opel,city car,2017,124700,95,petrol,manual,C,Asturias,private,4600
Nissan,MPV,2022,71700,130,petrol,manual,C,Madrid,private,13250
Mercedes-Benz,sedan,2017,91400,200,petrol,automatic,C,Other,dealer,17950
Seat,compact,2024,27900,100,petrol,automatic,C,Vizcaya,dealer,15600
Hyundai,SUV,2017,176200,145,hybrid,automatic,ECO,Madrid,private,11450
Dacia,SUV,2021,54900,135,diesel,manual,C,Málaga,dealer,9250
Ford,compact,2014,235500,115,petrol,manual,C,Other,private,4900
Volkswagen,compact,2006,248900,120,hybrid,automatic,ECO,Alicante,private,2650
Audi,compact,2025,11500,145,hybrid,automatic,ECO,Las Palmas,dealer,42250
Peugeot,compact,2025,19800,100,diesel,automatic,C,Navarra,dealer,19650
Tesla,SUV,2018,145200,150,electric,automatic,0,Madrid,dealer,18850
Hyundai,city car,2023,93900,75,petrol,manual,C,Other,dealer,11450
Audi,compact,2017,90300,120,petrol,automatic,C,Granada,private,8800
Peugeot,compact,2022,60400,110,petrol,automatic,C,Las Palmas,private,12700
Hyundai,compact,2020,55900,115,diesel,manual,C,Valencia,private,10600
Opel,city car,2022,35600,75,diesel,automatic,C,Valladolid,dealer,12450
Dacia,SUV,2018,144400,125,diesel,automatic,C,Navarra,private,6950
Seat,sedan,2023,27700,115,diesel,automatic,C,Valladolid,dealer,18550
Toyota,sedan,2025,17100,135,petrol,manual,C,Other,private,29850
Seat,SUV,2015,87500,145,petrol,manual,C,Barcelona,dealer,7750
Peugeot,SUV,2022,61400,175,petrol,manual,C,Other,private,20200
Audi,city car,2016,203600,115,hybrid,automatic,ECO,Zaragoza,private,8250
Nissan,SUV,2020,56900,140,diesel,manual,C,Other,dealer,17300
Hyundai,sedan,2023,46100,135,electric,automatic,0,Málaga,dealer,23700
Renault,city car,2016,77600,80,diesel,manual,C,Other,dealer,4700
Skoda,sedan,2022,47000,125,petrol,automatic,C,Barcelona,dealer,16500
Volkswagen,SUV,2012,258100,150,petrol,automatic,C,Other,private,5500
Renault,sedan,2023,25500,165,diesel,manual,C,Valladolid,dealer,18600
Opel,SUV,2018,156200,145,hybrid,automatic,ECO,Valladolid,dealer,14400
Skoda,city car,2016,131600,80,petrol,automatic,C,Madrid,dealer,5000
Renault,compact,2017,75700,100,diesel,manual,C,Alicante,dealer,6600
Opel,city car,2024,29500,65,diesel,manual,C,Barcelona,private,10950
Seat,SUV,2025,20500,170,diesel,manual,C,Valencia,private,29800
Volkswagen,city car,2014,213900,60,diesel,manual,B,Baleares,dealer,3300
Renault,SUV,2018,130400,180,hybrid,automatic,ECO,Other,dealer,14350
Volkswagen,city car,2018,46100,70,petrol,manual,C,Madrid,private,6400
Citroën,MPV,2020,177100,125,petrol,manual,C,Madrid,dealer,9650
Seat,compact,2016,84200,155,petrol,automatic,C,Zaragoza,dealer,8250
Seat,city car,2013,164300,70,petrol,manual,C,Vizcaya,dealer,3350
Mazda,city car,2024,33700,90,diesel,automatic,C,Other,dealer,17950
Fiat,compact,2018,161700,150,petrol,automatic,C,Barcelona,private,6700
Skoda,city car,2025,11800,70,electric,automatic,0,Other,dealer,22450
Dacia,SUV,2022,50400,100,hybrid,automatic,ECO,Barcelona,dealer,10850
Toyota,SUV,2024,18200,170,hybrid,manual,ECO,Madrid,private,36700
Mazda,compact,2024,33200,145,petrol,automatic,C,Valencia,dealer,20700
Seat,SUV,2019,102500,155,petrol,automatic,C,Madrid,dealer,11900
Opel,city car,2022,54600,75,diesel,manual,C,Madrid,private,10550
Opel,sedan,2013,241200,165,diesel,manual,B,Granada,dealer,5050
Dacia,city car,2015,218200,110,diesel,automatic,C,Murcia,dealer,2950
Kia,SUV,2019,112400,140,petrol,manual,C,Other,dealer,11900
Mercedes-Benz,compact,2019,149900,200,diesel,manual,C,Other,dealer,18450
Mazda,compact,2021,121200,135,diesel,automatic,C,Las Palmas,private,17700
Tesla,SUV,2020,32800,160,electric,automatic,0,Sevilla,private,28950
Skoda,compact,2013,376300,135,diesel,automatic,B,Barcelona,private,3550
Dacia,sedan,2016,137900,155,diesel,manual,C,Murcia,dealer,5150
Volkswagen,sedan,2023,77800,145,petrol,automatic,C,Other,dealer,22150
Peugeot,compact,2024,17800,105,petrol,manual,C,Other,private,16150
Dacia,sedan,2023,28300,140,diesel,automatic,C,Vizcaya,private,15500
BMW,sedan,2021,52500,215,hybrid,manual,ECO,Asturias,private,32750
Kia,city car,2012,128200,75,diesel,manual,B,Málaga,dealer,2900
Toyota,compact,2024,37200,110,petrol,automatic,C,Other,dealer,21550
Dacia,compact,2015,147400,110,petrol,automatic,C,Other,dealer,3700
Renault,compact,2007,238700,85,diesel,manual,B,Other,private,1500
Mercedes-Benz,SUV,2014,189600,190,diesel,automatic,B,Other,private,10500
Volvo,SUV,2022,51600,205,diesel,automatic,C,Valencia,private,35700
Mazda,sedan,2020,161600,135,hybrid,automatic,ECO,A Coruña,private,15000
Renault,compact,2021,99200,155,petrol,automatic,C,Madrid,dealer,13400
Dacia,SUV,2008,154500,160,petrol,manual,C,Sevilla,dealer,2100
Ford,SUV,2021,108900,115,hybrid,automatic,ECO,Other,dealer,15100
Renault,MPV,2017,124200,175,diesel,manual,C,Murcia,private,8600
Kia,compact,2022,48200,120,hybrid,automatic,ECO,Other,dealer,14950
Hyundai,city car,2022,50400,70,petrol,manual,C,Other,dealer,9450
Renault,SUV,2019,188500,165,hybrid,automatic,ECO,Sevilla,dealer,13550
Hyundai,MPV,2017,177200,115,petrol,manual,C,Baleares,dealer,7750
Kia,SUV,2016,118300,135,diesel,automatic,C,Madrid,private,8100
Peugeot,compact,2025,14400,170,petrol,manual,C,Other,dealer,28000
Peugeot,MPV,2024,47800,120,hybrid,automatic,ECO,Granada,private,17750
Nissan,compact,2022,64000,145,hybrid,manual,ECO,Valencia,private,17650
Dacia,city car,2017,114500,65,hybrid,automatic,ECO,Sevilla,dealer,3550
Skoda,sedan,2020,101000,130,petrol,automatic,C,A Coruña,private,14350
Fiat,compact,2025,9400,110,petrol,automatic,C,Madrid,private,14550
Skoda,compact,2021,58600,95,diesel,manual,C,Other,dealer,12550
Kia,compact,2022,132200,95,hybrid,automatic,ECO,Alicante,private,14450
Volkswagen,city car,2021,110300,80,diesel,manual,C,Valencia,dealer,11450
Hyundai,compact,2022,55000,100,petrol,automatic,C,Granada,private,10600
Audi,sedan,2019,212400,190,diesel,manual,C,Other,private,17000
Opel,city car,2006,184500,70,petrol,manual,C,A Coruña,dealer,1300
Opel,compact,2021,82500,130,hybrid,automatic,ECO,Other,private,9650
Hyundai,SUV,2024,23400,165,hybrid,automatic,ECO,Sevilla,dealer,30850
Kia,MPV,2006,390600,140,petrol,manual,C,Valladolid,dealer,2700
Fiat,SUV,2017,377300,120,petrol,automatic,C,Madrid,private,6250
Opel,compact,2013,137400,130,petrol,manual,C,Asturias,private,4250
Opel,sedan,2017,119400,125,diesel,automatic,C,Asturias,dealer,10600
Toyota,city car,2018,103600,105,hybrid,automatic,ECO,Madrid,dealer,8750
Kia,city car,2011,175900,95,diesel,manual,B,Barcelona,private,2150
Toyota,city car,2021,122500,80,petrol,manual,C,Madrid,dealer,8800
Ford,city car,2010,286400,85,petrol,manual,C,Madrid,dealer,2150
Citroën,compact,2017,196300,115,petrol,automatic,C,Other,dealer,6500
Opel,SUV,2022,81900,135,hybrid,manual,ECO,Other,dealer,13300
Volkswagen,city car,2017,188100,90,hybrid,automatic,ECO,Murcia,dealer,8500
Volkswagen,compact,2022,59400,105,hybrid,manual,ECO,Murcia,private,16900
BMW,city car,2025,10500,155,petrol,automatic,C,Asturias,dealer,43200
Toyota,city car,2020,99600,80,petrol,automatic,C,Sevilla,private,9850
Toyota,compact,2023,84300,105,diesel,automatic,C,Málaga,dealer,20450
Volvo,SUV,2025,21700,190,diesel,automatic,C,Alicante,dealer,56350
Opel,compact,2024,52000,100,hybrid,automatic,ECO,Other,private,13850
Opel,compact,2024,19200,90,diesel,automatic,C,Other,private,16250
Nissan,sedan,2021,65400,150,hybrid,automatic,ECO,Navarra,dealer,20350
Toyota,city car,2011,170800,75,diesel,automatic,B,Other,private,3000
Volkswagen,city car,2023,43500,110,diesel,manual,C,Sevilla,private,18750
BMW,compact,2023,26200,130,plug-in hybrid,automatic,0,Madrid,private,31350
Mercedes-Benz,city car,2025,12100,105,hybrid,automatic,ECO,Madrid,private,33250
Nissan,city car,2022,70900,80,electric,automatic,0,Other,dealer,13700
Kia,SUV,2024,39600,135,diesel,manual,C,Madrid,dealer,28100
Peugeot,compact,2013,179700,160,petrol,automatic,C,Other,private,5400
Fiat,compact,2019,86800,110,petrol,manual,C,Asturias,private,6750
Mercedes-Benz,city car,2021,55900,105,diesel,manual,C,Barcelona,dealer,16600
Ford,city car,2024,29700,90,petrol,automatic,C,Barcelona,dealer,17150
Volkswagen,MPV,2012,123600,110,diesel,manual,B,Baleares,dealer,5100
Renault,SUV,2015,193300,200,diesel,manual,C,Zaragoza,private,8400
Peugeot,SUV,2019,188300,170,petrol,automatic,C,Madrid,private,11800
Seat,sedan,2016,238000,110,electric,automatic,0,Other,private,5800
Skoda,MPV,2021,146600,95,hybrid,automatic,ECO,Baleares,dealer,12200
Toyota,SUV,2022,77200,150,hybrid,automatic,ECO,Other,private,21750
Renault,sedan,2022,92500,155,electric,automatic,0,Other,private,15050
Mercedes-Benz,SUV,2019,60000,215,hybrid,automatic,ECO,Barcelona,private,25950
Volkswagen,city car,2014,184800,85,petrol,manual,C,Valladolid,dealer,4850
Toyota,SUV,2011,195200,115,hybrid,automatic,ECO,Other,dealer,6150
BMW,sedan,2019,53500,210,petrol,automatic,C,Baleares,private,24300
Fiat,compact,2006,341100,120,diesel,manual,B,Málaga,private,1500
Volkswagen,SUV,2023,42700,165,petrol,automatic,C,Valencia,dealer,33250
Renault,SUV,2010,260200,120,diesel,automatic,B,Murcia,dealer,3250
Fiat,compact,2006,318300,100,diesel,manual,B,Baleares,dealer,1550
Citroën,city car,2014,138400,75,diesel,automatic,B,Madrid,dealer,2600
Peugeot,MPV,2024,32300,135,petrol,automatic,C,Madrid,dealer,23150
Toyota,compact,2019,93500,115,petrol,automatic,C,A Coruña,private,11750
Renault,compact,2019,114000,125,petrol,automatic,C,Alicante,dealer,7750
Fiat,city car,2025,24800,105,petrol,automatic,C,Barcelona,dealer,14800
Citroën,SUV,2025,29200,110,petrol,automatic,C,Alicante,private,20450
BMW,SUV,2022,62000,190,petrol,automatic,C,Other,private,28600
Hyundai,compact,2006,280100,125,diesel,manual,B,Barcelona,private,1650
Seat,sedan,2017,165100,140,petrol,manual,C,Valencia,dealer,7700
BMW,compact,2023,41000,155,petrol,automatic,C,Las Palmas,dealer,36550
Mercedes-Benz,compact,2025,10000,130,petrol,automatic,C,Málaga,private,50750
Audi,SUV,2016,237700,285,hybrid,automatic,ECO,Málaga,dealer,16650
Dacia,city car,2022,97500,110,petrol,automatic,C,Zaragoza,dealer,7500
Ford,compact,2024,74200,100,petrol,automatic,C,Málaga,private,13650
Renault,SUV,2016,94300,155,electric,automatic,0,Barcelona,private,9050
Renault,city car,2021,78900,55,petrol,manual,C,Other,dealer,6100
Citroën,city car,2025,8000,135,hybrid,manual,ECO,Madrid,private,16200
Volkswagen,city car,2019,158000,65,diesel,automatic,C,Madrid,dealer,7400
Toyota,compact,2021,148700,125,petrol,automatic,C,Barcelona,private,14200
Peugeot,SUV,2012,170300,120,diesel,manual,B,Alicante,private,3650
Seat,compact,2020,90200,115,diesel,manual,C,Madrid,dealer,9600
Citroën,MPV,2013,140000,115,petrol,automatic,C,Barcelona,dealer,3800
Renault,city car,2022,104600,60,hybrid,automatic,ECO,Vizcaya,private,8250
Seat,city car,2018,83600,90,diesel,manual,C,Other,dealer,6200
Skoda,compact,2013,104800,115,petrol,manual,C,Málaga,dealer,5200
Toyota,SUV,2024,33900,135,diesel,automatic,C,Other,private,30800
Nissan,SUV,2013,147900,120,diesel,manual,B,Other,private,4850
Seat,SUV,2020,57300,165,diesel,automatic,C,Other,dealer,15850
Volkswagen,city car,2006,188300,85,petrol,manual,C,Other,private,1700
Skoda,compact,2022,44100,90,petrol,automatic,C,Alicante,dealer,14650
Renault,SUV,2022,101000,180,diesel,manual,C,Málaga,private,18550
Peugeot,city car,2022,46900,60,plug-in hybrid,automatic,0,Other,dealer,10650
Audi,MPV,2011,256500,170,diesel,automatic,B,Madrid,private,4500
Seat,compact,2017,114700,125,diesel,manual,C,Barcelona,dealer,9000
Seat,sedan,2019,127500,140,diesel,automatic,C,A Coruña,dealer,13350
Seat,sedan,2017,165700,150,diesel,manual,C,Other,dealer,8500
Dacia,city car,2017,146500,80,hybrid,automatic,ECO,Other,dealer,4000
Volkswagen,compact,2014,272000,175,petrol,manual,C,Barcelona,private,5750
Renault,city car,2017,140200,80,petrol,manual,C,Sevilla,private,4450
Peugeot,sedan,2023,53100,135,diesel,automatic,C,Other,dealer,19350
Seat,compact,2019,109000,105,plug-in hybrid,automatic,0,Other,private,10500
Volvo,SUV,2022,40000,215,diesel,automatic,C,Other,dealer,42950
Toyota,city car,2021,89300,85,petrol,automatic,C,Baleares,private,10050
Skoda,SUV,2019,125100,160,petrol,manual,C,Las Palmas,private,12450
Kia,SUV,2020,50100,135,petrol,automatic,C,Madrid,dealer,16200
Seat,sedan,2013,243000,150,diesel,manual,B,Other,dealer,5200
Nissan,compact,2022,53500,115,hybrid,automatic,ECO,Málaga,dealer,16450
Citroën,compact,2025,12500,80,hybrid,automatic,ECO,Sevilla,dealer,17000
Toyota,city car,2011,192000,70,diesel,manual,B,Valencia,dealer,3200
Citroën,SUV,2014,126300,115,petrol,manual,C,Other,dealer,5050
Kia,sedan,2017,78300,165,petrol,automatic,C,Málaga,dealer,9500
Volkswagen,SUV,2023,39400,160,diesel,automatic,C,Barcelona,private,30600
Mercedes-Benz,city car,2020,78300,115,diesel,automatic,C,Other,dealer,15650
Toyota,SUV,2015,83900,155,hybrid,automatic,ECO,Madrid,dealer,13100
BMW,SUV,2020,143600,250,diesel,manual,C,Other,private,27600
Peugeot,city car,2017,210400,85,hybrid,manual,ECO,Murcia,private,5350
Renault,compact,2018,71700,95,petrol,manual,C,Madrid,private,6900
BMW,sedan,2020,72900,255,diesel,manual,C,Valladolid,private,24950
Ford,city car,2024,38600,80,petrol,manual,C,Madrid,dealer,13050
Seat,compact,2023,30100,110,diesel,automatic,C,Navarra,dealer,14700
Kia,compact,2024,37000,115,petrol,manual,C,Other,dealer,18450
Peugeot,city car,2020,62100,80,petrol,automatic,C,Madrid,dealer,8550
Fiat,SUV,2006,270800,115,diesel,automatic,B,Other,dealer,1800
Nissan,city car,2006,343200,70,petrol,manual,C,Other,dealer,1450
Opel,city car,2018,94800,90,petrol,manual,C,Murcia,private,5250
Mercedes-Benz,city car,2017,113600,120,petrol,automatic,C,Baleares,dealer,11550
Ford,SUV,2020,53000,115,petrol,automatic,C,Other,dealer,12000
Mercedes-Benz,compact,2018,179500,190,plug-in hybrid,manual,0,Other,private,16550
Kia,compact,2021,106000,115,diesel,manual,C,Madrid,private,10550
Volkswagen,SUV,2020,80200,105,diesel,manual,C,Barcelona,dealer,12650
Kia,SUV,2019,78000,195,petrol,manual,C,Baleares,dealer,15500
Mazda,compact,2021,43200,110,hybrid,automatic,ECO,Madrid,dealer,15600
Kia,compact,2016,212400,90,diesel,manual,C,Other,private,5350
Seat,SUV,2019,153100,105,petrol,manual,C,Other,dealer,9200
Dacia,SUV,2018,185000,155,petrol,automatic,C,A Coruña,dealer,8900
Seat,compact,2022,143900,105,petrol,automatic,C,Valencia,private,11050
Nissan,compact,2020,112000,100,plug-in hybrid,manual,0,Málaga,private,12000
Citroën,SUV,2019,71200,155,diesel,automatic,C,Barcelona,dealer,14200
Peugeot,SUV,2023,39400,115,diesel,automatic,C,Navarra,private,17650
Skoda,city car,2019,77700,80,hybrid,automatic,ECO,Madrid,dealer,7150
Tesla,SUV,2020,106100,195,electric,automatic,0,Barcelona,dealer,23600
Ford,city car,2019,154000,70,plug-in hybrid,automatic,0,Zaragoza,dealer,7000
Kia,sedan,2018,115500,190,diesel,manual,C,Madrid,dealer,11850
Skoda,sedan,2017,164900,125,petrol,manual,C,Other,private,6850
Seat,SUV,2024,35100,130,hybrid,automatic,ECO,Barcelona,private,26000
Renault,compact,2014,165000,110,diesel,automatic,B,Barcelona,dealer,3750
Dacia,compact,2019,113000,105,petrol,automatic,C,Alicante,dealer,6100
Skoda,city car,2015,109000,65,hybrid,automatic,ECO,Murcia,private,4500
Toyota,city car,2020,88300,85,petrol,manual,C,Baleares,dealer,9350
Toyota,SUV,2019,160200,135,hybrid,automatic,ECO,Other,private,15000
Opel,city car,2022,108300,70,petrol,manual,C,Baleares,dealer,8100
Kia,compact,2021,62200,85,hybrid,automatic,ECO,Other,dealer,11700
Dacia,sedan,2020,64500,145,plug-in hybrid,manual,0,Barcelona,dealer,10350
Citroën,MPV,2018,175000,125,diesel,manual,C,Las Palmas,dealer,8450
Audi,compact,2023,57000,155,hybrid,automatic,ECO,Las Palmas,dealer,36250
Opel,SUV,2020,64100,155,petrol,automatic,C,Las Palmas,dealer,11600
Opel,compact,2023,29800,120,petrol,automatic,C,Murcia,dealer,16000
Toyota,MPV,2008,239900,115,diesel,manual,B,Vizcaya,private,2850
Opel,SUV,2017,109100,145,petrol,automatic,C,Other,private,8900
Seat,compact,2024,63000,110,petrol,automatic,C,Madrid,dealer,15700
Volvo,city car,2019,159200,130,petrol,automatic,C,Navarra,private,9900
Hyundai,compact,2022,48600,120,hybrid,automatic,ECO,Málaga,private,17000
Tesla,sedan,2021,62100,190,electric,automatic,0,Barcelona,dealer,35650
Seat,compact,2013,238700,160,diesel,automatic,B,Alicante,dealer,5350
Mercedes-Benz,SUV,2023,43800,200,petrol,manual,C,Las Palmas,private,34400
Toyota,compact,2025,7600,100,hybrid,automatic,ECO,Other,dealer,27400
Ford,compact,2019,53500,105,hybrid,automatic,ECO,Other,private,9500
Volkswagen,SUV,2019,125500,135,petrol,manual,C,Valencia,dealer,15600
Opel,compact,2022,79600,120,diesel,manual,C,Málaga,private,11500
Audi,compact,2011,277000,185,petrol,automatic,C,Vizcaya,dealer,5150
Nissan,SUV,2023,70400,170,petrol,manual,C,Granada,dealer,22600
Peugeot,compact,2020,113800,115,diesel,manual,C,Barcelona,private,9400
Seat,city car,2020,98700,100,diesel,manual,C,A Coruña,dealer,10050
Volkswagen,sedan,2017,77600,170,hybrid,automatic,ECO,Baleares,dealer,15950
Volkswagen,SUV,2024,35800,145,petrol,automatic,C,Other,dealer,28000
Opel,city car,2025,16000,60,diesel,automatic,C,Navarra,dealer,13800
BMW,SUV,2020,90900,225,diesel,automatic,C,Madrid,private,30050
Volkswagen,compact,2022,26900,100,hybrid,automatic,ECO,Madrid,private,17850
Volvo,SUV,2025,31600,160,electric,automatic,0,Málaga,dealer,58650
Nissan,MPV,2020,149800,115,petrol,automatic,C,Other,private,11900
Hyundai,SUV,2021,66500,125,petrol,automatic,C,Madrid,private,17000
Nissan,city car,2018,106800,95,hybrid,automatic,ECO,Other,private,10800
Ford,SUV,2022,63500,145,petrol,automatic,C,Other,private,17000
Volkswagen,SUV,2017,144500,155,plug-in hybrid,automatic,0,Other,dealer,18100
Ford,MPV,2024,19000,160,diesel,manual,C,Barcelona,dealer,24350
Seat,compact,2019,114400,120,petrol,automatic,C,Madrid,dealer,8750
Seat,SUV,2006,205400,140,petrol,manual,C,Other,private,2900
Mercedes-Benz,SUV,2007,170100,185,petrol,manual,C,Other,private,3700
Volvo,compact,2006,315000,110,petrol,automatic,C,Sevilla,dealer,1300
Volkswagen,SUV,2016,264400,235,petrol,manual,C,Other,dealer,12350
Citroën,city car,2019,85300,90,hybrid,automatic,ECO,Barcelona,private,7500
Renault,compact,2016,118100,110,petrol,automatic,C,Other,dealer,6350
Kia,compact,2019,118700,120,diesel,manual,C,Valencia,dealer,11400
BMW,SUV,2018,65200,185,electric,automatic,0,Vizcaya,dealer,18950
Mazda,sedan,2018,60000,160,petrol,automatic,C,Other,dealer,14100
Ford,SUV,2021,88100,120,petrol,manual,C,A Coruña,dealer,12300
Seat,SUV,2021,120000,135,diesel,manual,C,A Coruña,dealer,16550
Kia,city car,2016,325800,85,diesel,manual,C,Granada,dealer,5100
Kia,sedan,2023,47700,195,petrol,manual,C,Alicante,private,18800
Volkswagen,city car,2017,150000,90,electric,automatic,0,Madrid,dealer,6350
Peugeot,city car,2016,137000,85,hybrid,automatic,ECO,Other,dealer,6000
Seat,SUV,2018,124300,125,diesel,manual,C,Barcelona,dealer,10600
Peugeot,compact,2024,22800,140,hybrid,automatic,ECO,Valencia,private,22900
Hyundai,city car,2017,138300,75,petrol,manual,C,Valladolid,dealer,5150
Skoda,MPV,2023,64000,125,petrol,automatic,C,Madrid,dealer,17700
Toyota,sedan,2014,282200,135,petrol,manual,C,Other,private,5300
Seat,sedan,2022,57500,225,diesel,manual,C,Zaragoza,private,22350
Nissan,city car,2025,10600,80,diesel,manual,C,Other,private,16350
Opel,MPV,2020,72500,110,diesel,automatic,C,Barcelona,dealer,11950
Renault,SUV,2021,101300,130,diesel,manual,C,Madrid,private,11000
Volkswagen,sedan,2025,16200,170,hybrid,manual,ECO,Madrid,dealer,34950
Peugeot,compact,2016,135100,75,hybrid,automatic,ECO,Madrid,dealer,6000
Kia,sedan,2021,70600,140,hybrid,automatic,ECO,Other,private,19300
Skoda,compact,2024,28700,205,hybrid,automatic,ECO,Other,dealer,24700
Volvo,compact,2018,203000,165,hybrid,manual,ECO,Madrid,private,11100
Toyota,sedan,2020,98800,170,diesel,manual,C,Barcelona,dealer,14250
Peugeot,MPV,2022,72900,165,plug-in hybrid,automatic,0,Madrid,dealer,22400
Audi,sedan,2012,146900,150,petrol,automatic,C,Sevilla,private,5800
Fiat,sedan,2022,92200,210,petrol,automatic,C,Las Palmas,dealer,15950
Seat,sedan,2023,74800,195,petrol,automatic,C,Barcelona,dealer,22200
Toyota,city car,2022,48700,100,hybrid,automatic,ECO,Other,dealer,15550
Renault,city car,2023,52900,95,hybrid,manual,ECO,Valencia,dealer,13650
Volkswagen,SUV,2021,71000,120,petrol,manual,C,Madrid,dealer,18000
Kia,city car,2013,137500,75,diesel,manual,B,Sevilla,private,3500
Kia,compact,2015,154200,130,petrol,manual,C,Barcelona,dealer,5750
Audi,compact,2013,113900,165,diesel,automatic,B,Madrid,dealer,5200
Toyota,compact,2022,61200,95,diesel,automatic,C,Madrid,private,13100
Toyota,MPV,2014,149200,125,diesel,manual,B,Madrid,dealer,5450
Skoda,SUV,2018,126400,100,petrol,manual,C,Zaragoza,dealer,8300
Toyota,SUV,2025,18200,120,diesel,manual,C,Valencia,dealer,32000
Peugeot,city car,2018,160600,85,hybrid,automatic,ECO,Sevilla,dealer,5350
Fiat,city car,2022,38500,80,petrol,automatic,C,Sevilla,dealer,8000
Mercedes-Benz,SUV,2018,126800,175,plug-in hybrid,automatic,0,Other,private,25250
Seat,compact,2017,217000,110,petrol,manual,C,Other,private,5900
Renault,MPV,2022,43900,125,petrol,manual,C,Asturias,private,15350
Mercedes-Benz,compact,2020,58000,105,diesel,automatic,C,Barcelona,dealer,18200
Hyundai,SUV,2008,203500,110,hybrid,automatic,ECO,Other,dealer,3050
Audi,city car,2021,81700,95,electric,automatic,0,Barcelona,dealer,15050
Kia,SUV,2018,209100,105,hybrid,manual,ECO,Zaragoza,dealer,10650
Audi,SUV,2025,24300,165,petrol,manual,C,Las Palmas,dealer,56450
Fiat,city car,2023,49500,80,petrol,manual,C,A Coruña,dealer,7850
Citroën,city car,2023,63900,75,hybrid,automatic,ECO,Murcia,dealer,10250
Mazda,SUV,2025,15700,130,petrol,manual,C,Barcelona,private,29900
Mercedes-Benz,city car,2021,67300,90,diesel,automatic,C,Murcia,dealer,18100
Renault,SUV,2024,34600,175,hybrid,automatic,ECO,Barcelona,dealer,25450
Tesla,sedan,2013,188900,235,electric,automatic,0,Madrid,dealer,6600
Peugeot,SUV,2017,137900,160,petrol,automatic,C,Valencia,dealer,10500
Peugeot,compact,2019,51600,90,petrol,manual,C,Barcelona,dealer,8950
Nissan,compact,2013,278600,110,diesel,manual,B,A Coruña,private,4600
Opel,SUV,2011,222000,135,petrol,automatic,C,Navarra,dealer,4550
Seat,compact,2019,79000,105,hybrid,automatic,ECO,Sevilla,private,8600
Renault,MPV,2018,148300,135,diesel,automatic,C,Other,dealer,10550
BMW,compact,2022,67900,165,petrol,automatic,C,Madrid,dealer,31950
Mazda,compact,2017,176500,120,petrol,manual,C,Barcelona,private,7750
Toyota,compact,2021,109800,120,petrol,automatic,C,Other,dealer,15900
Renault,compact,2021,67600,140,diesel,manual,C,Barcelona,private,12400
Peugeot,compact,2022,41600,125,diesel,manual,C,Other,private,16300
BMW,SUV,2017,155300,180,petrol,manual,C,Barcelona,dealer,13150
Fiat,sedan,2022,71500,165,petrol,manual,C,Madrid,private,12500
Seat,compact,2013,128900,125,diesel,manual,B,Madrid,private,3100
Fiat,SUV,2022,43800,120,hybrid,automatic,ECO,Barcelona,private,15450
Mercedes-Benz,city car,2024,43200,85,petrol,automatic,C,Madrid,private,19850
Toyota,compact,2024,34300,110,petrol,manual,C,Barcelona,private,22050
Toyota,MPV,2023,30800,115,diesel,automatic,C,Valencia,private,21800
Toyota,SUV,2018,141900,100,hybrid,automatic,ECO,Madrid,dealer,11450
Peugeot,SUV,2018,80100,140,petrol,manual,C,Murcia,dealer,12100
Mercedes-Benz,city car,2019,72500,130,hybrid,automatic,ECO,Zaragoza,dealer,15650
Dacia,sedan,2012,247100,155,diesel,manual,B,Valencia,dealer,3000
Peugeot,compact,2024,26900,100,petrol,manual,C,Valencia,dealer,17800
Seat,sedan,2009,420000,165,diesel,automatic,B,Other,dealer,4400
Ford,compact,2013,320400,125,petrol,manual,C,Málaga,private,4150
Hyundai,SUV,2019,88800,115,hybrid,automatic,ECO,Other,private,11200
Mercedes-Benz,sedan,2006,209100,280,diesel,automatic,B,Other,dealer,4400
Ford,MPV,2022,75700,100,diesel,manual,C,Barcelona,dealer,12650
Hyundai,sedan,2021,149800,140,diesel,automatic,C,Madrid,dealer,14400
Mercedes-Benz,compact,2020,70500,165,hybrid,automatic,ECO,Sevilla,dealer,28350
Volkswagen,compact,2016,198800,105,diesel,automatic,C,Madrid,private,6150
Peugeot,city car,2021,92400,65,hybrid,automatic,ECO,Other,private,7250
Audi,sedan,2023,60900,175,hybrid,automatic,ECO,Murcia,dealer,38950
Volkswagen,sedan,2017,62300,135,diesel,automatic,C,Valencia,private,12200
Peugeot,city car,2018,75400,50,diesel,manual,C,Vizcaya,dealer,4800
Skoda,city car,2023,49200,70,hybrid,automatic,ECO,A Coruña,private,11700
Volkswagen,city car,2017,74400,70,petrol,manual,C,Other,dealer,6850
Citroën,SUV,2020,71300,135,petrol,automatic,C,Madrid,private,12700
Seat,SUV,2015,230700,140,diesel,manual,C,Other,dealer,6550
Tesla,sedan,2022,74100,205,electric,automatic,0,Madrid,dealer,37450
Opel,compact,2022,40400,100,hybrid,automatic,ECO,A Coruña,private,16100
Peugeot,SUV,2009,192400,125,diesel,automatic,B,Other,dealer,3750
Renault,compact,2020,97000,115,hybrid,automatic,ECO,Málaga,dealer,10000
Peugeot,compact,2024,29100,180,plug-in hybrid,manual,0,Málaga,dealer,29000
Skoda,compact,2020,137300,125,diesel,automatic,C,Valencia,dealer,12450
Dacia,city car,2021,99700,100,petrol,automatic,C,Valencia,private,5450
Mazda,city car,2017,104800,65,diesel,manual,C,Other,dealer,4600
Audi,SUV,2016,121000,185,petrol,automatic,C,Vizcaya,dealer,15000
Volkswagen,sedan,2021,74300,130,petrol,manual,C,Zaragoza,dealer,16150
Toyota,SUV,2022,83100,160,diesel,automatic,C,Barcelona,private,21900
Seat,sedan,2025,13600,180,diesel,automatic,C,Madrid,private,31200
Renault,SUV,2024,68300,110,petrol,manual,C,Madrid,dealer,17000
BMW,compact,2025,9100,235,diesel,automatic,C,Barcelona,dealer,66000
Hyundai,city car,2020,99700,65,plug-in hybrid,manual,0,Other,private,8750
Seat,city car,2020,85900,60,petrol,automatic,C,Barcelona,private,6800
Hyundai,SUV,2023,22100,180,petrol,automatic,C,Valencia,private,25650
Mercedes-Benz,SUV,2015,184600,225,petrol,manual,C,Other,dealer,10900
Ford,city car,2021,92600,70,diesel,automatic,C,Other,dealer,9700
Ford,compact,2022,77100,95,petrol,automatic,C,Barcelona,private,11550
Citroën,city car,2021,49400,100,electric,automatic,0,Other,dealer,10350
Kia,sedan,2020,63600,170,diesel,automatic,C,A Coruña,dealer,14400
Hyundai,city car,2017,88600,70,electric,automatic,0,Madrid,dealer,4600
BMW,sedan,2025,21800,165,diesel,automatic,C,Barcelona,dealer,56650
Seat,sedan,2023,85100,145,plug-in hybrid,automatic,0,Vizcaya,dealer,29050
BMW,compact,2017,180000,220,hybrid,manual,ECO,Baleares,dealer,13800
BMW,SUV,2022,57700,175,petrol,manual,C,Other,dealer,34550
Seat,sedan,2020,85700,195,diesel,automatic,C,Barcelona,dealer,16600
Toyota,compact,2024,52600,65,diesel,manual,C,Other,dealer,16600
Kia,SUV,2024,40700,180,hybrid,automatic,ECO,Murcia,dealer,33150
Kia,SUV,2024,26900,155,diesel,automatic,C,Other,dealer,28100
Nissan,SUV,2020,74300,170,petrol,manual,C,Málaga,dealer,13950
Dacia,SUV,2011,212100,150,hybrid,manual,ECO,Madrid,private,3550
Citroën,sedan,2010,364600,140,petrol,automatic,C,Sevilla,dealer,3150
Seat,compact,2017,250300,165,diesel,manual,C,Asturias,private,8150
Mercedes-Benz,SUV,2021,50700,230,diesel,automatic,C,Barcelona,private,33200
Renault,SUV,2013,153700,120,petrol,automatic,C,Zaragoza,private,5050
Citroën,city car,2012,291400,65,diesel,manual,B,Barcelona,dealer,1700
Volkswagen,compact,2015,139700,90,petrol,automatic,C,Málaga,private,6300
Renault,compact,2023,33900,125,petrol,automatic,C,Barcelona,private,13800
Seat,SUV,2023,61100,125,diesel,automatic,C,Granada,dealer,22050
Hyundai,city car,2021,114200,95,petrol,automatic,C,Other,private,8800
Seat,SUV,2021,69800,155,diesel,manual,C,Valencia,dealer,18850
Nissan,compact,2012,414200,95,petrol,manual,C,Sevilla,dealer,3500
Toyota,sedan,2007,263600,230,diesel,automatic,B,Other,dealer,3650
Ford,SUV,2014,254300,135,petrol,automatic,C,Valencia,dealer,6250
Renault,SUV,2021,73100,180,diesel,manual,C,Madrid,dealer,19600
Skoda,SUV,2020,79300,200,petrol,automatic,C,Zaragoza,private,18950
Mercedes-Benz,city car,2024,16000,75,petrol,automatic,C,Vizcaya,dealer,22600
Toyota,SUV,2014,359100,195,diesel,automatic,B,Sevilla,private,10750
Renault,SUV,2021,121000,130,electric,automatic,0,Barcelona,dealer,12700
Skoda,MPV,2016,291200,110,diesel,manual,C,Other,private,6300
Citroën,compact,2021,54400,115,petrol,automatic,C,Las Palmas,private,9550
Seat,SUV,2020,63500,205,petrol,manual,C,Alicante,dealer,16800
Renault,MPV,2020,78500,105,petrol,automatic,C,Asturias,private,9500
BMW,city car,2022,58600,115,petrol,automatic,C,Other,private,24050
Audi,compact,2014,243000,150,petrol,automatic,C,Valencia,private,6750
Renault,sedan,2019,66500,160,petrol,manual,C,Barcelona,private,10200
Skoda,SUV,2021,99700,130,diesel,manual,C,Zaragoza,private,14500
Seat,SUV,2023,26800,180,diesel,manual,C,Barcelona,private,23700
Nissan,MPV,2021,52700,145,diesel,automatic,C,Barcelona,dealer,18050
Opel,compact,2015,194800,125,hybrid,automatic,ECO,Murcia,private,6100
Hyundai,compact,2018,121300,100,diesel,manual,C,Barcelona,dealer,7650
Kia,SUV,2023,55400,120,petrol,automatic,C,Other,dealer,23650
Citroën,SUV,2023,42400,130,petrol,automatic,C,Madrid,dealer,18000
Volkswagen,SUV,2019,95000,110,petrol,manual,C,Other,private,11650
Opel,SUV,2023,53400,145,petrol,automatic,C,Other,dealer,20400
Seat,city car,2016,143400,75,petrol,manual,C,Madrid,private,3850
Fiat,city car,2016,117400,140,petrol,manual,C,Vizcaya,dealer,5200
Mazda,city car,2025,17900,75,petrol,automatic,C,Madrid,dealer,20900
Kia,SUV,2020,87800,145,petrol,automatic,C,Valladolid,private,14800
Toyota,compact,2016,145900,120,petrol,manual,C,Barcelona,private,6450
Hyundai,SUV,2022,83800,120,hybrid,manual,ECO,Other,private,14950
Audi,SUV,2017,104200,120,hybrid,manual,ECO,Other,dealer,10400
Hyundai,SUV,2021,98800,140,diesel,automatic,C,Murcia,private,16300
BMW,compact,2018,102500,145,electric,automatic,0,Madrid,dealer,14300
Peugeot,compact,2021,113700,120,plug-in hybrid,manual,0,Madrid,private,12900
Hyundai,sedan,2023,45000,125,petrol,manual,C,Madrid,private,17650
Ford,sedan,2024,21700,135,petrol,automatic,C,Madrid,private,22050
Volkswagen,SUV,2018,71300,170,hybrid,automatic,ECO,Barcelona,private,16250
BMW,MPV,2017,269400,200,diesel,automatic,C,Navarra,private,13600
Mercedes-Benz,compact,2017,138800,155,petrol,manual,C,Navarra,dealer,12650
Volkswagen,SUV,2022,75300,160,hybrid,automatic,ECO,Sevilla,dealer,33200
Toyota,SUV,2024,33600,135,plug-in hybrid,automatic,0,Barcelona,private,28700
Peugeot,SUV,2009,94600,135,diesel,automatic,B,Barcelona,dealer,3600
Citroën,SUV,2017,124400,165,diesel,manual,C,Madrid,dealer,7750
Opel,city car,2024,26200,85,petrol,automatic,C,Murcia,dealer,11900
Mazda,MPV,2018,177600,155,petrol,automatic,C,Other,dealer,10350
Peugeot,city car,2013,113400,80,petrol,manual,C,Asturias,dealer,3350
Volkswagen,sedan,2018,173100,185,petrol,automatic,C,Zaragoza,private,15200
Dacia,SUV,2025,10300,170,diesel,automatic,C,Navarra,dealer,24750
Mercedes-Benz,compact,2023,50200,225,petrol,automatic,C,Other,private,43600
Nissan,SUV,2022,31000,105,petrol,manual,C,Murcia,dealer,19250
Peugeot,city car,2019,86800,85,hybrid,automatic,ECO,Barcelona,dealer,8050
Ford,SUV,2023,33300,130,diesel,automatic,C,Baleares,dealer,25100
Nissan,city car,2024,11300,85,plug-in hybrid,manual,0,Other,private,14550
Kia,sedan,2022,50800,160,petrol,manual,C,Other,private,17200
Volkswagen,SUV,2016,117400,215,petrol,manual,C,Murcia,dealer,14650
Seat,SUV,2016,142500,120,diesel,manual,C,Barcelona,dealer,6050
Hyundai,compact,2023,38400,85,petrol,automatic,C,Other,dealer,13800
Kia,SUV,2021,90500,205,plug-in hybrid,automatic,0,Murcia,dealer,25150
Audi,compact,2012,276000,145,petrol,automatic,C,Madrid,private,5250
Opel,SUV,2019,70500,145,diesel,manual,C,Madrid,private,11400
Audi,compact,2020,120300,110,diesel,automatic,C,Navarra,dealer,16700
Hyundai,city car,2018,177700,90,diesel,automatic,C,Other,dealer,6300
Hyundai,sedan,2013,183000,210,diesel,automatic,B,Other,dealer,6900
Fiat,SUV,2020,140800,105,petrol,manual,C,Other,dealer,8300
Peugeot,compact,2015,145100,140,diesel,automatic,C,Alicante,private,5700
Audi,SUV,2018,90800,185,petrol,automatic,C,Madrid,dealer,16450
Citroën,compact,2025,6400,125,diesel,automatic,C,Madrid,dealer,21450
Citroën,compact,2022,110000,95,diesel,automatic,C,Valencia,dealer,11900
Renault,SUV,2018,140200,125,diesel,automatic,C,Zaragoza,private,9800
Hyundai,compact,2022,56700,150,hybrid,automatic,ECO,Madrid,dealer,17050
Hyundai,SUV,2024,15200,150,hybrid,automatic,ECO,Vizcaya,dealer,33350
Peugeot,sedan,2015,94300,135,petrol,manual,C,Other,dealer,7300
Citroën,SUV,2018,186900,115,diesel,automatic,C,Málaga,dealer,9650
Hyundai,SUV,2017,143000,120,petrol,automatic,C,Other,dealer,11800
Renault,city car,2020,56500,100,diesel,automatic,C,Sevilla,dealer,8200
Audi,SUV,2015,272200,160,petrol,automatic,C,Madrid,dealer,10400
Toyota,compact,2022,107700,120,hybrid,automatic,ECO,Other,private,15950
Skoda,city car,2023,55400,55,diesel,automatic,C,Valladolid,dealer,11550
Volkswagen,SUV,2017,111300,130,plug-in hybrid,manual,0,Barcelona,private,10750
Audi,city car,2018,132700,90,electric,automatic,0,Granada,dealer,10050
Audi,compact,2022,53500,140,petrol,manual,C,Madrid,private,18200
Toyota,compact,2021,148400,85,petrol,manual,C,Valencia,dealer,12600
Seat,SUV,2020,45000,185,diesel,automatic,C,Other,private,17050
Ford,SUV,2018,126600,180,diesel,automatic,C,Valencia,dealer,13400
Hyundai,city car,2012,400900,105,petrol,manual,C,Barcelona,private,2400
Seat,SUV,2012,195400,140,petrol,manual,C,Murcia,dealer,4400
Kia,compact,2023,78700,80,petrol,automatic,C,Madrid,dealer,12300
Mercedes-Benz,city car,2020,114900,150,hybrid,automatic,ECO,Madrid,private,22050
Hyundai,SUV,2021,130000,115,petrol,automatic,C,Madrid,private,14450
Peugeot,compact,2020,57100,100,petrol,automatic,C,Other,dealer,10500
Mazda,SUV,2020,142600,195,plug-in hybrid,automatic,0,Vizcaya,dealer,26250
Seat,MPV,2023,51600,125,diesel,manual,C,Barcelona,dealer,17700
Citroën,compact,2020,121800,125,diesel,manual,C,Other,private,8350
Volkswagen,SUV,2024,26700,110,diesel,manual,C,Barcelona,dealer,29800
Toyota,SUV,2025,20600,150,hybrid,automatic,ECO,A Coruña,private,34650
Peugeot,SUV,2022,32700,110,hybrid,automatic,ECO,Barcelona,dealer,18650
Seat,sedan,2022,54900,125,hybrid,automatic,ECO,Zaragoza,dealer,19050
Seat,SUV,2023,54000,135,petrol,manual,C,Barcelona,private,16350
Ford,SUV,2019,151800,150,petrol,automatic,C,Murcia,dealer,14400
Toyota,compact,2013,224100,110,diesel,manual,B,Sevilla,private,4250
Opel,SUV,2021,126700,155,diesel,manual,C,Valencia,private,12400
Mazda,SUV,2025,8000,150,petrol,manual,C,Madrid,private,29250
Audi,compact,2024,23700,165,petrol,automatic,C,Málaga,dealer,39700
Fiat,compact,2025,17300,145,petrol,automatic,C,Vizcaya,dealer,23400
Opel,compact,2022,62500,125,plug-in hybrid,manual,0,Málaga,dealer,18000
BMW,compact,2006,290900,160,petrol,automatic,C,Madrid,dealer,2550
Seat,SUV,2017,99000,135,diesel,automatic,C,Madrid,private,9600
Volkswagen,compact,2019,128600,130,petrol,manual,C,Other,dealer,12700
Renault,sedan,2022,65200,145,hybrid,automatic,ECO,Other,private,16550
Peugeot,city car,2006,420000,90,petrol,manual,C,Other,dealer,1700
Citroën,compact,2019,110700,135,petrol,automatic,C,Sevilla,dealer,11000
Peugeot,SUV,2006,277400,175,petrol,manual,C,Murcia,dealer,2750
Renault,SUV,2016,232800,155,petrol,automatic,C,Alicante,private,8700
Audi,city car,2025,23100,110,petrol,manual,C,Málaga,private,25500
Toyota,SUV,2023,51900,180,petrol,manual,C,Barcelona,dealer,28950
Peugeot,city car,2014,94700,80,petrol,manual,C,Other,private,3650
Renault,SUV,2016,185600,210,hybrid,automatic,ECO,Other,dealer,12400
Renault,compact,2019,220700,120,petrol,automatic,C,Barcelona,private,7300
Seat,SUV,2016,84000,135,diesel,manual,C,Valencia,dealer,6900
Mercedes-Benz,SUV,2017,171400,170,hybrid,automatic,ECO,Madrid,dealer,13800
Audi,SUV,2009,371700,180,diesel,automatic,B,Vizcaya,dealer,4200
Seat,city car,2017,78100,90,electric,automatic,0,Sevilla,private,5700
Dacia,sedan,2023,40100,130,diesel,automatic,C,Barcelona,private,13550
Renault,compact,2006,420000,105,diesel,manual,B,Alicante,private,2050
Skoda,compact,2022,73700,145,hybrid,automatic,ECO,Baleares,private,15050
Skoda,SUV,2020,109000,115,petrol,automatic,C,Baleares,dealer,14250
Opel,compact,2015,169200,130,diesel,manual,C,Sevilla,private,5650
Nissan,compact,2021,100200,110,petrol,automatic,C,A Coruña,dealer,10600
Opel,sedan,2018,77300,155,petrol,automatic,C,A Coruña,dealer,11650
Volkswagen,SUV,2024,20400,155,hybrid,automatic,ECO,Vizcaya,private,32200
Renault,sedan,2014,165700,130,diesel,manual,B,Madrid,dealer,5100
Kia,city car,2021,52800,80,hybrid,automatic,ECO,Other,dealer,9950
Toyota,compact,2019,117600,125,hybrid,automatic,ECO,Madrid,dealer,13500
Renault,compact,2020,69600,85,hybrid,automatic,ECO,Baleares,dealer,9200
Tesla,SUV,2023,57100,195,electric,automatic,0,Madrid,dealer,45400
Opel,compact,2025,16800,115,petrol,automatic,C,Madrid,dealer,18250
Seat,SUV,2014,239100,155,diesel,automatic,B,Other,private,6250
Renault,compact,2021,64500,100,hybrid,automatic,ECO,Other,private,11500
Toyota,SUV,2018,108700,145,petrol,manual,C,Granada,dealer,12050
Fiat,compact,2019,86300,130,diesel,manual,C,Barcelona,private,7950
Ford,compact,2015,144500,130,petrol,manual,C,Baleares,dealer,7050
Hyundai,city car,2024,25400,60,petrol,manual,C,Alicante,dealer,10650
Mercedes-Benz,SUV,2021,78100,255,petrol,automatic,C,Murcia,private,36350
Seat,compact,2015,114600,140,hybrid,automatic,ECO,Madrid,dealer,5700
Citroën,SUV,2020,57000,185,petrol,manual,C,Murcia,dealer,13250
Opel,city car,2021,34100,75,diesel,manual,C,Málaga,dealer,9350
Citroën,sedan,2025,25200,110,hybrid,automatic,ECO,Other,dealer,23200
Renault,sedan,2006,322600,190,petrol,manual,C,Las Palmas,private,2100
Ford,compact,2021,99200,150,hybrid,automatic,ECO,Other,private,11750
Skoda,city car,2022,50600,60,diesel,manual,C,Other,dealer,8950
Toyota,sedan,2021,61600,185,diesel,manual,C,Barcelona,private,19700
Volvo,compact,2011,107000,165,diesel,automatic,B,Barcelona,private,3350
Citroën,compact,2009,414600,120,petrol,manual,C,Madrid,dealer,2400
Peugeot,SUV,2013,189100,120,petrol,manual,C,Other,dealer,5200
Ford,SUV,2024,17200,165,petrol,automatic,C,Other,dealer,25700
Citroën,compact,2008,375300,105,diesel,manual,B,Alicante,dealer,2650
Toyota,sedan,2025,19100,210,diesel,manual,C,Murcia,private,31200
BMW,SUV,2016,157200,190,petrol,automatic,C,Other,dealer,12900
Mercedes-Benz,SUV,2025,15100,180,petrol,manual,C,Zaragoza,dealer,57150
Dacia,SUV,2006,369100,130,diesel,manual,B,Alicante,dealer,1600
Volvo,city car,2018,144500,105,diesel,automatic,C,Sevilla,private,10150
Renault,city car,2015,186600,95,diesel,automatic,C,Murcia,dealer,4250
Renault,compact,2021,87300,85,petrol,manual,C,Barcelona,private,10700
Volkswagen,compact,2009,225600,95,diesel,automatic,B,Valladolid,dealer,3400
Opel,SUV,2021,48000,115,electric,automatic,0,Barcelona,private,13400
Nissan,city car,2017,268100,65,petrol,automatic,C,Barcelona,dealer,5350
Ford,MPV,2020,108700,135,petrol,manual,C,Alicante,dealer,13150
Renault,SUV,2022,51700,165,electric,automatic,0,Other,dealer,23600
Fiat,city car,2020,109100,75,petrol,manual,C,Barcelona,dealer,6300
Toyota,MPV,2016,198500,145,hybrid,automatic,ECO,Barcelona,dealer,9400
Dacia,compact,2019,144000,105,petrol,automatic,C,Asturias,private,4750
Hyundai,SUV,2022,55500,170,diesel,automatic,C,Other,private,21050
Fiat,SUV,2018,95800,140,diesel,manual,C,Other,private,7750
Renault,compact,2023,56600,110,diesel,automatic,C,Madrid,private,12800
Renault,compact,2019,197300,125,petrol,manual,C,Other,dealer,9250
Kia,SUV,2020,126200,145,petrol,automatic,C,Other,dealer,16250
Volkswagen,compact,2020,87700,125,diesel,manual,C,Other,private,11450
Volkswagen,MPV,2025,18900,140,diesel,automatic,C,Barcelona,private,30350
Audi,compact,2020,53000,180,petrol,automatic,C,Granada,private,22400
Audi,compact,2021,76700,180,diesel,automatic,C,Murcia,dealer,27200
Dacia,MPV,2015,146700,115,petrol,manual,C,Zaragoza,dealer,4050
Skoda,compact,2007,220900,105,petrol,automatic,C,Valladolid,dealer,2250
Skoda,SUV,2015,105600,135,diesel,automatic,C,Other,private,9100
Peugeot,compact,2022,40500,105,petrol,manual,C,Barcelona,dealer,13500
Fiat,SUV,2019,137000,115,petrol,automatic,C,Other,private,8900
Volkswagen,SUV,2020,74000,155,hybrid,automatic,ECO,Alicante,dealer,16600
Hyundai,SUV,2020,56500,130,electric,automatic,0,Madrid,private,13850
Ford,city car,2022,33200,80,petrol,manual,C,Other,dealer,9500
Hyundai,SUV,2018,57300,160,diesel,manual,C,Barcelona,dealer,11700
Mercedes-Benz,SUV,2006,269900,180,petrol,automatic,C,Valencia,dealer,3000
Hyundai,sedan,2009,249800,170,petrol,automatic,C,Barcelona,private,3850
Mercedes-Benz,SUV,2022,52100,130,petrol,automatic,C,Madrid,dealer,31200
Audi,SUV,2017,176300,210,petrol,automatic,C,Baleares,private,14050
Mercedes-Benz,compact,2016,76500,180,petrol,automatic,C,Málaga,private,14200
Volkswagen,compact,2015,129000,120,diesel,manual,C,Navarra,dealer,7550
Opel,MPV,2025,12300,130,petrol,manual,C,Other,private,20000
Toyota,compact,2020,124800,145,hybrid,automatic,ECO,Málaga,private,12250
Citroën,city car,2024,32300,100,petrol,automatic,C,Other,dealer,11850
Peugeot,sedan,2009,395100,230,petrol,manual,C,Barcelona,private,4000
Dacia,SUV,2018,136000,90,petrol,automatic,C,Alicante,dealer,5200
Dacia,compact,2019,63000,90,hybrid,automatic,ECO,Other,private,5750
Audi,compact,2015,94300,130,diesel,automatic,C,Madrid,dealer,8750
Seat,compact,2021,48000,140,hybrid,automatic,ECO,Baleares,dealer,13100
Kia,sedan,2021,65800,170,diesel,manual,C,Madrid,dealer,18800
Nissan,city car,2020,54800,75,petrol,manual,C,Barcelona,private,7600
Skoda,compact,2018,151200,90,petrol,manual,C,Valladolid,dealer,7500
Toyota,compact,2022,43700,120,petrol,manual,C,Alicante,private,15750
Peugeot,MPV,2016,114000,120,diesel,manual,C,Valencia,private,8200
Peugeot,SUV,2018,189900,135,petrol,manual,C,Barcelona,dealer,8650
Seat,compact,2021,78600,115,petrol,manual,C,Valencia,dealer,12400
Fiat,city car,2021,91200,65,hybrid,automatic,ECO,Other,dealer,7000
Nissan,city car,2022,56600,95,petrol,manual,C,Barcelona,private,9500
Hyundai,city car,2008,215600,85,petrol,manual,C,Las Palmas,dealer,2100
Audi,sedan,2017,134400,190,hybrid,manual,ECO,Other,private,13500
Citroën,SUV,2011,332200,100,diesel,manual,B,A Coruña,dealer,3300
Seat,compact,2019,99700,110,petrol,manual,C,Zaragoza,dealer,8300
Opel,SUV,2013,121500,150,petrol,manual,C,Málaga,dealer,6000
BMW,SUV,2024,12800,185,petrol,automatic,C,Other,dealer,65500
Opel,SUV,2016,179100,110,diesel,automatic,C,Other,private,6550
Renault,SUV,2025,13600,160,petrol,automatic,C,Barcelona,dealer,27600
Kia,compact,2022,63700,135,petrol,automatic,C,Valencia,dealer,18050
Opel,city car,2020,76000,85,hybrid,automatic,ECO,Valencia,dealer,7000
Kia,compact,2024,21800,125,petrol,manual,C,Other,private,16600
Hyundai,compact,2020,118100,95,diesel,manual,C,Other,private,8850
Opel,compact,2022,97400,95,diesel,manual,C,Other,dealer,11300
Renault,sedan,2018,176600,160,plug-in hybrid,automatic,0,Barcelona,dealer,11900
Citroën,SUV,2008,322800,140,diesel,manual,B,Barcelona,dealer,2300
Seat,city car,2021,97700,105,diesel,manual,C,Other,dealer,9150
Ford,SUV,2022,67400,195,petrol,automatic,C,Valencia,private,22150
Kia,SUV,2017,177200,115,petrol,automatic,C,Granada,dealer,8800
Audi,city car,2023,44500,110,diesel,automatic,C,Valencia,dealer,25100
Toyota,SUV,2012,269700,155,diesel,manual,B,Other,dealer,6150
Dacia,city car,2021,85300,75,petrol,manual,C,Murcia,dealer,4950
Opel,compact,2015,106100,130,petrol,automatic,C,Valencia,private,5800
Opel,city car,2024,38100,75,diesel,automatic,C,Barcelona,dealer,13250
Citroën,compact,2025,8600,80,diesel,automatic,C,Sevilla,private,14000
Seat,city car,2024,38300,65,hybrid,automatic,ECO,Asturias,dealer,13300
Seat,compact,2021,51200,130,plug-in hybrid,automatic,0,Málaga,private,17750
Nissan,MPV,2019,108100,130,diesel,manual,C,Madrid,dealer,12400
Hyundai,city car,2023,50000,95,diesel,automatic,C,Baleares,private,11100
Audi,city car,2019,221500,105,petrol,automatic,C,Vizcaya,dealer,10300
Toyota,city car,2022,33900,95,hybrid,automatic,ECO,Las Palmas,dealer,16850
Renault,SUV,2021,103700,150,petrol,automatic,C,Madrid,dealer,14900
Citroën,compact,2024,20400,115,petrol,manual,C,Other,private,17250
Renault,SUV,2023,82000,110,petrol,manual,C,Other,dealer,17350
Seat,SUV,2019,88400,120,electric,automatic,0,Barcelona,dealer,13750
Opel,SUV,2022,137600,135,electric,automatic,0,Barcelona,private,16400
Skoda,compact,2014,173200,125,diesel,manual,B,Barcelona,dealer,4950
Hyundai,SUV,2015,207500,130,diesel,manual,C,Granada,dealer,8100
Hyundai,compact,2023,34000,100,petrol,manual,C,Valencia,dealer,15100
Mazda,SUV,2015,157100,145,diesel,manual,C,Madrid,dealer,10150
Peugeot,SUV,2024,17600,155,petrol,automatic,C,Other,private,24400
Kia,SUV,2019,86600,145,hybrid,automatic,ECO,Valladolid,dealer,16350
Nissan,compact,2025,7700,120,petrol,automatic,C,Madrid,private,21200
Volkswagen,MPV,2024,11200,145,petrol,manual,C,Other,dealer,26300
Seat,city car,2015,259600,65,diesel,automatic,C,Las Palmas,dealer,3300
Kia,SUV,2021,49500,160,petrol,automatic,C,Other,dealer,16600
Mercedes-Benz,SUV,2024,44800,190,plug-in hybrid,automatic,0,Barcelona,dealer,74800
Volvo,compact,2023,48700,180,diesel,automatic,C,Other,dealer,41900
Toyota,SUV,2024,34800,130,petrol,automatic,C,Other,private,24000
Audi,SUV,2022,81900,175,hybrid,manual,ECO,Other,private,30000
Hyundai,SUV,2024,28600,150,electric,automatic,0,Asturias,dealer,32950
Opel,SUV,2012,253300,130,diesel,automatic,B,Valladolid,dealer,5550
Mercedes-Benz,city car,2018,131000,140,petrol,automatic,C,Other,dealer,12650
Skoda,SUV,2023,40300,160,electric,automatic,0,Granada,dealer,32950
BMW,compact,2015,290800,200,petrol,automatic,C,Vizcaya,private,8700
Kia,compact,2025,12400,115,petrol,automatic,C,Vizcaya,dealer,26350
Renault,compact,2022,86900,95,diesel,automatic,C,Other,dealer,11900
Opel,SUV,2013,154100,155,diesel,automatic,B,Madrid,dealer,4950
Dacia,compact,2019,107600,110,hybrid,automatic,ECO,Barcelona,dealer,6400
Toyota,compact,2023,59400,110,hybrid,manual,ECO,Barcelona,dealer,18050
Volkswagen,compact,2022,46100,180,electric,automatic,0,Madrid,dealer,25200
BMW,sedan,2023,93800,240,diesel,automatic,C,Barcelona,dealer,42100
Volkswagen,sedan,2025,10600,145,diesel,automatic,C,Barcelona,private,29900
Citroën,compact,2018,49000,130,hybrid,automatic,ECO,Other,dealer,12700
Hyundai,city car,2018,66400,95,petrol,manual,C,Vizcaya,dealer,8100
Kia,SUV,2022,54500,175,hybrid,automatic,ECO,Sevilla,private,21850
Kia,SUV,2019,104300,135,diesel,automatic,C,Baleares,dealer,14300
Hyundai,sedan,2021,49800,175,petrol,automatic,C,Other,dealer,17950
Ford,SUV,2016,100200,140,petrol,manual,C,Sevilla,private,7000
Seat,SUV,2024,18700,150,hybrid,automatic,ECO,Murcia,private,28750
Citroën,SUV,2020,93200,145,diesel,automatic,C,Other,dealer,17150
Peugeot,MPV,2020,107300,95,diesel,manual,C,Madrid,dealer,9950
Fiat,MPV,2018,131300,140,plug-in hybrid,automatic,0,Alicante,dealer,9500
Citroën,compact,2018,205300,160,hybrid,manual,ECO,Barcelona,dealer,9850
Ford,SUV,2019,155800,135,diesel,manual,C,A Coruña,dealer,11750
Nissan,compact,2023,66600,125,hybrid,automatic,ECO,Barcelona,dealer,19550
Kia,SUV,2022,78700,130,hybrid,automatic,ECO,Vizcaya,private,18600
Mercedes-Benz,city car,2021,126400,95,petrol,manual,C,Barcelona,dealer,13600
Toyota,compact,2021,76400,165,petrol,manual,C,A Coruña,dealer,17350
Citroën,compact,2018,153300,95,plug-in hybrid,automatic,0,Other,dealer,7550
Renault,compact,2020,45700,90,petrol,manual,C,Other,dealer,8500
BMW,SUV,2021,39400,190,petrol,automatic,C,A Coruña,dealer,32750
Renault,SUV,2018,121000,155,petrol,manual,C,Madrid,dealer,10750
BMW,SUV,2019,124700,160,petrol,automatic,C,Madrid,dealer,16850
Renault,SUV,2022,67300,120,diesel,automatic,C,Murcia,private,14500
Tesla,sedan,2020,106400,205,electric,automatic,0,Sevilla,dealer,31400
Nissan,SUV,2025,12300,130,hybrid,automatic,ECO,Other,private,36350
Toyota,city car,2023,29300,100,petrol,manual,C,Málaga,dealer,17750
Renault,sedan,2024,52400,160,hybrid,automatic,ECO,Sevilla,dealer,26800
Peugeot,sedan,2011,179500,175,petrol,automatic,C,Valencia,dealer,5300
Skoda,sedan,2024,53800,150,petrol,automatic,C,Madrid,dealer,24750
Volkswagen,SUV,2012,357200,160,diesel,automatic,B,Other,private,6750
Volkswagen,MPV,2025,13400,135,diesel,manual,C,Madrid,private,22500
Opel,compact,2006,266400,150,diesel,automatic,B,Other,dealer,2300
Mercedes-Benz,city car,2020,62100,130,hybrid,automatic,ECO,Barcelona,private,19900
Audi,compact,2022,69200,210,hybrid,automatic,ECO,Madrid,private,37050
Dacia,MPV,2023,61700,180,hybrid,automatic,ECO,Murcia,dealer,15000
Renault,compact,2019,177800,105,diesel,automatic,C,Murcia,private,6250
Dacia,compact,2024,19700,130,hybrid,automatic,ECO,Other,private,16700
Seat,SUV,2006,247100,195,petrol,manual,C,Valladolid,dealer,2600
Fiat,city car,2009,277600,60,diesel,manual,B,Madrid,dealer,1000
Ford,city car,2023,69500,85,hybrid,automatic,ECO,Sevilla,dealer,13900
BMW,compact,2022,99400,155,diesel,manual,C,Other,private,26000
Nissan,compact,2023,67700,175,hybrid,manual,ECO,Madrid,private,21800
Seat,compact,2021,54800,135,diesel,manual,C,Barcelona,private,12650
Ford,sedan,2006,397600,170,petrol,manual,C,Alicante,private,2100
Hyundai,sedan,2023,37600,130,petrol,manual,C,Sevilla,dealer,16150
Seat,city car,2023,46400,90,plug-in hybrid,automatic,0,Other,dealer,13400
Peugeot,compact,2024,20500,150,petrol,manual,C,Other,dealer,22450
Volkswagen,city car,2018,120700,65,petrol,automatic,C,Barcelona,private,6750
Peugeot,sedan,2017,104600,105,hybrid,manual,ECO,Other,dealer,8800
BMW,SUV,2022,82100,200,diesel,automatic,C,Other,private,38250
Mercedes-Benz,city car,2020,97600,125,diesel,manual,C,Madrid,dealer,16000
Hyundai,compact,2024,21700,120,hybrid,automatic,ECO,Other,dealer,25100
Renault,compact,2021,120300,155,petrol,automatic,C,Alicante,private,13350
Nissan,SUV,2019,88600,145,hybrid,automatic,ECO,Other,dealer,15150
Volkswagen,SUV,2024,41100,145,diesel,automatic,C,Other,dealer,33100
Toyota,SUV,2012,203100,120,hybrid,automatic,ECO,Barcelona,private,5600
Volkswagen,SUV,2025,5600,125,diesel,automatic,C,Madrid,dealer,34550
BMW,compact,2024,64800,120,petrol,automatic,C,Other,dealer,33450
Volkswagen,SUV,2019,119300,130,petrol,automatic,C,Madrid,dealer,14950
Ford,compact,2021,81600,125,diesel,manual,C,Other,private,12750
Peugeot,compact,2022,41300,120,hybrid,automatic,ECO,Baleares,private,14800
Dacia,sedan,2020,63000,125,petrol,manual,C,Barcelona,private,7100
Dacia,compact,2024,61400,120,diesel,manual,C,Sevilla,dealer,13600
Hyundai,compact,2019,170300,115,petrol,automatic,C,Barcelona,dealer,9150
Hyundai,SUV,2006,420000,145,petrol,manual,C,Murcia,dealer,3100
Hyundai,SUV,2021,86200,120,petrol,manual,C,Las Palmas,dealer,15700
Ford,compact,2023,97300,90,petrol,automatic,C,Other,dealer,12550
Kia,SUV,2009,269400,170,diesel,manual,B,Other,dealer,4200
Hyundai,compact,2025,15600,150,petrol,manual,C,Other,dealer,23300
Mercedes-Benz,compact,2021,50600,175,hybrid,automatic,ECO,Madrid,dealer,35750
Volkswagen,SUV,2019,79100,105,petrol,automatic,C,Barcelona,private,11300
Renault,SUV,2021,64600,110,diesel,automatic,C,Madrid,private,13550
Toyota,compact,2023,45100,135,hybrid,automatic,ECO,Madrid,private,20550
Hyundai,compact,2021,56600,100,diesel,automatic,C,Navarra,private,11550
Volkswagen,city car,2021,102200,90,hybrid,automatic,ECO,Madrid,dealer,14250
Nissan,MPV,2015,165600,175,diesel,automatic,C,Other,private,8800
Volkswagen,compact,2021,125200,100,diesel,manual,C,Barcelona,dealer,12750
Renault,city car,2023,36000,80,hybrid,manual,ECO,Zaragoza,private,9650
Renault,MPV,2016,150600,80,petrol,manual,C,Barcelona,private,4300
Renault,sedan,2022,56800,170,petrol,automatic,C,Other,dealer,16600
Renault,city car,2017,145500,80,petrol,automatic,C,Sevilla,private,4600
Toyota,SUV,2021,41800,130,petrol,manual,C,Barcelona,private,19400
Kia,sedan,2012,147100,140,petrol,automatic,C,Valladolid,private,5500
Opel,compact,2022,57000,100,petrol,manual,C,Other,dealer,12050
Opel,compact,2018,218200,120,petrol,automatic,C,Madrid,private,6450
Renault,sedan,2023,83600,205,plug-in hybrid,automatic,0,Valencia,dealer,28250
Audi,compact,2021,56700,150,electric,automatic,0,Madrid,dealer,25500
Hyundai,compact,2017,230300,100,diesel,manual,C,Other,private,5500
Hyundai,sedan,2012,223200,175,petrol,manual,C,Barcelona,dealer,5150
Renault,SUV,2023,36500,145,petrol,manual,C,Baleares,dealer,21150
Renault,SUV,2016,166800,110,petrol,manual,C,Madrid,private,6000
Seat,SUV,2014,208300,215,hybrid,automatic,ECO,A Coruña,private,7650
Mercedes-Benz,SUV,2022,51000,160,petrol,automatic,C,Madrid,private,36000
Fiat,SUV,2025,18900,130,hybrid,automatic,ECO,Barcelona,private,23800
BMW,SUV,2022,46400,135,petrol,automatic,C,Las Palmas,private,31350
Volkswagen,compact,2020,49600,110,diesel,automatic,C,Barcelona,dealer,14900
Audi,SUV,2020,68900,170,electric,automatic,0,Madrid,dealer,26600
Mercedes-Benz,city car,2022,32600,95,electric,automatic,0,Vizcaya,private,22250
Renault,SUV,2022,47300,135,hybrid,automatic,ECO,Valladolid,private,17500
Renault,MPV,2020,172800,110,diesel,manual,C,Barcelona,dealer,11850
BMW,compact,2021,95600,125,hybrid,automatic,ECO,Barcelona,dealer,22750
Peugeot,city car,2019,196700,70,electric,automatic,0,Barcelona,dealer,5250
Volkswagen,compact,2023,59900,110,diesel,manual,C,Baleares,dealer,18550
Volkswagen,city car,2017,100900,110,petrol,manual,C,Madrid,private,6650
Mercedes-Benz,compact,2022,57400,150,petrol,automatic,C,Other,private,28450
Volkswagen,SUV,2018,117700,120,hybrid,automatic,ECO,Barcelona,private,11950
Seat,SUV,2017,106700,165,petrol,manual,C,Other,dealer,11000
Peugeot,city car,2018,157600,75,petrol,manual,C,Madrid,dealer,5700
Renault,city car,2020,110800,85,plug-in hybrid,automatic,0,Vizcaya,dealer,9150
Volkswagen,sedan,2013,299000,160,petrol,automatic,C,Barcelona,dealer,7800
Citroën,city car,2021,58600,90,petrol,manual,C,Other,dealer,7650
Seat,compact,2006,323000,135,petrol,manual,C,Valencia,private,1700
Volkswagen,SUV,2019,58600,170,diesel,automatic,C,Other,dealer,21150
Kia,sedan,2023,68700,220,hybrid,automatic,ECO,Other,dealer,21850
Nissan,sedan,2020,90900,180,plug-in hybrid,automatic,0,Other,dealer,22000
Toyota,compact,2018,97200,120,electric,automatic,0,Barcelona,dealer,9450
Ford,compact,2008,156100,100,petrol,automatic,C,Madrid,private,2100
Renault,MPV,2019,73300,130,petrol,automatic,C,Barcelona,dealer,11650
Dacia,sedan,2015,117800,180,petrol,manual,C,Other,private,4550
Renault,compact,2022,41600,135,diesel,manual,C,Other,private,13450
BMW,city car,2021,100700,130,hybrid,automatic,ECO,Valencia,private,19550
Kia,compact,2020,77100,75,diesel,manual,C,Other,private,8900
Skoda,SUV,2024,26100,195,petrol,manual,C,Las Palmas,dealer,33650
Dacia,compact,2024,25600,90,diesel,automatic,C,Other,private,11450
Kia,compact,2019,136000,140,petrol,manual,C,Other,dealer,9700
Hyundai,compact,2024,14700,110,diesel,manual,C,Barcelona,dealer,18800
Audi,city car,2019,128300,105,diesel,automatic,C,Other,dealer,11400
Nissan,sedan,2024,38300,195,petrol,automatic,C,Madrid,dealer,25550
Mazda,city car,2009,219900,85,petrol,manual,C,Other,dealer,2550
Volkswagen,city car,2021,127100,90,petrol,automatic,C,Other,dealer,11100
Ford,sedan,2018,104000,175,hybrid,manual,ECO,Other,dealer,12100
Toyota,city car,2020,83000,75,hybrid,automatic,ECO,Vizcaya,dealer,8550
Peugeot,SUV,2015,195900,155,diesel,automatic,C,Madrid,private,7000
Hyundai,compact,2020,116800,85,petrol,automatic,C,Alicante,private,10200
BMW,compact,2020,65300,160,diesel,automatic,C,Valladolid,dealer,21500
Toyota,compact,2017,328300,110,hybrid,automatic,ECO,Zaragoza,dealer,8600
Mercedes-Benz,MPV,2021,83200,255,petrol,manual,C,Barcelona,private,37850
Volkswagen,MPV,2022,56400,95,petrol,automatic,C,Madrid,private,15950
Citroën,compact,2016,52400,190,diesel,automatic,C,Other,dealer,10450
Kia,sedan,2017,294300,125,petrol,automatic,C,Madrid,private,8600
Volvo,SUV,2025,13900,165,petrol,automatic,C,Sevilla,dealer,49850
Seat,sedan,2024,25200,135,diesel,manual,C,Baleares,private,18950
BMW,SUV,2020,110900,220,diesel,manual,C,Other,dealer,21850
Toyota,compact,2019,92000,110,petrol,automatic,C,Málaga,private,10000
Renault,city car,2024,35500,100,diesel,manual,C,Other,dealer,15250
Peugeot,SUV,2023,46100,130,petrol,automatic,C,Barcelona,dealer,19750
Dacia,city car,2023,74700,70,diesel,automatic,C,Valencia,dealer,6650
Mercedes-Benz,compact,2017,275800,170,petrol,automatic,C,Murcia,private,12500
Hyundai,sedan,2020,83100,120,petrol,automatic,C,Murcia,dealer,13600
Renault,SUV,2021,63600,135,diesel,automatic,C,Other,dealer,16650
Nissan,compact,2016,127800,95,hybrid,manual,ECO,Barcelona,dealer,5700
Mazda,compact,2021,47000,115,petrol,automatic,C,Madrid,dealer,16500
Seat,compact,2023,39300,120,diesel,automatic,C,Barcelona,private,14350
Mercedes-Benz,sedan,2023,49700,180,diesel,manual,C,Sevilla,private,36100
Kia,city car,2020,65800,70,hybrid,automatic,ECO,Other,dealer,8650
Ford,compact,2024,24800,110,petrol,manual,C,Madrid,dealer,18850
Volkswagen,city car,2018,132600,95,petrol,automatic,C,Baleares,private,6700
Seat,compact,2021,115500,115,petrol,manual,C,Other,dealer,10300
Seat,city car,2012,249300,65,diesel,automatic,B,Las Palmas,dealer,3000
Peugeot,compact,2022,87000,110,diesel,automatic,C,Other,private,11850
Volkswagen,compact,2022,75100,90,diesel,manual,C,A Coruña,dealer,15300
Seat,compact,2018,84000,115,petrol,automatic,C,Sevilla,private,7750
Hyundai,SUV,2019,93000,145,petrol,automatic,C,Other,private,13500
Peugeot,city car,2024,37100,95,diesel,automatic,C,Madrid,private,14050
Opel,compact,2010,176800,100,diesel,manual,B,Barcelona,dealer,2150
Nissan,SUV,2017,198400,155,petrol,automatic,C,Madrid,private,11200
Peugeot,SUV,2025,17900,190,diesel,automatic,C,Valencia,private,28900
Ford,sedan,2022,36200,145,petrol,manual,C,Other,dealer,17500
Toyota,SUV,2010,397500,140,petrol,manual,C,Asturias,dealer,4650
Skoda,SUV,2019,73600,100,hybrid,manual,ECO,Granada,private,10900
Seat,compact,2018,74900,170,petrol,manual,C,Sevilla,private,10650
Citroën,SUV,2023,54200,175,diesel,automatic,C,Murcia,private,20500
Nissan,compact,2021,41200,110,petrol,automatic,C,Other,dealer,12500
Nissan,SUV,2017,83400,120,hybrid,automatic,ECO,Málaga,private,11150
Ford,SUV,2020,74300,110,hybrid,manual,ECO,Other,dealer,12400
Seat,SUV,2015,158800,135,diesel,automatic,C,Navarra,dealer,7600
Kia,compact,2021,48500,105,hybrid,automatic,ECO,Granada,private,13550
Volkswagen,compact,2023,25000,115,petrol,automatic,C,Other,dealer,19600
Toyota,sedan,2015,168600,115,diesel,automatic,C,Baleares,dealer,9300
Volkswagen,city car,2023,26000,65,petrol,manual,C,Madrid,dealer,11050
Volkswagen,SUV,2020,57700,120,petrol,automatic,C,Valencia,dealer,17900
Volkswagen,compact,2020,106100,95,diesel,automatic,C,Madrid,dealer,12600
Toyota,sedan,2019,93600,205,hybrid,automatic,ECO,Alicante,dealer,19200
Kia,city car,2021,94300,80,petrol,manual,C,Madrid,private,7950
Seat,SUV,2019,112900,130,hybrid,automatic,ECO,Other,dealer,10750
Renault,SUV,2019,114700,135,hybrid,automatic,ECO,Other,private,10300
Seat,city car,2006,321600,90,diesel,manual,B,Madrid,dealer,1200
Peugeot,city car,2025,16700,80,diesel,automatic,C,Sevilla,private,13250
Fiat,compact,2022,104900,110,diesel,automatic,C,Asturias,dealer,11550
Dacia,city car,2020,87000,80,diesel,manual,C,Valladolid,private,4950
Opel,compact,2024,46400,95,hybrid,automatic,ECO,Madrid,private,15550
Ford,SUV,2014,420000,155,diesel,automatic,B,Baleares,dealer,7650
Renault,SUV,2011,211500,140,diesel,manual,B,Other,dealer,4200
Seat,city car,2025,15500,85,petrol,automatic,C,Barcelona,dealer,14450
Nissan,city car,2023,39500,95,petrol,automatic,C,Valencia,dealer,15200
Ford,compact,2021,60600,105,petrol,automatic,C,Madrid,private,12050
Fiat,compact,2012,238900,70,petrol,manual,C,Navarra,private,1700
BMW,compact,2021,71600,130,diesel,automatic,C,Navarra,dealer,25250
Toyota,compact,2024,55300,110,electric,automatic,0,Other,dealer,27250
Renault,sedan,2020,94300,125,petrol,automatic,C,Granada,dealer,12150
Fiat,SUV,2021,54000,90,petrol,manual,C,Madrid,dealer,8300
Hyundai,MPV,2009,244300,115,petrol,automatic,C,Valencia,dealer,2700
Mercedes-Benz,MPV,2018,133300,185,diesel,automatic,C,Other,private,15300
Renault,SUV,2017,180000,125,diesel,automatic,C,Málaga,dealer,9550
Ford,city car,2024,18100,110,plug-in hybrid,manual,0,Barcelona,dealer,22000
Dacia,SUV,2021,128000,120,petrol,manual,C,Madrid,dealer,8950
Peugeot,SUV,2021,101900,205,petrol,automatic,C,A Coruña,dealer,19750
BMW,compact,2014,177800,260,diesel,automatic,B,Other,dealer,9450
Renault,compact,2022,76200,100,electric,automatic,0,Madrid,dealer,13800
Audi,city car,2015,229600,80,petrol,automatic,C,Other,dealer,5750
Hyundai,compact,2020,88900,125,diesel,automatic,C,Barcelona,private,11700
Mercedes-Benz,city car,2015,304700,120,diesel,manual,C,Baleares,dealer,7650
Toyota,sedan,2018,74900,170,hybrid,automatic,ECO,Valencia,dealer,14450
Skoda,sedan,2024,60400,245,diesel,automatic,C,Sevilla,private,29050
Fiat,SUV,2021,73900,130,hybrid,automatic,ECO,Other,dealer,14550
Seat,compact,2008,247100,90,diesel,manual,B,Other,private,2300
Volkswagen,MPV,2023,35200,110,hybrid,automatic,ECO,Málaga,dealer,22000
Citroën,compact,2024,22100,135,plug-in hybrid,automatic,0,Valencia,dealer,28050
Renault,sedan,2018,199900,115,petrol,manual,C,Granada,dealer,7000
Peugeot,city car,2013,254900,110,diesel,manual,B,Alicante,dealer,3600
Kia,compact,2016,89700,110,petrol,manual,C,Las Palmas,dealer,7100
Citroën,sedan,2022,70800,105,petrol,manual,C,Madrid,dealer,12750
Opel,SUV,2022,53500,155,diesel,manual,C,Madrid,dealer,19250
Hyundai,SUV,2023,45200,110,petrol,automatic,C,Málaga,dealer,18250
Volkswagen,city car,2012,352000,75,petrol,automatic,C,Barcelona,dealer,3300
Hyundai,SUV,2020,110300,170,hybrid,automatic,ECO,Valencia,dealer,16550
Seat,MPV,2017,156100,125,petrol,manual,C,Alicante,dealer,7350
Hyundai,compact,2023,61400,115,hybrid,automatic,ECO,Madrid,private,17050
Citroën,compact,2025,13900,75,petrol,automatic,C,Vizcaya,dealer,14600
BMW,compact,2024,26200,130,petrol,automatic,C,Valencia,private,34750
Opel,city car,2023,37100,70,diesel,automatic,C,Valencia,dealer,10050
Dacia,city car,2023,46300,85,diesel,manual,C,Other,dealer,7700
Fiat,compact,2014,275500,135,petrol,manual,C,Other,private,3250
Seat,city car,2017,182000,80,diesel,automatic,C,Other,dealer,6050
Peugeot,MPV,2022,59300,85,hybrid,automatic,ECO,Madrid,dealer,12250
Toyota,sedan,2020,49200,175,hybrid,automatic,ECO,Murcia,private,15450
Ford,sedan,2013,123800,200,diesel,automatic,B,Madrid,private,6350
Peugeot,compact,2014,121800,120,petrol,automatic,C,Madrid,private,4700
Ford,city car,2022,54900,65,hybrid,automatic,ECO,Madrid,private,10450
Tesla,sedan,2018,187300,190,electric,automatic,0,Other,dealer,18150
Kia,compact,2016,122100,110,petrol,automatic,C,Other,dealer,6100
Volkswagen,SUV,2019,99500,125,hybrid,automatic,ECO,Málaga,dealer,16650
Tesla,sedan,2023,30900,245,electric,automatic,0,Other,private,58450
Volkswagen,sedan,2022,41200,135,hybrid,automatic,ECO,Baleares,dealer,22850
Volkswagen,compact,2022,50400,190,petrol,manual,C,Valencia,private,20250
Toyota,MPV,2010,391800,105,diesel,manual,B,Valencia,private,2850
Hyundai,compact,2022,60100,90,petrol,manual,C,Baleares,private,10700
Opel,MPV,2021,48200,135,diesel,automatic,C,Sevilla,private,14200
Peugeot,sedan,2007,374000,180,hybrid,manual,ECO,Valencia,dealer,2900
Kia,sedan,2013,328700,145,diesel,manual,B,Barcelona,private,3750
Fiat,sedan,2019,152000,135,diesel,manual,C,Murcia,private,7050
Ford,city car,2022,174400,60,petrol,automatic,C,Murcia,private,7650
Seat,sedan,2022,65600,155,petrol,automatic,C,Zaragoza,dealer,17850
Toyota,city car,2015,184400,70,hybrid,automatic,ECO,Vizcaya,dealer,4900
Renault,MPV,2025,11800,130,hybrid,manual,ECO,Sevilla,dealer,25700
Dacia,sedan,2024,38000,155,diesel,manual,C,Barcelona,private,12700
Ford,SUV,2014,287100,175,petrol,manual,C,Las Palmas,dealer,7200
Dacia,SUV,2019,67900,180,petrol,automatic,C,Barcelona,dealer,11800
Renault,SUV,2016,67300,185,hybrid,automatic,ECO,Other,dealer,12600
Nissan,city car,2023,38000,80,diesel,automatic,C,Other,dealer,12750
Seat,compact,2023,62100,125,hybrid,automatic,ECO,Barcelona,dealer,14900
Volkswagen,compact,2015,173600,100,diesel,manual,C,Valencia,dealer,6200
Ford,sedan,2021,78900,135,hybrid,automatic,ECO,Other,dealer,19000
Volkswagen,SUV,2014,223200,175,petrol,automatic,C,Other,dealer,11500
Volkswagen,city car,2019,121000,85,hybrid,automatic,ECO,Madrid,dealer,9900
Renault,city car,2024,26800,75,diesel,automatic,C,Other,dealer,15700
Audi,sedan,2019,95300,220,petrol,manual,C,Alicante,dealer,21150
Volkswagen,city car,2022,148300,65,petrol,automatic,C,Valencia,dealer,10150
Seat,compact,2012,304900,160,diesel,automatic,B,Vizcaya,dealer,4700
Volkswagen,compact,2021,90500,105,petrol,manual,C,A Coruña,dealer,11500
Citroën,compact,2022,45300,115,hybrid,automatic,ECO,Other,dealer,12800
Opel,sedan,2020,102200,155,diesel,automatic,C,Alicante,private,11900
Fiat,SUV,2017,140800,135,hybrid,manual,ECO,Madrid,dealer,8200
Hyundai,compact,2009,199700,120,diesel,automatic,B,Barcelona,private,2350
Renault,city car,2018,181100,95,petrol,automatic,C,Las Palmas,private,5150
Seat,sedan,2022,36100,140,petrol,manual,C,Navarra,dealer,17850
Renault,compact,2022,129700,105,petrol,automatic,C,Other,dealer,11600
Renault,SUV,2023,42200,105,petrol,manual,C,Málaga,dealer,16050
Mercedes-Benz,SUV,2014,200800,215,diesel,manual,B,Zaragoza,private,11450
Peugeot,sedan,2023,26600,165,plug-in hybrid,manual,0,Other,dealer,26800
Mercedes-Benz,MPV,2018,79500,205,petrol,automatic,C,Madrid,dealer,18900
Citroën,compact,2017,135200,85,plug-in hybrid,automatic,0,Barcelona,dealer,8150
Ford,compact,2022,96300,170,petrol,manual,C,Sevilla,dealer,17200
Audi,compact,2016,113000,145,hybrid,automatic,ECO,Madrid,private,10200
Renault,city car,2006,420000,90,petrol,automatic,C,Barcelona,dealer,1450
Skoda,city car,2021,131600,90,diesel,automatic,C,A Coruña,dealer,8800
Mercedes-Benz,SUV,2021,50900,200,electric,automatic,0,Madrid,private,36900
Citroën,MPV,2023,50600,125,petrol,automatic,C,Madrid,dealer,15650
Renault,MPV,2020,108900,120,hybrid,automatic,ECO,Madrid,dealer,13050
Nissan,SUV,2023,27200,140,hybrid,manual,ECO,Asturias,dealer,22950
Volkswagen,SUV,2018,108000,180,diesel,automatic,C,Other,dealer,16450
Mercedes-Benz,SUV,2020,77400,190,diesel,automatic,C,Other,dealer,28000
Citroën,SUV,2021,66900,155,plug-in hybrid,automatic,0,Las Palmas,private,19400
Ford,compact,2020,59200,110,petrol,manual,C,Barcelona,dealer,9250
Mazda,compact,2016,80200,100,hybrid,automatic,ECO,Vizcaya,dealer,10900
Seat,SUV,2014,343200,185,diesel,automatic,B,Barcelona,private,5850
Fiat,compact,2012,184800,85,diesel,manual,B,Madrid,private,1650
Citroën,SUV,2021,55100,125,diesel,automatic,C,Valencia,dealer,15150
Citroën,SUV,2016,87300,135,petrol,manual,C,Other,dealer,7850
Renault,sedan,2018,142800,110,petrol,automatic,C,Other,private,8650
Opel,city car,2024,27800,80,hybrid,automatic,ECO,Other,dealer,12950
Volkswagen,city car,2023,41900,80,diesel,manual,C,Zaragoza,private,13650
Renault,sedan,2021,68400,175,electric,automatic,0,Valencia,private,15850
Audi,city car,2018,124300,95,petrol,automatic,C,Madrid,dealer,8650
Dacia,SUV,2020,159300,135,petrol,automatic,C,Baleares,private,7350
Volkswagen,SUV,2022,34600,115,diesel,manual,C,Other,dealer,19200
Volkswagen,compact,2016,382800,120,petrol,manual,C,Navarra,private,6350
Toyota,compact,2015,183700,120,diesel,automatic,C,Málaga,dealer,6350
Audi,SUV,2021,58300,195,electric,automatic,0,Alicante,private,27850
Skoda,SUV,2006,246300,175,diesel,manual,B,Madrid,dealer,2600
Hyundai,city car,2006,207000,95,diesel,manual,B,Other,private,1550
Audi,sedan,2023,35500,215,hybrid,automatic,ECO,Valencia,dealer,57350
Seat,SUV,2018,151500,105,petrol,automatic,C,Barcelona,private,9000
Peugeot,city car,2020,109600,80,petrol,manual,C,Barcelona,dealer,6600
Skoda,SUV,2020,51400,110,petrol,automatic,C,Madrid,private,14050
Volvo,SUV,2019,118000,185,hybrid,manual,ECO,Other,dealer,18500
Peugeot,MPV,2025,24000,105,petrol,manual,C,Other,dealer,19800
Peugeot,city car,2019,143200,75,plug-in hybrid,automatic,0,Baleares,dealer,8950
Citroën,SUV,2020,81400,125,petrol,automatic,C,Barcelona,private,13000
Renault,MPV,2022,37900,105,diesel,automatic,C,Barcelona,dealer,17750
Audi,compact,2023,36000,195,diesel,automatic,C,Alicante,dealer,34850
Toyota,city car,2024,24300,100,petrol,automatic,C,Other,private,16250
Nissan,SUV,2024,13300,210,plug-in hybrid,automatic,0,Málaga,dealer,49350
Ford,SUV,2016,187100,125,hybrid,automatic,ECO,Zaragoza,dealer,10050
Volkswagen,MPV,2019,90600,165,petrol,automatic,C,Valencia,private,14500
Mercedes-Benz,compact,2019,74900,145,petrol,automatic,C,Las Palmas,private,15600
Mazda,MPV,2006,420000,105,diesel,manual,B,Valencia,dealer,2150
Volkswagen,SUV,2021,86600,105,petrol,automatic,C,Barcelona,dealer,15800
Dacia,city car,2011,312300,95,diesel,manual,B,Other,private,1800
Citroën,compact,2022,33800,120,petrol,automatic,C,Sevilla,dealer,13350
Toyota,sedan,2019,112400,175,petrol,automatic,C,Valencia,private,13000
Hyundai,SUV,2023,32200,125,petrol,automatic,C,Other,dealer,22900
Opel,compact,2010,200500,110,petrol,automatic,C,Barcelona,private,2850
Ford,compact,2019,140200,125,hybrid,manual,ECO,Baleares,dealer,9050
Renault,city car,2019,121700,60,hybrid,manual,ECO,Barcelona,private,5150
Volkswagen,SUV,2024,46600,115,petrol,manual,C,Alicante,private,18000
Renault,compact,2017,69900,120,petrol,manual,C,Vizcaya,dealer,6950
Renault,SUV,2017,155900,160,petrol,automatic,C,Valencia,dealer,9500
Skoda,city car,2019,91000,90,hybrid,automatic,ECO,Other,dealer,9300
Audi,MPV,2012,236600,175,diesel,automatic,B,Other,dealer,6950
Nissan,city car,2021,89400,105,diesel,automatic,C,Other,private,10650
Kia,compact,2023,29500,145,diesel,manual,C,Barcelona,dealer,19600
Nissan,compact,2013,218800,130,petrol,manual,C,Málaga,dealer,4150
Peugeot,city car,2019,67900,110,diesel,manual,C,Sevilla,private,6400
Toyota,SUV,2016,154900,135,electric,automatic,0,Valencia,dealer,6750
Opel,SUV,2020,90100,135,petrol,manual,C,Málaga,dealer,11000
Citroën,SUV,2023,46300,155,petrol,automatic,C,Other,private,18350
Skoda,SUV,2023,59900,135,petrol,manual,C,Madrid,private,17700
Toyota,compact,2021,84700,120,hybrid,automatic,ECO,Sevilla,dealer,15050
Volkswagen,sedan,2020,79500,120,petrol,automatic,C,Valencia,private,15650
Volkswagen,city car,2023,37700,85,petrol,automatic,C,Alicante,private,12300
Fiat,SUV,2024,31800,185,diesel,automatic,C,Barcelona,private,22900
Seat,MPV,2024,29000,95,diesel,manual,C,Other,private,10700
Kia,SUV,2014,141200,140,petrol,automatic,C,Barcelona,dealer,7050
Hyundai,SUV,2015,109400,115,hybrid,automatic,ECO,Barcelona,dealer,8050
Opel,compact,2017,133300,85,hybrid,automatic,ECO,Málaga,private,5750
Volkswagen,sedan,2021,92400,105,petrol,automatic,C,Other,private,14050
Toyota,city car,2022,52100,75,petrol,manual,C,Other,dealer,11900
Renault,SUV,2019,196600,120,petrol,manual,C,Madrid,private,9200
Fiat,sedan,2011,299200,150,petrol,manual,C,Vizcaya,dealer,3250
Dacia,city car,2019,162300,95,hybrid,automatic,ECO,Baleares,private,5550
Peugeot,SUV,2015,121800,140,diesel,automatic,C,Other,dealer,9250
Volkswagen,compact,2018,121100,100,petrol,automatic,C,A Coruña,dealer,9100
Ford,sedan,2019,137900,150,petrol,automatic,C,A Coruña,private,13300
Dacia,city car,2018,141600,75,petrol,automatic,C,Alicante,dealer,4300
Hyundai,SUV,2010,214800,135,diesel,automatic,B,Madrid,dealer,3900
Volkswagen,city car,2022,49400,80,hybrid,automatic,ECO,Alicante,dealer,14100
Renault,sedan,2022,65500,165,petrol,automatic,C,Las Palmas,private,17350
Mazda,SUV,2018,117200,150,petrol,manual,C,Madrid,private,11650
Hyundai,city car,2014,179600,95,diesel,automatic,B,Barcelona,dealer,3200
Volkswagen,MPV,2020,124500,135,diesel,automatic,C,Las Palmas,dealer,17350
Fiat,compact,2012,183000,120,diesel,manual,B,Madrid,dealer,2450
Kia,compact,2018,154600,105,petrol,automatic,C,Madrid,dealer,8350
Ford,compact,2019,71300,130,petrol,manual,C,Barcelona,private,9800
Opel,SUV,2006,372900,150,diesel,manual,B,Las Palmas,dealer,2800
Volkswagen,sedan,2020,100600,110,electric,automatic,0,Barcelona,private,14850
Peugeot,city car,2022,43600,85,hybrid,automatic,ECO,Other,dealer,12300
Opel,MPV,2019,158700,135,petrol,automatic,C,Other,private,8750
Mercedes-Benz,city car,2021,47300,80,petrol,automatic,C,Las Palmas,private,14750
Nissan,compact,2006,265200,130,diesel,manual,B,Valencia,dealer,2300
Seat,SUV,2023,56800,150,diesel,automatic,C,Valencia,dealer,22900
Citroën,compact,2023,29900,100,diesel,manual,C,Other,private,13650
Mercedes-Benz,city car,2013,270500,130,petrol,automatic,C,Alicante,dealer,4800
Peugeot,compact,2017,162900,95,petrol,automatic,C,Other,private,5400
BMW,MPV,2024,29400,145,plug-in hybrid,manual,0,Murcia,private,48400
Toyota,city car,2018,82600,120,electric,automatic,0,Barcelona,private,8200
Renault,MPV,2020,84000,150,petrol,manual,C,Other,private,11200
BMW,SUV,2015,118000,160,petrol,automatic,C,Valencia,dealer,11400
Renault,compact,2022,49800,95,diesel,manual,C,Sevilla,dealer,11200
Ford,sedan,2006,420000,230,diesel,manual,B,Zaragoza,private,3000
Toyota,SUV,2021,93300,135,hybrid,automatic,ECO,Madrid,dealer,22100
BMW,city car,2023,43500,100,diesel,manual,C,Valencia,dealer,22100
Opel,city car,2024,50200,105,petrol,automatic,C,Málaga,dealer,15550
Hyundai,MPV,2016,132100,115,petrol,automatic,C,Las Palmas,dealer,7000
Ford,city car,2020,59700,55,hybrid,automatic,ECO,Sevilla,private,6650
Renault,sedan,2019,83800,215,petrol,manual,C,Valencia,private,10500
Toyota,city car,2023,35900,65,petrol,manual,C,Zaragoza,dealer,14200
Peugeot,compact,2019,139000,135,petrol,automatic,C,Other,dealer,10200
Audi,compact,2021,73700,145,petrol,automatic,C,A Coruña,dealer,18200
Seat,city car,2021,77600,65,petrol,manual,C,Madrid,dealer,7550
Citroën,compact,2016,185000,110,electric,automatic,0,Sevilla,dealer,5050
Toyota,SUV,2020,131200,85,hybrid,manual,ECO,Zaragoza,private,11400
Citroën,compact,2017,134800,110,petrol,automatic,C,Madrid,dealer,6350
Citroën,compact,2015,274300,120,petrol,automatic,C,Barcelona,dealer,5150
Skoda,SUV,2025,17300,145,petrol,automatic,C,Other,dealer,29500
Opel,sedan,2016,134200,155,petrol,automatic,C,Valencia,dealer,7600
Toyota,city car,2014,188800,75,hybrid,automatic,ECO,Other,dealer,4000
Renault,SUV,2024,18200,145,petrol,automatic,C,Madrid,dealer,26450
Peugeot,compact,2017,239000,135,diesel,manual,C,Murcia,private,8400
Fiat,city car,2021,54100,75,diesel,manual,C,A Coruña,private,7050
BMW,city car,2019,185200,120,petrol,automatic,C,Madrid,dealer,11700
Mercedes-Benz,compact,2021,172300,165,diesel,manual,C,Other,private,18950
Peugeot,city car,2018,220200,95,hybrid,automatic,ECO,Barcelona,dealer,7350
Seat,SUV,2023,50100,125,petrol,manual,C,Barcelona,private,15050
Peugeot,compact,2022,55700,105,diesel,manual,C,Madrid,private,14400
Volkswagen,SUV,2024,24500,140,hybrid,automatic,ECO,Barcelona,private,28350
Nissan,city car,2014,180800,65,diesel,manual,B,Madrid,dealer,2750
Ford,SUV,2024,42100,90,hybrid,automatic,ECO,Vizcaya,dealer,20350
Dacia,SUV,2023,36300,120,hybrid,automatic,ECO,Murcia,dealer,13800
Volkswagen,compact,2013,181500,145,petrol,manual,C,Barcelona,dealer,5600
Dacia,city car,2017,135500,80,diesel,automatic,C,Other,private,3150
BMW,city car,2022,77900,105,hybrid,automatic,ECO,Barcelona,dealer,21400
Peugeot,SUV,2013,315000,135,diesel,automatic,B,Madrid,dealer,4300
Volkswagen,SUV,2011,184600,165,diesel,manual,B,Barcelona,dealer,5000
Tesla,sedan,2023,41800,200,electric,automatic,0,Alicante,dealer,54250
Audi,compact,2023,49100,150,diesel,automatic,C,Barcelona,private,27700
Audi,sedan,2024,37800,200,petrol,automatic,C,Málaga,private,46950
Skoda,SUV,2020,102600,100,hybrid,manual,ECO,Sevilla,private,13450
Opel,compact,2024,25800,130,petrol,automatic,C,Barcelona,dealer,17300
Opel,compact,2020,121500,110,petrol,automatic,C,Alicante,private,8150
Volkswagen,city car,2025,14900,75,hybrid,manual,ECO,Alicante,private,17750
Dacia,compact,2022,54300,110,diesel,manual,C,Barcelona,dealer,10700
Renault,city car,2025,17500,75,petrol,automatic,C,Alicante,dealer,13800
Skoda,SUV,2022,48600,155,diesel,automatic,C,Barcelona,dealer,28600
Fiat,city car,2017,177800,75,petrol,automatic,C,Other,private,3200
Fiat,city car,2010,289400,65,petrol,automatic,C,Navarra,private,1450
Volvo,SUV,2025,17800,145,hybrid,automatic,ECO,Other,dealer,54600
Ford,SUV,2023,53300,165,diesel,automatic,C,Madrid,dealer,25950
Ford,SUV,2025,12600,200,diesel,automatic,C,Madrid,dealer,40850
Audi,city car,2021,75100,95,petrol,automatic,C,Other,private,15250
Renault,SUV,2023,52900,160,petrol,automatic,C,Baleares,dealer,22750
Dacia,SUV,2015,103800,115,diesel,automatic,C,Other,dealer,4800
Toyota,compact,2024,20700,140,petrol,manual,C,Málaga,dealer,21200
Toyota,SUV,2016,176100,130,diesel,automatic,C,Madrid,private,9350
Kia,SUV,2018,163100,140,petrol,automatic,C,Madrid,private,11900
Kia,city car,2020,54500,100,petrol,automatic,C,Navarra,dealer,8800
Seat,compact,2023,34900,100,petrol,automatic,C,Other,private,14150
Hyundai,compact,2023,21700,120,petrol,automatic,C,Other,private,16600
Toyota,SUV,2014,208300,160,diesel,manual,B,Other,dealer,9450
Volvo,SUV,2014,146900,180,petrol,manual,C,Barcelona,private,6650
Volkswagen,compact,2013,129900,120,diesel,automatic,B,Zaragoza,private,5250
Toyota,SUV,2018,212500,150,hybrid,automatic,ECO,Asturias,dealer,13700
Audi,city car,2013,189600,85,petrol,automatic,C,Sevilla,dealer,4500
Kia,SUV,2018,178900,175,diesel,automatic,C,Other,private,13400
Skoda,compact,2019,78400,125,diesel,automatic,C,Barcelona,dealer,10900
Citroën,compact,2021,100900,130,petrol,manual,C,Málaga,dealer,11500
Ford,sedan,2021,62700,140,diesel,manual,C,Other,private,14800
Mercedes-Benz,compact,2023,45200,130,petrol,automatic,C,Madrid,dealer,30600
Volvo,SUV,2021,45100,190,hybrid,automatic,ECO,Other,dealer,31500
Ford,city car,2023,70100,70,hybrid,automatic,ECO,Other,dealer,12850
Skoda,city car,2015,190300,75,petrol,automatic,C,A Coruña,dealer,3850
Kia,SUV,2018,74700,125,electric,automatic,0,Other,dealer,11350
Volkswagen,compact,2020,128900,90,diesel,manual,C,Sevilla,private,9900
Ford,compact,2019,91900,95,hybrid,automatic,ECO,A Coruña,private,10700
Opel,MPV,2022,89300,160,hybrid,automatic,ECO,Alicante,dealer,17650
Volkswagen,sedan,2024,26200,145,petrol,automatic,C,Valencia,dealer,26150
Audi,city car,2024,31100,100,hybrid,automatic,ECO,Asturias,dealer,25600
Volkswagen,city car,2013,160000,70,petrol,manual,C,Barcelona,dealer,4200
Nissan,compact,2020,190600,105,hybrid,automatic,ECO,Other,private,11700
Peugeot,compact,2021,51900,105,petrol,automatic,C,Other,dealer,11500
Opel,SUV,2024,41300,95,petrol,automatic,C,Las Palmas,private,18750
Mercedes-Benz,sedan,2017,232900,220,petrol,automatic,C,Madrid,dealer,15200
Peugeot,city car,2013,119300,80,diesel,manual,B,Other,dealer,3600
Mazda,compact,2018,125900,130,diesel,automatic,C,Murcia,dealer,11900
Fiat,city car,2018,82100,85,petrol,automatic,C,Other,dealer,5100
Dacia,MPV,2022,63300,95,hybrid,automatic,ECO,Valencia,private,9350
Mazda,city car,2023,31200,95,petrol,automatic,C,Madrid,dealer,15300
Peugeot,SUV,2025,11600,115,diesel,automatic,C,Granada,dealer,27600
Volkswagen,compact,2023,48200,90,diesel,manual,C,Valencia,dealer,18800
Volkswagen,city car,2014,267100,80,diesel,manual,B,Málaga,dealer,4500
Volkswagen,SUV,2022,60400,110,electric,automatic,0,A Coruña,private,23300
Nissan,compact,2018,120600,80,diesel,manual,C,Navarra,private,6250
Hyundai,SUV,2009,420000,110,petrol,automatic,C,Other,private,3400
Kia,compact,2019,82700,95,petrol,automatic,C,Valencia,dealer,8950
BMW,compact,2019,46500,160,petrol,automatic,C,Valencia,dealer,18150
Seat,city car,2014,153500,70,diesel,manual,B,Valencia,private,3400
Seat,SUV,2023,38700,180,diesel,manual,C,Las Palmas,dealer,23700
Mercedes-Benz,SUV,2016,208500,160,diesel,automatic,C,Other,dealer,13300
Audi,city car,2022,67200,90,hybrid,automatic,ECO,Madrid,dealer,19750
Dacia,sedan,2020,88000,125,petrol,manual,C,Granada,dealer,7400
Renault,city car,2021,56600,85,hybrid,automatic,ECO,Málaga,dealer,10000
Mercedes-Benz,compact,2023,36200,185,electric,automatic,0,Las Palmas,dealer,47850
Ford,compact,2019,83600,100,diesel,manual,C,Barcelona,dealer,10050
Seat,city car,2025,14300,100,petrol,automatic,C,Valladolid,dealer,16250
Kia,compact,2012,161200,120,petrol,manual,C,Vizcaya,dealer,4400
Volkswagen,SUV,2021,85200,135,petrol,manual,C,Baleares,private,20150
Volkswagen,SUV,2022,22300,145,diesel,manual,C,Other,private,21600
Seat,sedan,2014,122800,130,petrol,manual,C,Valencia,dealer,5050
Fiat,SUV,2021,70600,185,hybrid,automatic,ECO,Madrid,private,14150
Kia,SUV,2022,42000,180,petrol,manual,C,Madrid,dealer,24700
Peugeot,city car,2010,295200,115,diesel,automatic,B,Madrid,private,2000
Ford,compact,2025,19400,120,diesel,automatic,C,Other,dealer,20850
Kia,compact,2015,203900,140,petrol,manual,C,Barcelona,private,6600
Seat,SUV,2023,26400,110,hybrid,automatic,ECO,Sevilla,private,15700
Fiat,compact,2019,67400,95,petrol,automatic,C,Asturias,dealer,6350
Audi,sedan,2016,83400,210,petrol,automatic,C,Other,dealer,13350
Toyota,city car,2021,43800,90,diesel,manual,C,A Coruña,dealer,11350
Ford,city car,2024,21400,90,hybrid,automatic,ECO,Sevilla,dealer,16100
Volvo,compact,2020,58700,145,diesel,automatic,C,Málaga,dealer,19650
Volkswagen,SUV,2016,136600,155,diesel,manual,C,Other,dealer,12350
Volkswagen,SUV,2021,52100,100,petrol,manual,C,Sevilla,dealer,16100
Renault,compact,2023,79200,75,petrol,automatic,C,Alicante,private,11700
Toyota,compact,2011,172600,115,diesel,manual,B,Other,private,3500
BMW,city car,2024,18300,105,petrol,automatic,C,Other,dealer,31500
Audi,sedan,2019,93800,265,petrol,automatic,C,A Coruña,dealer,26100
Peugeot,compact,2018,114300,100,diesel,manual,C,Other,private,7200
Peugeot,sedan,2021,144600,135,petrol,automatic,C,Murcia,dealer,10900
Seat,compact,2008,372500,105,diesel,automatic,B,Barcelona,dealer,2000
Citroën,MPV,2020,50100,170,petrol,automatic,C,Other,private,13600
Ford,city car,2016,125700,90,electric,automatic,0,Alicante,dealer,5150
Skoda,SUV,2023,24100,160,diesel,automatic,C,Las Palmas,dealer,29750
Citroën,sedan,2015,136800,180,petrol,automatic,C,Madrid,private,5800
BMW,city car,2023,30400,115,diesel,automatic,C,Las Palmas,dealer,25550
Volkswagen,city car,2017,109300,60,diesel,automatic,C,Valencia,dealer,7000
Dacia,MPV,2021,103700,70,diesel,automatic,C,Other,dealer,7000
Toyota,city car,2013,246100,100,petrol,manual,C,Málaga,dealer,4300
Skoda,SUV,2017,117800,130,plug-in hybrid,manual,0,Baleares,dealer,13200
Audi,compact,2021,70900,155,petrol,automatic,C,Other,private,21200
Renault,city car,2022,60600,80,petrol,automatic,C,Other,dealer,9300
Toyota,compact,2021,68700,85,hybrid,automatic,ECO,Sevilla,private,12150
Mazda,sedan,2022,67100,140,hybrid,automatic,ECO,Baleares,private,20850
Toyota,compact,2013,197500,145,diesel,manual,B,Baleares,private,6100
Opel,sedan,2022,129400,210,plug-in hybrid,automatic,0,Other,dealer,23000
Peugeot,city car,2022,54300,70,petrol,automatic,C,A Coruña,dealer,9700
Dacia,city car,2020,97800,80,hybrid,automatic,ECO,Other,private,5800
Volkswagen,city car,2020,74800,60,petrol,automatic,C,Barcelona,private,8850
Toyota,sedan,2025,15200,185,hybrid,automatic,ECO,Málaga,dealer,39650
Skoda,compact,2018,70900,115,petrol,manual,C,A Coruña,dealer,10300
Seat,SUV,2020,110200,140,hybrid,automatic,ECO,Other,dealer,11700
BMW,compact,2025,20600,180,electric,automatic,0,Sevilla,private,55800
Skoda,SUV,2011,338800,110,petrol,manual,C,Málaga,private,4250
Mercedes-Benz,SUV,2006,198400,200,diesel,automatic,B,Las Palmas,private,3350
Citroën,sedan,2025,19300,115,petrol,manual,C,Madrid,private,21400
Toyota,sedan,2024,37000,130,hybrid,automatic,ECO,Madrid,private,23900
Renault,sedan,2017,107100,155,petrol,automatic,C,Madrid,private,8850
Kia,SUV,2024,12400,165,hybrid,automatic,ECO,Madrid,dealer,31900
Peugeot,sedan,2012,170000,125,diesel,manual,B,Barcelona,dealer,3700
Renault,city car,2018,173700,90,petrol,manual,C,Madrid,dealer,6400
Peugeot,city car,2016,130600,70,diesel,manual,C,Málaga,private,4400
Audi,compact,2022,89000,145,petrol,automatic,C,A Coruña,dealer,23750
Toyota,SUV,2020,51000,110,diesel,automatic,C,Other,private,16800
Kia,city car,2024,29500,85,petrol,automatic,C,Madrid,private,11650
Renault,compact,2016,195900,110,petrol,manual,C,Valladolid,dealer,5500
Renault,compact,2025,16000,140,petrol,manual,C,Granada,private,16350
Hyundai,compact,2019,93200,115,petrol,manual,C,Alicante,dealer,9850
Volkswagen,sedan,2018,238300,120,petrol,manual,C,Asturias,dealer,10050
Citroën,compact,2025,10400,90,hybrid,automatic,ECO,Málaga,dealer,17900
Fiat,city car,2013,347500,80,petrol,automatic,C,Barcelona,dealer,2500
Opel,compact,2013,152100,115,hybrid,automatic,ECO,Other,private,4250
Mazda,sedan,2023,83100,125,diesel,manual,C,Valladolid,dealer,21300
Audi,sedan,2020,96300,275,petrol,manual,C,Navarra,private,22950
Seat,city car,2023,35600,85,diesel,automatic,C,Madrid,dealer,12300
Seat,SUV,2015,115600,190,diesel,manual,C,Zaragoza,dealer,8950
Ford,MPV,2013,212500,140,diesel,automatic,B,Other,dealer,5000
Citroën,compact,2022,34400,95,diesel,manual,C,Madrid,dealer,11850
Seat,compact,2023,53800,115,hybrid,automatic,ECO,Navarra,dealer,18000
Seat,SUV,2017,158600,155,petrol,manual,C,Barcelona,private,8900
BMW,city car,2017,111900,125,hybrid,automatic,ECO,Baleares,dealer,11800
Peugeot,SUV,2023,37700,175,petrol,automatic,C,Madrid,dealer,26000
Toyota,compact,2024,40100,110,petrol,manual,C,Alicante,dealer,23850
Peugeot,city car,2013,261900,80,diesel,manual,B,Valencia,dealer,3750
Mercedes-Benz,SUV,2017,102000,155,petrol,automatic,C,Málaga,dealer,17550
Fiat,compact,2024,50300,160,petrol,automatic,C,Zaragoza,dealer,16100
Kia,compact,2014,129100,130,diesel,automatic,B,Other,dealer,5800
Tesla,sedan,2009,218600,155,electric,automatic,0,Zaragoza,dealer,2450
Renault,SUV,2022,57100,150,petrol,manual,C,Alicante,dealer,16600
Citroën,compact,2020,58700,135,hybrid,automatic,ECO,Valladolid,dealer,11350
Mercedes-Benz,SUV,2014,176600,175,diesel,automatic,B,Other,private,10750
Seat,compact,2021,57300,95,petrol,manual,C,Madrid,dealer,9900
Tesla,sedan,2008,159800,165,electric,automatic,0,Madrid,private,1750
Skoda,city car,2021,104200,65,hybrid,automatic,ECO,Alicante,dealer,8200
Ford,sedan,2025,13200,125,diesel,automatic,C,Murcia,private,25300
Kia,SUV,2018,118900,155,diesel,automatic,C,Other,private,12300
Renault,SUV,2018,119800,125,diesel,manual,C,Vizcaya,dealer,10000
Nissan,SUV,2019,129900,160,petrol,manual,C,Granada,dealer,15100
Citroën,city car,2014,128500,100,diesel,automatic,B,Madrid,private,2900
Peugeot,SUV,2006,222300,155,petrol,manual,C,Other,dealer,2650
Opel,sedan,2021,56000,185,diesel,manual,C,Other,dealer,15800
Volkswagen,city car,2014,186800,75,diesel,manual,B,Málaga,dealer,4050
Ford,SUV,2019,101300,170,petrol,automatic,C,Madrid,private,14700
Hyundai,compact,2021,91700,150,diesel,automatic,C,Navarra,dealer,15050
Skoda,compact,2024,31800,120,diesel,automatic,C,Alicante,private,22700
Nissan,compact,2016,141000,80,diesel,automatic,C,Sevilla,dealer,4900
Renault,SUV,2021,84000,125,petrol,automatic,C,Valencia,dealer,13700
Volkswagen,city car,2018,90000,70,petrol,manual,C,Other,dealer,8100
Seat,MPV,2019,183800,110,hybrid,automatic,ECO,Madrid,dealer,9500
Citroën,compact,2019,70200,135,petrol,automatic,C,Other,dealer,9900
Volkswagen,SUV,2016,166700,150,petrol,manual,C,Barcelona,dealer,10300
Renault,SUV,2020,140200,170,hybrid,automatic,ECO,Las Palmas,dealer,15050
Citroën,sedan,2018,207100,180,electric,automatic,0,Barcelona,dealer,9750
Kia,city car,2014,213000,100,petrol,manual,C,Zaragoza,dealer,4150
Peugeot,sedan,2006,420000,175,diesel,manual,B,Other,dealer,2350
Renault,compact,2024,21400,100,petrol,automatic,C,Other,private,15800
Toyota,city car,2021,56800,85,hybrid,automatic,ECO,Barcelona,dealer,11250
Ford,SUV,2013,214800,160,diesel,manual,B,Madrid,dealer,4300
Seat,compact,2018,144800,100,diesel,manual,C,Barcelona,dealer,9250
Mazda,SUV,2022,33900,150,petrol,manual,C,Barcelona,dealer,25450
Opel,SUV,2024,27100,95,hybrid,automatic,ECO,Other,dealer,23650
Toyota,SUV,2021,69900,115,diesel,automatic,C,Zaragoza,private,18250
Dacia,city car,2023,45600,100,diesel,automatic,C,Madrid,dealer,11300
Renault,compact,2020,72000,125,petrol,manual,C,Valladolid,dealer,9550
Seat,compact,2021,68600,160,hybrid,automatic,ECO,A Coruña,dealer,14700
Tesla,SUV,2024,32500,150,electric,automatic,0,Sevilla,private,57300
Opel,city car,2014,218000,80,diesel,manual,B,Madrid,private,2350
Citroën,compact,2023,43700,120,petrol,manual,C,Alicante,dealer,13400
Peugeot,SUV,2020,126500,130,petrol,automatic,C,Baleares,private,12500
Ford,SUV,2019,118400,235,hybrid,automatic,ECO,Asturias,dealer,14150
Citroën,SUV,2020,110300,100,diesel,manual,C,Sevilla,private,10800
Dacia,city car,2017,100800,65,diesel,manual,C,Barcelona,private,2800
Peugeot,compact,2021,43900,115,petrol,manual,C,Madrid,private,12600
Renault,SUV,2014,184800,130,petrol,manual,C,Barcelona,dealer,5000
Nissan,SUV,2023,52200,145,diesel,automatic,C,Sevilla,dealer,25600
Toyota,compact,2023,49100,125,diesel,automatic,C,Valladolid,dealer,20850
Opel,compact,2017,229000,105,petrol,automatic,C,Málaga,private,5300
Dacia,sedan,2021,81300,140,petrol,automatic,C,Málaga,dealer,7850
Volkswagen,compact,2021,64200,135,petrol,manual,C,Madrid,dealer,16650
Kia,sedan,2008,190500,130,diesel,manual,B,Other,private,3100
Dacia,SUV,2023,49400,125,plug-in hybrid,automatic,0,Valladolid,dealer,22300
Seat,city car,2022,43200,55,diesel,automatic,C,Madrid,dealer,9850
Dacia,sedan,2022,47800,135,petrol,automatic,C,Baleares,dealer,10900
Dacia,SUV,2025,16500,125,diesel,manual,C,Madrid,private,17650
Fiat,city car,2014,174600,45,diesel,manual,B,Madrid,private,1450
Volkswagen,MPV,2023,50700,130,electric,automatic,0,Other,dealer,27400
Volvo,compact,2022,67300,155,petrol,automatic,C,Madrid,private,20750
Nissan,compact,2021,119600,120,petrol,automatic,C,Madrid,dealer,14500
Renault,SUV,2024,26800,130,diesel,manual,C,Barcelona,private,18100
Volkswagen,compact,2006,173500,90,diesel,manual,B,Other,private,2450
Skoda,MPV,2024,31900,120,petrol,manual,C,Murcia,private,15700
BMW,compact,2017,189200,170,diesel,automatic,C,Madrid,private,14300
Volkswagen,city car,2020,45200,60,petrol,automatic,C,Alicante,private,6950
Volkswagen,compact,2022,77600,110,diesel,automatic,C,Barcelona,private,14450
Kia,city car,2020,102900,85,petrol,manual,C,Madrid,private,7850
Audi,SUV,2025,14000,190,hybrid,automatic,ECO,Valencia,private,68750
Citroën,compact,2021,60800,100,petrol,automatic,C,Vizcaya,dealer,9950
Ford,compact,2021,71100,85,electric,automatic,0,Málaga,dealer,12950
Peugeot,MPV,2021,52000,125,diesel,manual,C,Barcelona,private,13200
Nissan,SUV,2020,124000,145,diesel,manual,C,Other,private,11850
Seat,SUV,2022,62000,155,hybrid,automatic,ECO,Granada,dealer,20800
Volkswagen,SUV,2020,133400,140,hybrid,automatic,ECO,Barcelona,private,15150
Opel,sedan,2006,353700,120,petrol,manual,C,Madrid,private,1750
Skoda,SUV,2024,36300,130,plug-in hybrid,automatic,0,Madrid,dealer,29200
Seat,SUV,2021,89600,175,diesel,automatic,C,Other,dealer,20000
Hyundai,compact,2015,210700,165,diesel,automatic,C,Madrid,dealer,7200
Renault,MPV,2012,242700,175,diesel,automatic,B,Barcelona,private,4000
Mercedes-Benz,city car,2023,75700,90,plug-in hybrid,automatic,0,Madrid,dealer,33300
Peugeot,compact,2017,263400,135,diesel,manual,C,Other,dealer,7100
Citroën,SUV,2017,129000,135,diesel,automatic,C,Other,private,8800
Skoda,SUV,2006,141000,120,petrol,manual,C,Granada,dealer,2750
Peugeot,compact,2016,255800,130,diesel,manual,C,Murcia,private,5200
Renault,city car,2016,114500,60,petrol,manual,C,Murcia,dealer,4050
Ford,city car,2006,232300,60,petrol,manual,C,Valencia,dealer,1050
Opel,compact,2015,243100,125,diesel,automatic,C,Alicante,dealer,5550
Toyota,SUV,2015,211400,185,hybrid,automatic,ECO,Asturias,dealer,11200
Audi,compact,2023,83000,145,petrol,automatic,C,Madrid,dealer,32050
Kia,sedan,2019,170900,155,diesel,manual,C,Sevilla,dealer,12400
Seat,compact,2015,139600,135,diesel,manual,C,Baleares,private,5100
Hyundai,sedan,2023,59900,145,diesel,automatic,C,Other,dealer,21950
Skoda,compact,2021,174100,140,diesel,manual,C,Valladolid,dealer,14850
Ford,SUV,2021,74800,160,diesel,manual,C,Málaga,private,14650
Citroën,compact,2015,189900,135,petrol,manual,C,Alicante,dealer,6050
Ford,city car,2022,40700,75,hybrid,automatic,ECO,Zaragoza,private,10350
Hyundai,city car,2019,73100,65,petrol,manual,C,Madrid,dealer,5900
Fiat,city car,2016,179300,75,petrol,automatic,C,Madrid,dealer,3050
Opel,compact,2010,247600,110,diesel,automatic,B,Other,dealer,2700
Volkswagen,SUV,2018,88800,180,electric,automatic,0,Madrid,private,15850
Audi,SUV,2010,182400,135,diesel,automatic,B,Las Palmas,private,4500
Seat,compact,2010,159900,120,diesel,manual,B,Sevilla,dealer,4300
Kia,compact,2015,134400,105,hybrid,manual,ECO,Barcelona,private,6450
Peugeot,SUV,2023,33800,145,diesel,automatic,C,Other,dealer,25050
Nissan,city car,2025,12900,70,diesel,manual,C,Other,private,13350
Seat,compact,2023,21800,140,diesel,manual,C,Other,dealer,16100
Audi,compact,2019,110900,155,diesel,automatic,C,Madrid,dealer,15900
Citroën,compact,2021,66800,130,hybrid,automatic,ECO,Baleares,private,12300
Renault,compact,2012,381400,100,diesel,manual,B,Madrid,private,2550
Seat,compact,2006,203500,75,diesel,automatic,B,Other,dealer,1450
Mercedes-Benz,compact,2019,73600,145,hybrid,manual,ECO,Málaga,dealer,21500
Seat,MPV,2023,48300,150,petrol,automatic,C,Vizcaya,private,17200
Seat,SUV,2023,76800,155,diesel,manual,C,Las Palmas,dealer,19200
Nissan,sedan,2019,101300,170,diesel,automatic,C,Madrid,dealer,17400
Mercedes-Benz,SUV,2021,69600,155,hybrid,automatic,ECO,Málaga,dealer,27050
Volvo,sedan,2017,154200,170,petrol,automatic,C,Málaga,dealer,12250
Peugeot,SUV,2020,104100,195,petrol,manual,C,Málaga,private,15100
Ford,compact,2012,412100,120,petrol,manual,C,Madrid,private,3350
Seat,compact,2022,68800,125,petrol,manual,C,Barcelona,dealer,16300
Kia,city car,2022,38100,75,petrol,automatic,C,Barcelona,private,9550
Kia,city car,2025,20700,90,petrol,automatic,C,Valladolid,dealer,18550
Seat,SUV,2019,129100,110,hybrid,automatic,ECO,Barcelona,private,11050
Opel,compact,2024,22400,110,hybrid,automatic,ECO,Other,private,17050
Audi,compact,2025,13900,200,petrol,automatic,C,Barcelona,dealer,53700
Volvo,compact,2024,34500,170,hybrid,automatic,ECO,Other,dealer,47700
Renault,SUV,2022,49300,120,diesel,automatic,C,Barcelona,private,19550
Seat,city car,2020,174600,70,plug-in hybrid,automatic,0,Madrid,dealer,10200
Dacia,compact,2016,133600,115,hybrid,automatic,ECO,Barcelona,dealer,4500
Dacia,compact,2018,107600,135,diesel,automatic,C,Valencia,private,5600
Seat,city car,2016,126100,75,diesel,automatic,C,Valencia,dealer,4900
Skoda,sedan,2015,164200,160,petrol,manual,C,Other,dealer,7950
Peugeot,compact,2021,68700,115,petrol,automatic,C,Other,private,13400
Seat,compact,2010,301400,135,petrol,manual,C,Sevilla,dealer,3200
Seat,city car,2023,46700,90,diesel,manual,C,Barcelona,private,11500
Seat,SUV,2024,22900,140,hybrid,automatic,ECO,Valencia,dealer,25050
Ford,SUV,2020,99500,140,diesel,automatic,C,Other,dealer,16600
Ford,sedan,2021,37500,130,diesel,manual,C,Other,dealer,16300
Skoda,compact,2009,243800,100,diesel,manual,B,Barcelona,private,2600
Citroën,SUV,2022,73800,150,diesel,automatic,C,Madrid,dealer,18250
Skoda,SUV,2016,317600,105,electric,automatic,0,Madrid,private,7900
Hyundai,compact,2015,153100,120,hybrid,automatic,ECO,Sevilla,dealer,6100
Renault,compact,2021,44100,85,petrol,manual,C,Other,dealer,10100
Nissan,compact,2024,17400,120,petrol,manual,C,Madrid,dealer,20750
Fiat,SUV,2014,235500,160,diesel,manual,B,Barcelona,dealer,4450
Skoda,SUV,2022,62600,140,plug-in hybrid,automatic,0,Sevilla,dealer,27100
Mercedes-Benz,SUV,2019,165500,135,petrol,automatic,C,Other,private,16200
Ford,city car,2019,146900,80,diesel,manual,C,Baleares,dealer,7400
Tesla,sedan,2018,97200,205,electric,automatic,0,Valencia,dealer,17850
BMW,compact,2010,351500,140,diesel,automatic,B,Other,private,3650
Opel,city car,2025,20100,70,diesel,automatic,C,Barcelona,private,11100
Volvo,compact,2021,110400,190,petrol,automatic,C,Zaragoza,private,22400
Hyundai,sedan,2024,30900,165,diesel,automatic,C,Madrid,dealer,27900
Kia,SUV,2023,48600,170,petrol,automatic,C,Zaragoza,dealer,21900
Audi,city car,2025,13300,100,hybrid,automatic,ECO,Madrid,dealer,36850
BMW,city car,2022,81300,90,petrol,automatic,C,Other,dealer,20750
Audi,SUV,2020,57600,165,petrol,automatic,C,Málaga,dealer,25200
Citroën,SUV,2021,54800,175,petrol,manual,C,Barcelona,dealer,16550
Volkswagen,sedan,2011,211100,130,petrol,manual,C,Other,dealer,5450
Ford,sedan,2023,36500,150,petrol,manual,C,Other,private,17150
Mercedes-Benz,sedan,2014,400400,220,diesel,automatic,B,Other,dealer,11350
Renault,compact,2017,268900,140,hybrid,automatic,ECO,Other,private,8350
Citroën,SUV,2020,65500,135,plug-in hybrid,automatic,0,Other,dealer,20950
Mazda,SUV,2023,33600,135,petrol,automatic,C,Madrid,dealer,20800
Seat,SUV,2020,57500,185,hybrid,manual,ECO,Other,dealer,18600
Toyota,compact,2006,332400,95,petrol,manual,C,Granada,dealer,1950
Toyota,SUV,2016,171500,135,hybrid,manual,ECO,Other,private,9000
Seat,SUV,2014,331200,185,diesel,manual,B,Barcelona,private,5550
Seat,SUV,2024,21900,100,diesel,manual,C,Madrid,dealer,18550
Dacia,sedan,2014,269200,155,diesel,manual,B,Vizcaya,dealer,3700
Citroën,SUV,2024,25100,145,petrol,manual,C,Valencia,private,18950
Mercedes-Benz,compact,2022,62300,165,plug-in hybrid,automatic,0,Madrid,dealer,41000
Kia,sedan,2018,144700,185,diesel,automatic,C,Other,dealer,11850
Seat,SUV,2021,76200,185,hybrid,automatic,ECO,Other,dealer,21750
Peugeot,SUV,2022,64500,175,diesel,manual,C,Other,private,19750
BMW,SUV,2016,124100,205,diesel,automatic,C,Valencia,private,14600
Volvo,sedan,2025,8700,220,plug-in hybrid,automatic,0,Madrid,private,68400
Toyota,SUV,2020,78200,155,petrol,automatic,C,Valencia,private,15250
Peugeot,SUV,2025,14800,125,diesel,manual,C,A Coruña,dealer,24400
Dacia,SUV,2020,69600,100,petrol,automatic,C,Barcelona,dealer,7850
Opel,compact,2020,108100,105,hybrid,automatic,ECO,Zaragoza,private,9450
Citroën,SUV,2025,12900,155,petrol,manual,C,Asturias,private,23700
Peugeot,MPV,2023,56500,140,petrol,manual,C,Valencia,dealer,18500
Audi,MPV,2020,135100,170,diesel,automatic,C,Vizcaya,dealer,21700
Toyota,compact,2023,53300,100,hybrid,automatic,ECO,Madrid,dealer,15400
Peugeot,SUV,2015,190600,130,petrol,manual,C,Barcelona,private,6650
Volkswagen,SUV,2020,57200,150,petrol,automatic,C,Other,private,18800
Opel,compact,2018,180000,105,petrol,manual,C,Sevilla,dealer,6950
Renault,compact,2017,185400,130,diesel,manual,C,Other,dealer,6800
Renault,SUV,2022,59500,135,plug-in hybrid,manual,0,Málaga,dealer,19850
Renault,MPV,2021,68200,160,hybrid,automatic,ECO,Other,private,16350
Peugeot,sedan,2023,28800,145,diesel,automatic,C,Other,private,18050
Citroën,SUV,2021,52600,130,hybrid,automatic,ECO,Barcelona,dealer,21700
Renault,SUV,2018,63300,185,hybrid,automatic,ECO,Asturias,dealer,15600
Hyundai,sedan,2010,420000,180,diesel,automatic,B,Vizcaya,dealer,4800
Dacia,city car,2021,39800,85,petrol,manual,C,Other,dealer,6550
Ford,SUV,2020,110700,95,petrol,manual,C,Barcelona,dealer,10450
Kia,compact,2007,256800,110,diesel,manual,B,Sevilla,dealer,2450
Volkswagen,SUV,2021,93400,120,hybrid,automatic,ECO,Other,dealer,24250
Mazda,city car,2019,153300,45,petrol,automatic,C,Madrid,private,5400
Hyundai,sedan,2013,216400,155,diesel,automatic,B,Valladolid,private,5600
Seat,sedan,2017,178500,185,diesel,automatic,C,Valladolid,dealer,11050
Seat,SUV,2017,116600,165,petrol,automatic,C,Valladolid,private,11200
Tesla,sedan,2020,94100,145,electric,automatic,0,Other,private,19800
Renault,SUV,2019,83700,165,hybrid,automatic,ECO,Madrid,private,14750
Citroën,city car,2018,109300,75,hybrid,automatic,ECO,Barcelona,dealer,6350
Volkswagen,compact,2007,253100,105,diesel,automatic,B,Valencia,dealer,2750
Volkswagen,SUV,2021,50400,140,petrol,manual,C,Baleares,private,18400
Renault,sedan,2024,23400,180,petrol,manual,C,Other,dealer,21450
Opel,SUV,2017,157800,115,diesel,manual,C,Other,dealer,6750
Volkswagen,SUV,2013,145900,195,petrol,manual,C,Asturias,private,7850
Citroën,SUV,2023,38700,130,petrol,automatic,C,Sevilla,dealer,22200
Peugeot,SUV,2019,72600,120,diesel,automatic,C,A Coruña,private,13300
Seat,city car,2016,101200,85,petrol,automatic,C,Granada,private,5400
Volvo,compact,2014,138200,175,petrol,manual,C,Baleares,dealer,7250
Mercedes-Benz,compact,2018,88200,130,diesel,automatic,C,Málaga,dealer,14550
BMW,compact,2024,41400,180,petrol,automatic,C,Murcia,private,40600
Volkswagen,MPV,2010,420000,70,petrol,manual,C,Barcelona,private,2550
Kia,city car,2011,182900,80,diesel,automatic,B,Madrid,private,2100
Toyota,SUV,2022,76700,155,hybrid,automatic,ECO,Sevilla,private,27650
Kia,compact,2021,89200,115,petrol,manual,C,Madrid,dealer,11000
Seat,SUV,2024,33800,130,petrol,automatic,C,Valencia,private,24100
Renault,sedan,2016,208500,170,diesel,automatic,C,Valencia,private,7800
Renault,city car,2022,47200,70,electric,automatic,0,Other,dealer,12000
Volkswagen,compact,2022,82800,115,petrol,manual,C,Granada,dealer,16700
Citroën,city car,2017,189500,75,petrol,manual,C,Madrid,dealer,4000
Citroën,sedan,2020,55800,130,petrol,automatic,C,Málaga,private,10400
Citroën,city car,2021,64100,105,petrol,manual,C,Madrid,dealer,8250
Renault,sedan,2024,26100,115,hybrid,manual,ECO,Sevilla,private,14850
Mercedes-Benz,SUV,2024,31000,225,hybrid,automatic,ECO,Madrid,private,55650
Dacia,SUV,2023,30100,115,hybrid,manual,ECO,Madrid,private,12800
Seat,sedan,2017,112400,165,diesel,manual,C,Other,private,10400
Skoda,SUV,2022,51700,170,hybrid,automatic,ECO,Other,dealer,24750
Renault,SUV,2022,60700,180,hybrid,automatic,ECO,Other,private,23150
Peugeot,compact,2020,184400,170,petrol,automatic,C,Valencia,dealer,9450
Nissan,compact,2016,145700,140,petrol,automatic,C,Other,dealer,6350
Nissan,SUV,2023,33300,165,hybrid,automatic,ECO,A Coruña,private,24250
Citroën,compact,2016,156000,100,electric,automatic,0,Other,private,3850
Seat,compact,2020,55100,105,petrol,manual,C,Barcelona,dealer,10200
Volkswagen,SUV,2021,57800,125,petrol,automatic,C,Murcia,dealer,21950
Seat,SUV,2022,84400,160,diesel,automatic,C,Other,private,17800
Opel,SUV,2017,202800,140,hybrid,automatic,ECO,Navarra,dealer,9100
Tesla,SUV,2023,74900,155,electric,automatic,0,Valencia,private,47150
