price_usd,year,manufacturer,condition,cylinders,fuel,odometer_miles,transmission,drive,type,paint_color,state
1000,2006,hyundai,fair,4,gas,200000,automatic,fwd,sedan,brown,mn
1000,2014,honda,unknown,4,gas,144000,automatic,unknown,unknown,unknown,ca
1000,2014,chevrolet,unknown,8,gas,88000,automatic,unknown,unknown,unknown,ny
1000,2004,honda,unknown,4,gas,195000,automatic,unknown,unknown,unknown,ok
1000,2000,chevrolet,unknown,8,diesel,300000,automatic,unknown,unknown,unknown,nc
1000,1997,acura,fair,6,gas,300000,automatic,unknown,coupe,red,va
1000,2012,unknown,unknown,12,gas,100000,automatic,unknown,unknown,unknown,il
1000,2001,chevrolet,good,6,gas,180000,automatic,fwd,unknown,unknown,oh
1000,2017,dodge,unknown,6,gas,74000,automatic,unknown,unknown,unknown,tx
1000,2002,jeep,fair,8,gas,138000,automatic,4wd,SUV,green,ma
1000,2014,honda,unknown,4,gas,67890,automatic,fwd,sedan,black,ma
1000,1999,ford,good,6,gas,135890,automatic,fwd,mini-van,blue,mn
1000,2008,toyota,unknown,4,gas,132919,automatic,rwd,sedan,silver,ga
1000,2007,mazda,good,6,gas,190000,automatic,fwd,unknown,red,fl
1000,1996,gmc,fair,8,gas,260000,automatic,4wd,SUV,green,mt
1000,1998,mitsubishi,fair,6,gas,240000,manual,4wd,SUV,white,ca
1000,2014,ford,like new,6,gas,64460,automatic,4wd,SUV,blue,il
1000,2006,honda,unknown,6,gas,180000,automatic,unknown,unknown,unknown,oh
1000,2008,chevrolet,fair,4,gas,160000,manual,fwd,coupe,red,ny
1000,2007,ford,unknown,6,gas,158000,automatic,unknown,unknown,unknown,ne
1000,2003,bmw,good,6,gas,173211,automatic,4wd,hatchback,grey,ky
1000,2007,dodge,excellent,4,gas,170000,automatic,fwd,hatchback,brown,fl
1000,2003,gmc,salvage,8,gas,230000,automatic,4wd,unknown,unknown,nc
1000,2017,kia,like new,4,gas,28000,automatic,fwd,sedan,white,ct
1030,2019,gmc,unknown,8,gas,18897,automatic,4wd,unknown,unknown,or
1100,2002,nissan,good,6,gas,181180,automatic,fwd,sedan,silver,md
1100,2009,dodge,good,6,gas,176000,automatic,unknown,unknown,unknown,fl
1100,2001,honda,unknown,4,gas,132032,automatic,unknown,sedan,unknown,wi
1150,2005,nissan,good,6,gas,172872,automatic,4wd,SUV,black,oh
1195,2012,kia,fair,4,gas,164273,automatic,fwd,SUV,blue,oh
1200,1998,toyota,unknown,4,gas,194000,manual,unknown,unknown,unknown,va
1200,2002,nissan,fair,6,gas,227600,automatic,fwd,sedan,black,oh
1200,2003,volkswagen,good,4,gas,151110,automatic,unknown,sedan,unknown,or
1200,2001,toyota,salvage,6,gas,188245,automatic,rwd,sedan,black,or
1200,2006,honda,unknown,6,gas,121000,automatic,fwd,sedan,white,fl
1200,1996,toyota,fair,4,gas,229656,automatic,unknown,unknown,green,wa
1200,2005,cadillac,good,8,gas,150000,automatic,fwd,sedan,white,oh
1200,2003,jeep,good,6,gas,240000,automatic,4wd,van,custom,ma
1200,2004,honda,fair,4,gas,214000,manual,fwd,sedan,silver,wv
1200,1998,pontiac,unknown,6,gas,166000,manual,unknown,unknown,silver,in
1200,1995,chevrolet,fair,8,diesel,207000,automatic,rwd,truck,white,in
1200,2003,ford,fair,6,gas,200000,automatic,4wd,unknown,unknown,ak
1200,1999,volvo,fair,4,gas,252582,automatic,4wd,sedan,silver,wy
1249,2006,unknown,unknown,4,gas,121370,automatic,unknown,unknown,unknown,md
1250,1998,ford,unknown,6,gas,180000,automatic,unknown,unknown,unknown,wa
1295,1999,chevrolet,unknown,4,gas,91460,automatic,unknown,unknown,unknown,oh
1299,1998,ford,unknown,6,gas,193000,automatic,unknown,unknown,unknown,mi
1300,2003,chrysler,good,6,gas,186000,automatic,unknown,mini-van,unknown,il
1300,2002,mazda,good,4,gas,180000,manual,fwd,wagon,silver,ny
1300,2004,honda,fair,4,gas,195000,manual,unknown,sedan,unknown,de
1300,2006,honda,salvage,6,gas,211221,automatic,unknown,mini-van,blue,nc
1350,1996,volkswagen,unknown,4,gas,69000,automatic,unknown,unknown,unknown,co
1400,2002,dodge,fair,6,gas,194000,automatic,unknown,unknown,unknown,ca
1400,2002,toyota,fair,4,gas,250000,automatic,fwd,other,green,mt
1400,2000,toyota,good,4,gas,200000,automatic,unknown,unknown,unknown,ga
1400,1998,honda,good,4,gas,194025,automatic,fwd,coupe,black,mt
1400,1999,toyota,fair,4,gas,240000,automatic,4wd,SUV,purple,az
1400,2004,mitsubishi,good,4,gas,260000,automatic,unknown,unknown,unknown,ks
1400,2006,ford,fair,8,gas,204000,automatic,rwd,van,yellow,il
1450,2003,cadillac,good,8,gas,200000,automatic,unknown,unknown,unknown,co
1485,2004,pontiac,good,4,gas,170123,automatic,fwd,sedan,red,ca
1500,2011,chevrolet,fair,6,gas,141352,automatic,fwd,unknown,black,fl
1500,1998,chevrolet,good,8,gas,204000,automatic,rwd,truck,white,fl
1500,1995,ram,fair,8,gas,152000,automatic,rwd,truck,red,mi
1500,1999,ford,fair,8,gas,140000,automatic,rwd,van,white,ca
1500,2003,buick,good,6,gas,85000,automatic,rwd,sedan,silver,nj
1500,2006,chrysler,fair,6,gas,130070,automatic,unknown,sedan,black,il
1500,2011,chevrolet,fair,4,gas,139000,automatic,fwd,other,grey,oh
1500,2007,chevrolet,salvage,5,gas,240500,automatic,rwd,pickup,blue,me
1500,2016,unknown,unknown,4,gas,66000,automatic,unknown,unknown,unknown,ga
1500,2011,jeep,good,4,gas,99000,automatic,fwd,SUV,white,ok
1500,2000,mitsubishi,fair,4,gas,262682,automatic,fwd,coupe,custom,id
1500,2004,subaru,unknown,4,gas,195000,automatic,unknown,unknown,white,mt
1500,2002,chrysler,good,4,gas,215514,automatic,fwd,SUV,brown,tx
1500,2000,volvo,fair,5,gas,263075,automatic,unknown,unknown,unknown,co
1500,1999,ford,fair,8,gas,380000,automatic,unknown,unknown,unknown,mi
1500,2002,saturn,good,4,gas,155000,automatic,fwd,coupe,black,va
1500,2005,unknown,good,4,gas,163000,automatic,fwd,wagon,silver,ri
1500,1999,lincoln,good,8,gas,120000,automatic,4wd,SUV,orange,ia
1500,2003,chevrolet,unknown,8,gas,234000,automatic,4wd,unknown,unknown,mi
1500,2010,honda,excellent,4,gas,115000,automatic,4wd,sedan,blue,nh
1500,2006,toyota,salvage,6,gas,300000,automatic,fwd,mini-van,blue,fl
1500,2013,gmc,like new,8,gas,122000,automatic,4wd,SUV,black,ca
1500,2014,kia,like new,6,gas,124000,automatic,fwd,sedan,silver,ca
1500,1999,subaru,fair,4,gas,366356,manual,fwd,wagon,white,ct
1500,2008,chevrolet,unknown,4,gas,223000,automatic,unknown,unknown,unknown,ny
1500,2003,chevrolet,unknown,4,gas,94000,automatic,unknown,unknown,unknown,md
1500,1999,pontiac,fair,6,gas,150000,automatic,unknown,unknown,unknown,tx
1500,2014,toyota,like new,4,gas,17246,automatic,unknown,unknown,unknown,fl
1500,2000,buick,fair,6,gas,115000,automatic,fwd,sedan,unknown,ks
1500,2008,honda,unknown,6,gas,180000,automatic,fwd,sedan,grey,wi
1500,2001,nissan,good,4,gas,230000,automatic,unknown,unknown,unknown,ct
1500,2011,ford,unknown,8,gas,70000,automatic,unknown,unknown,unknown,tx
1500,2011,hyundai,excellent,4,gas,186455,automatic,fwd,sedan,silver,va
1500,2004,ford,good,6,gas,145000,automatic,unknown,mini-van,silver,pa
1595,2001,mazda,unknown,4,gas,193017,manual,fwd,sedan,silver,co
1600,2001,unknown,good,6,gas,170233,automatic,fwd,mini-van,unknown,mn
1600,2000,toyota,unknown,4,gas,161282,automatic,unknown,unknown,unknown,ca
1600,1997,jeep,good,8,gas,250000,automatic,4wd,other,silver,mi
1600,1999,toyota,unknown,4,gas,173000,automatic,unknown,unknown,unknown,il
1650,2002,ford,unknown,4,gas,196021,automatic,4wd,pickup,white,or
1650,2001,unknown,good,4,gas,139000,automatic,fwd,other,brown,oh
1650,2003,ford,unknown,4,gas,149000,manual,unknown,unknown,unknown,sc
1700,1997,chevrolet,unknown,4,gas,138000,automatic,unknown,unknown,unknown,ut
1700,1996,gmc,unknown,6,gas,220000,automatic,unknown,unknown,unknown,fl
1700,2002,cadillac,unknown,8,gas,121023,automatic,unknown,sedan,unknown,il
1700,1996,chevrolet,unknown,8,gas,194000,automatic,4wd,pickup,unknown,az
1700,2007,dodge,fair,6,gas,184000,automatic,unknown,unknown,red,nj
1750,2003,honda,unknown,4,gas,116000,automatic,unknown,unknown,black,ny
1750,2005,mercedes-benz,salvage,4,gas,134000,manual,rwd,sedan,silver,va
1750,2006,hyundai,good,4,gas,110000,manual,fwd,unknown,silver,nh
1750,2007,saturn,excellent,4,gas,150000,automatic,unknown,unknown,black,ny
1750,2010,dodge,fair,6,gas,174000,automatic,rwd,mini-van,grey,ca
1750,2004,nissan,unknown,6,gas,125321,automatic,unknown,unknown,unknown,oh
1795,2002,honda,excellent,4,gas,137055,automatic,fwd,sedan,grey,co
1795,2002,honda,excellent,4,gas,137055,automatic,fwd,sedan,grey,oh
1800,2016,chevrolet,unknown,8,gas,136493,automatic,unknown,unknown,grey,tx
1800,2014,dodge,unknown,8,gas,100000,automatic,unknown,unknown,unknown,tx
1800,2002,toyota,fair,4,gas,197000,automatic,fwd,coupe,red,va
1800,2003,volkswagen,good,4,gas,187097,automatic,unknown,unknown,green,id
1800,2004,ford,fair,8,gas,128000,automatic,4wd,SUV,black,ne
1800,2000,hyundai,excellent,4,gas,125000,manual,unknown,wagon,grey,oh
1800,2008,chevrolet,unknown,8,gas,184000,automatic,unknown,unknown,unknown,ok
1800,2009,honda,good,4,gas,142503,automatic,fwd,sedan,green,nc
1850,1997,volvo,good,5,gas,245000,automatic,fwd,sedan,white,ca
1850,2009,chevrolet,unknown,4,gas,140000,automatic,unknown,unknown,unknown,ak
1850,2009,nissan,good,4,gas,152456,automatic,4wd,SUV,silver,ma
1900,2003,hyundai,good,4,gas,200000,automatic,fwd,sedan,blue,md
1900,2006,cadillac,unknown,6,gas,133718,automatic,unknown,sedan,unknown,wi
1900,2007,hyundai,good,6,gas,160000,automatic,fwd,van,white,ia
1900,2003,ford,fair,4,gas,190000,automatic,fwd,sedan,white,pa
1900,2007,hyundai,unknown,4,gas,199000,automatic,unknown,unknown,unknown,ok
1900,2005,hyundai,good,6,gas,200000,automatic,unknown,unknown,unknown,tx
1900,2007,kia,fair,4,gas,87000,automatic,unknown,sedan,unknown,ak
1900,2006,nissan,fair,4,gas,205700,automatic,fwd,sedan,unknown,pa
1950,2006,dodge,excellent,6,gas,181125,automatic,fwd,sedan,silver,mn
1950,2000,toyota,good,4,gas,187000,manual,fwd,sedan,white,nm
1950,2005,honda,unknown,4,gas,201222,automatic,unknown,unknown,unknown,nj
1950,2005,volvo,good,6,gas,244500,automatic,4wd,SUV,black,wa
1988,2003,mazda,unknown,6,gas,123444,automatic,unknown,mini-van,unknown,ct
1995,2006,nissan,excellent,4,gas,156072,automatic,fwd,sedan,white,fl
1995,1996,chevrolet,good,8,gas,230242,automatic,4wd,unknown,blue,mn
1999,2008,ford,unknown,6,gas,160000,automatic,4wd,SUV,red,va
1999,2001,hyundai,excellent,6,gas,132000,automatic,fwd,sedan,grey,az
2000,2010,chevrolet,good,6,gas,200000,automatic,fwd,sedan,blue,va
2000,2005,nissan,fair,6,gas,208552,manual,rwd,pickup,silver,ca
2000,2004,jeep,unknown,6,gas,144400,automatic,unknown,unknown,unknown,ct
2000,2002,unknown,good,4,gas,149746,automatic,fwd,sedan,grey,or
2000,2001,unknown,good,4,gas,178000,automatic,unknown,other,unknown,ca
2000,2009,mercedes-benz,excellent,6,gas,93394,automatic,4wd,unknown,black,ok
2000,2005,dodge,unknown,6,gas,169000,automatic,unknown,unknown,unknown,md
2000,2007,chevrolet,good,6,gas,190000,automatic,4wd,SUV,red,oh
2000,2004,toyota,fair,6,gas,173000,automatic,fwd,coupe,custom,il
2000,2006,chrysler,good,6,gas,141100,automatic,fwd,mini-van,unknown,ia
2000,1999,ford,fair,4,gas,188157,automatic,fwd,sedan,silver,ks
2000,2003,mitsubishi,good,4,gas,120000,manual,unknown,unknown,unknown,wa
2000,2005,toyota,fair,6,gas,312000,automatic,fwd,mini-van,grey,wi
2000,1997,pontiac,salvage,4,gas,160000,automatic,fwd,sedan,black,nc
2000,1996,lincoln,excellent,8,gas,168101,automatic,rwd,sedan,green,ne
2000,2003,ford,fair,8,gas,123000,automatic,rwd,pickup,white,ny
2000,2004,chrysler,good,8,gas,64000,manual,rwd,coupe,black,or
2000,2003,ford,good,8,gas,190000,automatic,rwd,unknown,white,ca
2000,2004,chevrolet,good,8,gas,218000,automatic,unknown,SUV,silver,mt
2000,2001,subaru,good,4,gas,235000,automatic,unknown,unknown,unknown,wa
2000,2013,ford,like new,6,gas,100950,automatic,fwd,SUV,unknown,tx
2000,2001,acura,fair,6,gas,115000,automatic,unknown,unknown,unknown,wa
2000,2001,infiniti,good,6,gas,154000,automatic,fwd,SUV,blue,fl
2000,2009,chevrolet,unknown,8,gas,198000,automatic,fwd,unknown,unknown,ok
2000,2006,honda,salvage,4,gas,180000,automatic,unknown,sedan,black,mi
2000,2007,unknown,good,4,gas,63430,manual,4wd,hatchback,blue,pa
2000,1996,ford,good,4,gas,158000,automatic,rwd,coupe,green,ca
2000,2003,ford,unknown,6,gas,187000,automatic,4wd,SUV,grey,wi
2000,2008,lexus,excellent,6,gas,134000,automatic,unknown,unknown,unknown,tx
2000,2003,chevrolet,good,8,gas,150000,automatic,4wd,SUV,unknown,oh
2000,1998,dodge,good,6,gas,118538,automatic,fwd,unknown,red,wi
2000,2003,unknown,fair,8,gas,227734,automatic,unknown,unknown,black,ga
2000,2015,bmw,like new,6,gas,72928,automatic,unknown,coupe,unknown,fl
2000,2004,chrysler,good,6,gas,145000,automatic,unknown,sedan,silver,wa
2000,1996,ford,unknown,8,gas,128876,automatic,unknown,unknown,unknown,va
2000,2018,chevrolet,excellent,4,gas,39000,automatic,fwd,sedan,white,ok
2000,2005,chevrolet,fair,6,gas,213596,automatic,fwd,sedan,red,mi
2000,2003,ford,fair,6,gas,152000,automatic,4wd,SUV,unknown,pa
2000,2015,subaru,like new,4,gas,81301,manual,4wd,sedan,unknown,fl
2100,2001,honda,good,4,gas,260000,manual,fwd,sedan,silver,ca
2100,2006,subaru,fair,4,gas,97000,automatic,unknown,hatchback,unknown,al
2100,2005,nissan,unknown,4,gas,216100,automatic,fwd,sedan,grey,md
2150,2009,saturn,unknown,6,gas,201000,automatic,unknown,unknown,unknown,mi
2150,2001,ford,fair,6,gas,191000,manual,rwd,unknown,silver,va
2200,2008,pontiac,unknown,4,gas,191092,other,fwd,sedan,unknown,md
2200,2000,gmc,unknown,6,gas,199000,automatic,unknown,unknown,unknown,co
2200,2000,toyota,unknown,4,gas,145000,automatic,unknown,unknown,unknown,fl
2200,2006,volkswagen,fair,5,gas,143969,automatic,fwd,sedan,grey,ga
2200,2006,ford,good,6,gas,196733,automatic,fwd,sedan,black,mi
2200,2002,toyota,good,6,gas,200000,automatic,unknown,unknown,unknown,md
2200,1998,honda,good,4,gas,195800,automatic,fwd,coupe,green,oh
2200,2003,mitsubishi,unknown,4,gas,198000,automatic,unknown,unknown,unknown,tx
2200,2000,nissan,excellent,6,gas,137000,automatic,fwd,sedan,black,nh
2200,2007,mercury,unknown,4,gas,185958,automatic,unknown,unknown,unknown,wi
2200,2005,chrysler,fair,6,gas,197000,automatic,fwd,mini-van,red,ga
2200,2007,hyundai,good,6,gas,226000,automatic,fwd,sedan,green,ga
2200,2001,ford,good,6,gas,130000,automatic,fwd,coupe,unknown,fl
2200,2004,honda,good,4,gas,195000,automatic,unknown,unknown,unknown,oh
2200,2003,pontiac,excellent,6,gas,170000,automatic,fwd,unknown,unknown,ky
2200,1995,volvo,good,4,gas,89500,automatic,fwd,sedan,red,il
2250,2000,ford,good,6,gas,140000,manual,rwd,sedan,red,md
2300,2001,honda,unknown,4,gas,326371,automatic,unknown,unknown,unknown,ok
2300,1999,chrysler,good,6,gas,57000,automatic,unknown,convertible,white,fl
2300,2003,dodge,good,4,gas,153200,automatic,fwd,sedan,black,oh
2300,1999,honda,good,4,gas,234233,automatic,unknown,unknown,custom,va
2300,2004,chrysler,fair,4,gas,97680,automatic,fwd,unknown,blue,co
2300,1996,ford,excellent,6,gas,70000,automatic,rwd,truck,green,fl
2300,1999,honda,good,4,gas,173096,automatic,unknown,unknown,unknown,ca
2300,2002,chrysler,excellent,6,gas,151000,automatic,fwd,sedan,red,fl
2329,2004,chevrolet,good,6,gas,190000,automatic,fwd,sedan,silver,mn
2350,1998,toyota,good,6,gas,185000,automatic,fwd,coupe,green,oh
2350,2008,unknown,unknown,4,gas,167200,manual,unknown,unknown,unknown,oh
2350,2006,chrysler,excellent,6,gas,200,automatic,unknown,unknown,unknown,nc
2388,2006,ford,good,4,gas,134572,automatic,fwd,wagon,grey,mn
2399,1996,honda,unknown,4,gas,210000,automatic,unknown,unknown,unknown,ca
2400,2010,ford,good,4,gas,198000,automatic,fwd,sedan,grey,ga
2400,2000,chevrolet,unknown,8,gas,330000,automatic,unknown,unknown,unknown,ca
2400,2004,chevrolet,unknown,8,other,304024,automatic,4wd,SUV,silver,ia
2400,2018,chevrolet,good,4,gas,21000,automatic,fwd,sedan,red,ok
2450,2006,chrysler,excellent,6,gas,195,automatic,fwd,SUV,silver,mi
2450,2011,ford,unknown,4,gas,205020,manual,fwd,sedan,silver,fl
2495,2007,dodge,good,4,gas,211000,automatic,fwd,hatchback,black,or
2495,2021,ford,new,8,other,500,other,unknown,unknown,grey,ca
2499,2003,mini,excellent,4,gas,150000,manual,fwd,hatchback,blue,ma
2499,2019,chevrolet,unknown,6,gas,35000,automatic,unknown,unknown,unknown,fl
2499,2009,nissan,good,4,gas,160000,automatic,fwd,hatchback,red,nj
2500,2018,toyota,unknown,4,gas,100000,automatic,unknown,unknown,unknown,ny
2500,2001,mercedes-benz,good,6,gas,204000,automatic,rwd,sedan,silver,ca
2500,2005,mazda,fair,4,gas,170748,automatic,fwd,hatchback,grey,tx
2500,2000,toyota,good,4,gas,142349,manual,fwd,sedan,silver,nh
2500,1999,nissan,unknown,4,gas,212667,manual,unknown,unknown,unknown,tx
2500,2004,honda,unknown,6,gas,210783,automatic,unknown,unknown,blue,co
2500,2009,chevrolet,excellent,4,gas,104000,manual,fwd,hatchback,blue,dc
2500,2002,honda,good,4,gas,175494,automatic,fwd,sedan,black,mn
2500,2003,ford,excellent,6,gas,150200,automatic,fwd,sedan,silver,nj
2500,2008,subaru,good,6,gas,233000,automatic,4wd,hatchback,brown,pa
2500,2001,honda,fair,6,gas,224207,automatic,fwd,coupe,silver,nj
2500,2004,ford,unknown,6,gas,203165,other,4wd,SUV,unknown,md
2500,1996,ford,good,4,gas,238347,automatic,rwd,truck,silver,ca
2500,2007,chrysler,unknown,6,gas,170000,automatic,4wd,unknown,unknown,mi
2500,2002,toyota,fair,6,gas,194356,automatic,fwd,sedan,green,nj
2500,2008,chevrolet,good,4,gas,187000,automatic,unknown,unknown,blue,tx
2500,2006,chevrolet,unknown,6,gas,167000,automatic,unknown,unknown,unknown,nm
2500,2007,chevrolet,unknown,6,gas,156000,automatic,unknown,unknown,unknown,nm
2500,2001,toyota,good,4,gas,284100,automatic,fwd,sedan,white,ca
2500,2006,jeep,unknown,6,gas,171000,automatic,unknown,unknown,unknown,nj
2500,2007,chevrolet,unknown,6,gas,171000,automatic,unknown,unknown,unknown,ky
2500,2004,ford,fair,8,gas,244000,automatic,4wd,SUV,white,fl
2500,2004,hyundai,fair,6,gas,197600,automatic,fwd,SUV,silver,nj
2500,2012,hyundai,like new,8,gas,114089,automatic,rwd,sedan,white,tx
2500,2005,ford,good,6,gas,115082,automatic,fwd,sedan,brown,tx
2500,2002,chevrolet,good,8,gas,167022,manual,rwd,pickup,blue,ny
2500,2008,ford,good,8,diesel,129356,manual,unknown,truck,white,tx
2500,2002,jeep,unknown,6,gas,190000,automatic,unknown,unknown,unknown,de
2500,2002,honda,good,4,gas,134700,automatic,fwd,sedan,green,tx
2500,2004,ford,good,8,gas,302000,automatic,4wd,SUV,white,tx
2500,2000,ford,good,6,gas,193000,manual,4wd,unknown,grey,co
2500,1995,jaguar,good,4,gas,122000,automatic,unknown,unknown,green,ma
2500,2007,dodge,good,6,gas,106000,automatic,unknown,SUV,brown,ny
2500,2008,bmw,like new,8,gas,107000,automatic,rwd,sedan,black,oh
2500,2006,mercedes-benz,excellent,6,gas,199111,automatic,rwd,sedan,black,tx
2500,2005,honda,like new,4,gas,173246,automatic,4wd,truck,brown,fl
2500,2006,chevrolet,fair,4,gas,125266,automatic,unknown,SUV,unknown,oh
2500,2002,ford,fair,8,gas,231146,automatic,4wd,pickup,black,il
2500,2006,hyundai,good,6,gas,160000,automatic,unknown,unknown,unknown,oh
2500,1996,ram,fair,6,gas,133817,automatic,rwd,van,white,va
2500,2014,chevrolet,excellent,4,gas,170300,automatic,fwd,sedan,blue,va
2500,1998,ford,fair,8,gas,194000,automatic,4wd,pickup,white,fl
2500,2008,ford,fair,6,gas,152077,automatic,fwd,unknown,grey,mt
2500,2008,ford,good,4,gas,196355,automatic,fwd,sedan,black,pa
2500,1995,ford,good,4,gas,65090,automatic,fwd,hatchback,green,oh
2500,2003,mitsubishi,excellent,6,gas,140000,automatic,4wd,SUV,red,wi
2500,2002,toyota,unknown,6,gas,245000,automatic,unknown,unknown,unknown,mn
2500,2010,chevrolet,good,4,gas,98000,automatic,unknown,unknown,red,co
2500,2004,honda,unknown,4,gas,298474,automatic,unknown,SUV,silver,dc
2500,2010,chevrolet,excellent,4,gas,180,automatic,fwd,sedan,blue,nj
2550,2005,chevrolet,unknown,6,gas,164000,automatic,4wd,unknown,unknown,md
2595,1997,subaru,good,4,gas,215000,automatic,fwd,wagon,red,or
2595,2003,ford,excellent,8,gas,149055,automatic,4wd,pickup,red,ia
2599,2001,honda,fair,4,gas,162000,automatic,fwd,unknown,silver,sd
2600,2003,honda,good,4,gas,167000,automatic,fwd,sedan,blue,nc
2600,2009,pontiac,unknown,4,gas,173000,automatic,unknown,unknown,unknown,nv
2600,2002,subaru,good,4,gas,190,manual,4wd,unknown,unknown,ct
2600,2006,nissan,good,4,gas,120000,automatic,unknown,unknown,blue,ny
2600,2007,dodge,good,4,gas,179300,automatic,fwd,unknown,orange,ny
2600,2005,nissan,good,4,gas,121000,automatic,fwd,sedan,silver,nj
2650,2007,honda,good,4,gas,176000,automatic,fwd,hatchback,silver,mn
2650,2005,chevrolet,unknown,6,gas,190000,automatic,unknown,unknown,unknown,oh
2650,2008,chrysler,excellent,4,gas,107000,automatic,unknown,unknown,blue,fl
2695,2004,pontiac,excellent,6,gas,181422,automatic,unknown,unknown,unknown,mn
2695,2008,hyundai,unknown,4,gas,190000,automatic,unknown,unknown,unknown,ct
2699,2005,nissan,unknown,4,gas,85345,automatic,unknown,unknown,unknown,ny
2700,2005,mercury,good,6,gas,274900,automatic,4wd,sedan,blue,nc
2700,2005,nissan,good,4,gas,53000,automatic,unknown,sedan,silver,fl
2700,2008,nissan,unknown,6,gas,194232,automatic,unknown,unknown,unknown,ga
2700,2007,pontiac,excellent,6,gas,170000,automatic,fwd,unknown,red,mi
2700,2009,hyundai,unknown,4,gas,83000,automatic,unknown,unknown,unknown,ca
2700,2009,chevrolet,good,4,gas,158810,manual,fwd,coupe,black,pa
2700,2000,chevrolet,excellent,6,gas,242329,automatic,fwd,mini-van,white,wa
2700,2002,ford,excellent,6,gas,134401,automatic,fwd,sedan,silver,ga
2700,2007,ford,unknown,6,gas,230000,manual,unknown,unknown,unknown,ks
2700,2005,audi,good,4,gas,186370,automatic,4wd,sedan,grey,nj
2700,2005,chrysler,good,4,gas,183200,manual,fwd,sedan,silver,mt
2700,2003,honda,unknown,4,gas,188000,automatic,fwd,unknown,unknown,mi
2700,2015,chrysler,unknown,4,gas,118000,automatic,unknown,unknown,unknown,ga
2700,2002,subaru,good,4,gas,153000,automatic,4wd,wagon,red,nj
2750,2007,infiniti,good,6,gas,252552,automatic,unknown,sedan,black,tn
2750,2007,nissan,good,4,gas,130180,automatic,fwd,sedan,blue,ca
2780,2007,volkswagen,unknown,4,gas,171350,automatic,unknown,unknown,unknown,oh
2795,2006,toyota,excellent,6,gas,209583,automatic,fwd,mini-van,unknown,nc
2795,2001,acura,unknown,6,gas,188548,automatic,unknown,SUV,unknown,ny
2800,2006,ford,excellent,6,gas,215000,automatic,4wd,SUV,silver,oh
2800,2003,volkswagen,good,4,gas,127000,manual,fwd,hatchback,green,id
2800,2007,honda,good,6,gas,208000,automatic,fwd,van,purple,fl
2800,2008,chevrolet,unknown,8,gas,173052,automatic,unknown,unknown,unknown,tx
2800,2000,chevrolet,excellent,6,gas,157174,automatic,fwd,sedan,blue,ia
2800,2007,chrysler,good,6,gas,179414,automatic,fwd,mini-van,red,va
2800,2008,pontiac,good,4,gas,170000,automatic,fwd,coupe,yellow,fl
2800,2000,dodge,unknown,8,gas,168215,automatic,4wd,SUV,black,pa
2800,2003,toyota,excellent,6,gas,201000,automatic,fwd,mini-van,blue,ca
2800,2001,jeep,good,8,gas,275000,automatic,4wd,SUV,blue,co
2800,2000,chevrolet,fair,8,gas,167000,automatic,4wd,unknown,unknown,ny
2800,1996,lexus,good,8,gas,238000,automatic,rwd,unknown,white,mt
2800,2009,honda,fair,4,gas,214574,automatic,fwd,unknown,grey,nh
2800,2008,pontiac,good,6,gas,179000,automatic,unknown,unknown,unknown,fl
2800,2002,ford,excellent,6,gas,117231,automatic,unknown,unknown,red,nc
2800,2007,chrysler,unknown,6,gas,94000,automatic,unknown,unknown,unknown,nj
2850,2002,honda,unknown,4,gas,220000,automatic,unknown,unknown,unknown,ia
2888,2003,hyundai,good,4,gas,199000,automatic,fwd,unknown,unknown,fl
2900,2006,ford,good,4,gas,183000,manual,fwd,unknown,unknown,wi
2900,2003,nissan,good,4,gas,130000,manual,unknown,unknown,white,ut
2900,2002,honda,good,4,gas,200800,automatic,4wd,unknown,unknown,mn
2900,2003,bmw,excellent,6,gas,249235,automatic,rwd,sedan,black,md
2900,2000,chevrolet,fair,8,gas,240000,automatic,4wd,truck,silver,md
2900,2004,volvo,good,5,gas,150001,manual,unknown,unknown,unknown,tx
2900,1998,cadillac,good,8,gas,134000,automatic,fwd,sedan,black,co
2900,2008,dodge,good,6,gas,161000,automatic,unknown,unknown,silver,ny
2900,2006,dodge,excellent,6,gas,140000,automatic,fwd,mini-van,red,ia
2900,2002,mercedes-benz,good,6,gas,203550,automatic,rwd,sedan,silver,oh
2900,2007,audi,unknown,4,gas,90000,automatic,unknown,unknown,unknown,ny
2900,2007,dodge,unknown,6,gas,200000,automatic,unknown,unknown,unknown,ok
2900,1999,ford,good,8,gas,135000,automatic,4wd,pickup,blue,ct
2900,2010,volkswagen,unknown,4,gas,118000,automatic,unknown,unknown,black,dc
2900,1997,toyota,excellent,6,gas,206671,automatic,unknown,sedan,white,ca
2900,1995,ford,good,8,gas,137000,automatic,unknown,unknown,white,ca
2900,2006,mitsubishi,unknown,4,gas,212531,automatic,4wd,SUV,green,nj
2900,2005,ford,good,6,gas,237000,automatic,4wd,SUV,white,ny
2900,2002,honda,good,4,gas,246050,automatic,4wd,SUV,blue,oh
2900,2014,honda,good,4,gas,85000,automatic,fwd,sedan,white,ok
2900,2004,honda,unknown,6,gas,219000,automatic,unknown,unknown,unknown,fl
2900,2005,ford,good,6,gas,135000,automatic,fwd,sedan,silver,mn
2950,2007,toyota,good,6,gas,259000,automatic,fwd,convertible,white,az
2950,1996,ford,good,6,gas,218822,automatic,rwd,SUV,red,al
2950,2007,honda,unknown,4,gas,321671,automatic,fwd,sedan,grey,dc
2950,2007,honda,good,6,gas,239000,automatic,fwd,unknown,silver,oh
2950,2004,nissan,new,4,other,150000,automatic,fwd,other,blue,ok
2950,2004,volkswagen,unknown,4,gas,170000,automatic,unknown,unknown,unknown,in
2950,2011,ford,good,4,gas,160000,automatic,unknown,unknown,unknown,ny
2977,2007,unknown,unknown,4,gas,187500,automatic,4wd,unknown,red,id
2988,2011,nissan,unknown,4,gas,245448,automatic,fwd,sedan,blue,ma
2990,2005,honda,good,4,gas,169495,automatic,fwd,sedan,grey,pa
2995,2007,volkswagen,unknown,4,gas,149000,manual,unknown,unknown,unknown,ct
2995,2004,ford,good,4,gas,104938,automatic,fwd,unknown,grey,oh
2995,2004,hyundai,good,6,gas,158269,automatic,4wd,wagon,white,nj
2995,2013,kia,unknown,4,gas,190000,manual,unknown,unknown,unknown,fl
2995,2003,ford,unknown,6,gas,230000,automatic,unknown,unknown,unknown,mn
2995,2008,kia,excellent,4,gas,155082,automatic,fwd,sedan,blue,fl
2995,2006,ford,good,4,gas,137280,manual,fwd,sedan,blue,ia
2995,2003,volkswagen,excellent,4,gas,174977,automatic,fwd,sedan,green,fl
2995,2003,saturn,excellent,4,gas,132525,manual,fwd,SUV,red,oh
2995,2008,toyota,good,4,gas,200000,automatic,fwd,hatchback,grey,pa
2995,2011,chevrolet,excellent,8,gas,175400,automatic,rwd,SUV,white,tx
2995,2008,pontiac,fair,6,gas,195000,automatic,fwd,mini-van,blue,mi
2995,2000,honda,unknown,4,gas,250000,automatic,unknown,unknown,unknown,ny
2995,2012,infiniti,like new,6,gas,79140,automatic,4wd,sedan,black,fl
2995,2007,honda,unknown,4,gas,185000,automatic,fwd,sedan,blue,oh
2995,2007,chrysler,unknown,6,gas,138000,automatic,unknown,mini-van,unknown,ny
2995,2007,hyundai,good,4,gas,164000,manual,fwd,sedan,silver,in
2995,2010,jeep,unknown,4,gas,130221,automatic,fwd,SUV,silver,oh
2995,2006,volkswagen,excellent,4,gas,140000,automatic,fwd,hatchback,orange,il
2995,1998,ford,unknown,6,gas,201663,automatic,unknown,unknown,unknown,fl
2995,2004,ford,like new,6,gas,111000,automatic,fwd,sedan,silver,az
2999,2000,nissan,good,6,gas,185000,automatic,fwd,SUV,silver,az
2999,2008,nissan,like new,4,gas,132230,manual,fwd,hatchback,unknown,wi
2999,2005,nissan,unknown,4,gas,160000,automatic,unknown,unknown,unknown,ms
2999,2010,chevrolet,good,4,gas,200000,automatic,fwd,sedan,silver,va
2999,2011,ram,excellent,8,gas,88546,automatic,rwd,pickup,white,hi
2999,2005,nissan,like new,4,gas,119832,automatic,fwd,sedan,unknown,wi
2999,2004,acura,excellent,4,gas,118000,automatic,fwd,coupe,black,pa
2999,2004,ford,unknown,8,gas,212000,automatic,unknown,unknown,unknown,al
2999,1997,mitsubishi,excellent,6,gas,216566,automatic,4wd,SUV,green,or
2999,2016,chevrolet,like new,4,gas,85000,automatic,unknown,unknown,blue,tx
2999,2006,subaru,good,4,gas,104000,automatic,4wd,sedan,red,ny
2999,2003,honda,like new,6,gas,109075,automatic,fwd,mini-van,silver,wi
2999,2002,buick,like new,6,gas,126650,automatic,fwd,sedan,unknown,wi
2999,2010,chevrolet,excellent,6,gas,344000,automatic,fwd,SUV,white,ks
3000,2009,dodge,good,4,gas,262875,automatic,fwd,hatchback,blue,va
3000,2003,ford,good,8,gas,192000,automatic,rwd,sedan,white,tx
3000,2002,unknown,good,6,gas,133564,automatic,4wd,SUV,black,il
3000,2000,dodge,fair,8,gas,233000,automatic,4wd,SUV,red,tn
3000,2004,ford,good,8,gas,137000,automatic,rwd,sedan,black,wi
3000,2019,chevrolet,unknown,8,gas,22563,automatic,unknown,unknown,unknown,ca
3000,1996,ram,unknown,8,gas,180000,automatic,unknown,unknown,unknown,il
3000,2007,subaru,good,6,gas,190000,automatic,4wd,SUV,silver,fl
3000,2001,mitsubishi,good,6,gas,177200,automatic,rwd,SUV,blue,nc
3000,2001,bmw,good,4,gas,145432,automatic,rwd,sedan,blue,or
3000,1998,bmw,good,6,gas,101822,automatic,fwd,sedan,black,tx
3000,2013,unknown,good,4,gas,141000,automatic,fwd,coupe,silver,ct
3000,2013,mercedes-benz,unknown,4,gas,84000,automatic,unknown,sedan,unknown,tx
3000,1997,ford,excellent,6,gas,175000,automatic,fwd,sedan,blue,nm
3000,2002,ford,good,6,gas,178000,automatic,4wd,hatchback,grey,ca
3000,2007,lexus,good,6,gas,205693,automatic,4wd,SUV,silver,il
3000,2006,chevrolet,excellent,6,gas,202639,automatic,fwd,sedan,blue,mi
3000,2009,pontiac,excellent,6,gas,145000,automatic,unknown,unknown,unknown,tx
3000,2008,nissan,unknown,4,gas,197000,automatic,unknown,unknown,unknown,ga
3000,2010,ford,fair,6,gas,235000,automatic,fwd,unknown,white,tn
3000,2008,honda,excellent,4,gas,91000,automatic,fwd,SUV,silver,ca
3000,2001,bmw,good,8,gas,148000,automatic,rwd,sedan,silver,ny
3000,2002,ford,good,6,gas,106000,automatic,4wd,SUV,white,ma
3000,2005,ford,fair,6,gas,240000,automatic,fwd,pickup,grey,ca
3000,2011,bmw,fair,4,gas,136000,automatic,4wd,sedan,black,ct
3000,1995,chevrolet,good,8,diesel,318000,automatic,rwd,truck,white,in
3000,2001,bmw,unknown,6,gas,145678,automatic,rwd,sedan,blue,nj
3000,1997,honda,unknown,4,gas,237000,automatic,unknown,unknown,unknown,ca
3000,2001,harley-davidson,fair,8,gas,200000,automatic,fwd,truck,black,hi
3000,2008,nissan,excellent,6,gas,194887,automatic,fwd,mini-van,brown,tn
3000,2004,chevrolet,good,6,gas,177030,automatic,unknown,sedan,white,tn
3000,1996,jeep,good,6,gas,203000,automatic,4wd,SUV,white,tn
3000,2015,jeep,like new,6,gas,100256,automatic,rwd,other,white,tx
3000,1998,cadillac,good,8,gas,113651,automatic,fwd,sedan,white,wa
3000,2006,saturn,good,4,gas,84000,automatic,fwd,sedan,unknown,oh
3000,1997,toyota,like new,4,gas,141000,automatic,fwd,sedan,green,ny
3000,2005,ford,unknown,6,gas,219476,automatic,4wd,SUV,silver,ny
3000,2007,chevrolet,unknown,6,gas,190700,automatic,unknown,unknown,unknown,oh
3000,2004,toyota,good,4,gas,173000,manual,fwd,hatchback,grey,ca
3000,2002,mercury,unknown,8,gas,106000,automatic,unknown,unknown,unknown,nj
3000,2002,pontiac,unknown,6,gas,90000,automatic,unknown,unknown,unknown,co
3000,1997,chevrolet,good,8,gas,160000,automatic,rwd,truck,white,ny
3000,2001,toyota,good,4,gas,147000,automatic,fwd,sedan,silver,ma
3000,2001,honda,excellent,6,gas,209000,manual,unknown,unknown,unknown,va
3000,2008,chevrolet,good,6,gas,105000,automatic,rwd,van,silver,mi
3000,2010,ford,unknown,4,gas,196000,automatic,unknown,unknown,unknown,il
3000,1998,mercedes-benz,fair,4,gas,198727,automatic,rwd,unknown,unknown,az
3000,2006,honda,good,4,gas,107000,automatic,fwd,sedan,blue,fl
3000,2000,honda,good,6,gas,192000,automatic,unknown,unknown,unknown,co
3100,2002,jaguar,good,8,gas,102000,automatic,rwd,sedan,silver,ca
3100,2005,honda,good,6,gas,231000,automatic,fwd,mini-van,silver,ia
3100,2009,dodge,unknown,6,gas,160201,other,rwd,sedan,silver,md
3100,2014,jeep,unknown,4,gas,112975,automatic,4wd,SUV,black,oh
3100,2009,hyundai,good,4,gas,106000,automatic,unknown,unknown,unknown,nj
3100,2010,nissan,unknown,4,gas,135000,automatic,unknown,unknown,unknown,ne
3199,2001,subaru,excellent,4,gas,193000,automatic,4wd,unknown,white,ca
3200,2007,saturn,good,4,gas,144055,automatic,fwd,sedan,grey,oh
3200,2004,chrysler,good,6,gas,162000,automatic,4wd,SUV,silver,fl
3200,2004,pontiac,unknown,6,gas,166105,automatic,unknown,unknown,unknown,il
3200,2001,volvo,good,6,gas,107000,automatic,fwd,sedan,silver,md
3200,1996,jeep,good,8,gas,175000,automatic,4wd,SUV,green,mt
3200,2013,dodge,good,4,gas,97035,automatic,unknown,unknown,unknown,tx
3200,2011,ford,fair,4,gas,154092,automatic,rwd,sedan,black,nd
3200,2010,ford,unknown,4,gas,146000,automatic,unknown,unknown,unknown,mn
3200,2002,honda,like new,6,gas,130,automatic,fwd,sedan,green,ca
3200,2006,chrysler,excellent,6,gas,106010,automatic,4wd,wagon,silver,wi
3200,2006,volkswagen,excellent,6,gas,177323,automatic,fwd,sedan,black,va
3200,2006,buick,good,4,gas,177000,automatic,4wd,sedan,blue,or
3200,2004,infiniti,unknown,8,gas,200000,automatic,unknown,unknown,unknown,ca
3200,2006,dodge,good,6,gas,170100,automatic,unknown,unknown,unknown,ca
3250,2002,ford,good,8,gas,179000,automatic,4wd,pickup,silver,mn
3250,2010,hyundai,excellent,4,gas,137000,automatic,unknown,unknown,blue,or
3250,1997,toyota,good,4,gas,180,automatic,fwd,sedan,unknown,tn
3265,2006,audi,good,4,gas,147500,other,fwd,hatchback,black,ny
3290,2008,kia,excellent,4,gas,161000,automatic,fwd,sedan,black,fl
3295,2010,mazda,excellent,4,gas,177078,automatic,fwd,sedan,blue,oh
3300,2001,honda,good,4,gas,109646,automatic,fwd,sedan,black,nc
3300,2008,bmw,fair,6,gas,167324,automatic,unknown,unknown,grey,ma
3300,2003,lexus,excellent,6,gas,175984,automatic,fwd,sedan,white,oh
3300,2006,toyota,excellent,6,gas,181000,automatic,fwd,sedan,grey,ga
3300,2009,chevrolet,unknown,4,gas,161000,automatic,fwd,unknown,unknown,nc
3300,2011,hyundai,like new,4,gas,135412,automatic,fwd,sedan,blue,nj
3300,2003,ford,unknown,8,gas,100000,manual,unknown,unknown,unknown,ms
3300,2007,unknown,good,8,gas,194000,automatic,4wd,SUV,black,ma
3321,2003,buick,unknown,6,gas,161188,automatic,fwd,unknown,unknown,in
3333,1995,gmc,fair,8,gas,249000,automatic,rwd,truck,white,co
3350,2001,ford,good,4,gas,211000,automatic,fwd,truck,black,sc
3395,2001,mercury,excellent,6,gas,162943,automatic,fwd,mini-van,red,ca
3400,2002,honda,good,4,gas,250000,automatic,fwd,unknown,unknown,nc
3400,2001,honda,good,4,gas,164000,automatic,fwd,sedan,unknown,ny
3400,2014,jeep,good,6,gas,95000,automatic,rwd,SUV,white,ok
3400,2006,toyota,excellent,4,gas,180000,automatic,unknown,unknown,unknown,va
3400,2006,toyota,good,6,gas,240000,automatic,unknown,unknown,unknown,or
3400,2002,saturn,excellent,6,gas,78444,automatic,fwd,sedan,blue,fl
3400,2004,ford,good,6,gas,146400,automatic,rwd,truck,black,mi
3400,2005,nissan,excellent,6,gas,160000,automatic,fwd,other,custom,fl
3400,2006,subaru,good,4,gas,155000,automatic,4wd,wagon,custom,ca
3400,2003,honda,good,6,gas,232172,automatic,unknown,unknown,unknown,ca
3400,2013,bmw,good,4,gas,114000,automatic,fwd,sedan,blue,ok
3400,2008,chevrolet,unknown,6,gas,165094,automatic,unknown,unknown,unknown,il
3400,1999,dodge,fair,10,gas,143655,manual,4wd,truck,silver,pa
3400,2007,hyundai,fair,4,gas,78038,automatic,fwd,sedan,silver,nc
3450,2000,lexus,unknown,6,gas,183000,automatic,unknown,unknown,unknown,ca
3450,2007,ford,unknown,6,gas,164421,automatic,fwd,sedan,unknown,al
3450,2002,toyota,fair,6,gas,228395,automatic,fwd,sedan,silver,mo
3450,2008,ford,excellent,6,gas,180,automatic,unknown,sedan,white,dc
3450,2010,chevrolet,excellent,4,gas,147200,automatic,fwd,sedan,red,fl
3450,2008,ram,unknown,8,gas,165811,automatic,unknown,unknown,unknown,tn
3475,2005,cadillac,unknown,8,gas,259337,automatic,unknown,SUV,white,al
3478,2005,ram,good,8,gas,212000,automatic,4wd,pickup,silver,oh
3488,2002,saturn,excellent,4,gas,198573,manual,fwd,unknown,white,wa
3488,2007,ford,unknown,6,gas,179895,automatic,unknown,SUV,black,ma
3490,2007,chevrolet,unknown,6,gas,164690,automatic,4wd,SUV,grey,me
3490,1999,pontiac,excellent,4,gas,52445,automatic,fwd,sedan,green,ca
3495,2004,mercury,unknown,6,gas,163288,automatic,unknown,sedan,black,ut
3495,2002,ford,unknown,6,gas,141013,automatic,4wd,unknown,black,mn
3495,2006,chevrolet,excellent,6,gas,165212,automatic,unknown,SUV,silver,tx
3495,2006,dodge,unknown,6,gas,105000,automatic,unknown,truck,white,mn
3495,2003,chevrolet,good,8,gas,258000,automatic,rwd,SUV,white,co
3495,2011,ford,unknown,4,gas,168102,manual,unknown,unknown,unknown,mi
3495,2007,pontiac,good,6,gas,196000,automatic,fwd,sedan,red,nj
3495,2017,cadillac,excellent,6,gas,105458,automatic,fwd,unknown,white,tx
3495,2005,nissan,good,6,gas,167484,automatic,4wd,SUV,silver,co
3495,2012,hyundai,good,4,gas,120000,automatic,rwd,hatchback,blue,ma
3495,2004,toyota,unknown,4,gas,209957,automatic,fwd,sedan,black,pa
3495,2004,chevrolet,unknown,8,gas,180,automatic,unknown,SUV,white,dc
3495,2005,honda,unknown,4,gas,197575,automatic,fwd,sedan,black,vt
3495,2007,volvo,like new,6,gas,231425,automatic,4wd,unknown,green,ma
3495,2003,chevrolet,good,8,gas,183000,automatic,4wd,SUV,black,ks
3495,2004,volvo,unknown,5,gas,167609,automatic,unknown,sedan,unknown,ma
3495,2004,chrysler,unknown,6,gas,90800,automatic,unknown,unknown,unknown,mn
3499,2004,infiniti,good,6,gas,185738,automatic,4wd,sedan,custom,mn
3499,2005,unknown,excellent,6,gas,134000,automatic,rwd,sedan,white,ny
3499,2001,honda,good,4,gas,164000,automatic,fwd,sedan,unknown,ct
3499,2007,nissan,good,6,gas,99000,automatic,fwd,mini-van,silver,ca
3500,2005,chrysler,good,4,gas,105000,automatic,rwd,convertible,black,ny
3500,2002,cadillac,good,8,gas,94837,automatic,fwd,sedan,brown,az
3500,2007,nissan,good,4,gas,185000,automatic,fwd,sedan,white,ky
3500,2001,nissan,excellent,4,gas,100921,automatic,fwd,sedan,custom,pa
3500,2006,toyota,unknown,4,gas,150000,automatic,unknown,unknown,unknown,ca
3500,2010,dodge,good,6,gas,125000,automatic,fwd,mini-van,unknown,nm
3500,2004,chevrolet,unknown,6,gas,190000,automatic,unknown,unknown,unknown,wi
3500,2003,ford,excellent,6,gas,95400,automatic,fwd,sedan,brown,ca
3500,1999,ford,good,8,gas,197000,automatic,4wd,SUV,green,tx
3500,2001,ram,unknown,8,gas,200000,automatic,4wd,unknown,unknown,ks
3500,2005,honda,good,4,gas,160759,automatic,fwd,coupe,silver,pa
3500,2018,honda,unknown,4,gas,38000,automatic,unknown,unknown,unknown,la
3500,2005,ford,new,8,gas,150000,automatic,4wd,sedan,black,mi
3500,2007,unknown,excellent,6,gas,179000,manual,fwd,unknown,blue,md
3500,2002,nissan,unknown,4,gas,156000,automatic,unknown,unknown,unknown,ct
3500,2005,chevrolet,unknown,8,gas,172110,other,4wd,truck,black,md
3500,2007,honda,good,4,gas,201500,manual,fwd,sedan,black,ca
3500,2015,bmw,excellent,4,gas,61000,automatic,unknown,unknown,unknown,tx
3500,2013,hyundai,unknown,4,gas,180000,automatic,unknown,unknown,unknown,md
3500,2009,audi,excellent,8,gas,120505,manual,4wd,coupe,blue,vt
3500,2010,honda,fair,4,diesel,195000,automatic,fwd,hatchback,white,nj
3500,2003,pontiac,like new,6,gas,103000,automatic,rwd,unknown,white,nj
3500,2009,chrysler,excellent,6,gas,130000,automatic,unknown,sedan,blue,nj
3500,2002,ford,good,6,gas,183000,automatic,4wd,pickup,unknown,wi
3500,2008,honda,excellent,4,gas,230896,manual,unknown,hatchback,silver,oh
3500,2005,honda,unknown,4,gas,140000,automatic,unknown,unknown,unknown,fl
3500,1998,volvo,fair,6,gas,189000,automatic,fwd,sedan,white,nc
3500,2001,ford,fair,8,gas,173000,automatic,rwd,unknown,black,mi
3500,2012,unknown,excellent,6,gas,168000,automatic,unknown,unknown,unknown,nj
3500,2003,gmc,unknown,8,gas,213000,automatic,unknown,unknown,black,id
3500,2004,nissan,good,8,gas,200000,automatic,4wd,SUV,silver,mi
3500,2009,toyota,fair,4,gas,218747,automatic,fwd,unknown,grey,ca
3500,2005,chrysler,excellent,6,gas,180000,automatic,unknown,unknown,unknown,nc
3500,1995,mercedes-benz,unknown,6,gas,62523,automatic,unknown,unknown,unknown,oh
3500,1995,lincoln,excellent,8,gas,120600,automatic,rwd,sedan,white,nc
3500,2005,honda,good,6,gas,175265,automatic,4wd,SUV,silver,az
3500,2011,bmw,excellent,6,gas,115000,automatic,unknown,unknown,unknown,ny
3500,2003,cadillac,excellent,8,gas,75000,automatic,fwd,unknown,black,ca
3500,2000,chevrolet,good,6,gas,182484,automatic,unknown,van,unknown,pa
3500,2006,toyota,good,4,gas,148700,automatic,rwd,sedan,silver,wv
3500,2009,gmc,fair,4,gas,160024,automatic,fwd,SUV,white,tx
3500,1999,toyota,good,6,gas,213000,manual,fwd,unknown,silver,ca
3500,2002,hyundai,like new,4,gas,161000,automatic,fwd,hatchback,blue,ca
3500,2006,volkswagen,excellent,6,gas,190000,automatic,fwd,sedan,black,md
3500,2005,nissan,like new,6,gas,170000,automatic,4wd,SUV,unknown,in
3500,2006,toyota,good,6,gas,92000,automatic,fwd,sedan,blue,fl
3500,2008,kia,good,4,gas,108000,automatic,fwd,sedan,red,mi
3500,1996,nissan,good,4,gas,178893,automatic,rwd,truck,green,nc
3500,2010,dodge,good,6,gas,159090,automatic,rwd,unknown,red,oh
3500,2004,toyota,excellent,6,gas,224000,automatic,fwd,mini-van,grey,nc
3500,2005,ford,fair,6,gas,146758,automatic,unknown,SUV,grey,md
3500,2004,chrysler,excellent,4,gas,70215,automatic,fwd,sedan,white,oh
3500,2006,dodge,unknown,6,gas,80415,automatic,fwd,sedan,red,dc
3500,2006,ford,salvage,8,gas,162000,automatic,4wd,van,grey,pa
3500,2008,dodge,good,4,gas,120800,automatic,fwd,hatchback,silver,pa
3500,2001,chevrolet,good,8,gas,226000,automatic,unknown,SUV,grey,oh
3500,2011,chevrolet,good,4,gas,201035,automatic,unknown,unknown,unknown,tx
3500,2000,acura,excellent,6,gas,178000,automatic,fwd,sedan,brown,tn
3500,2007,ford,excellent,4,gas,167000,automatic,fwd,unknown,white,pa
3550,2003,nissan,excellent,6,gas,140000,manual,unknown,sedan,red,nm
3588,2007,mitsubishi,excellent,4,gas,126000,automatic,unknown,sedan,unknown,fl
3595,2010,chevrolet,excellent,6,gas,205153,automatic,fwd,sedan,blue,or
3599,2003,ford,good,6,gas,222000,manual,rwd,pickup,black,oh
3600,2006,nissan,fair,6,gas,160000,automatic,rwd,SUV,unknown,hi
3600,2011,hyundai,good,4,gas,212900,manual,fwd,sedan,blue,oh
3600,2003,toyota,excellent,4,gas,144100,automatic,unknown,unknown,silver,ga
3600,1999,buick,unknown,6,gas,185761,automatic,unknown,unknown,unknown,fl
3611,2005,unknown,good,6,gas,157267,automatic,fwd,mini-van,blue,sc
3650,2004,toyota,good,4,gas,120974,automatic,unknown,coupe,white,va
3650,2005,ford,unknown,6,gas,100000,automatic,unknown,unknown,unknown,mi
3699,2006,pontiac,excellent,4,gas,160000,automatic,unknown,unknown,unknown,ny
3700,2002,chevrolet,unknown,6,gas,89000,automatic,unknown,unknown,unknown,oh
3700,2002,toyota,good,6,gas,194950,automatic,fwd,coupe,green,pa
3700,1998,honda,like new,6,gas,128000,automatic,fwd,sedan,black,ca
3700,2003,jeep,good,6,gas,149500,automatic,unknown,unknown,unknown,va
3700,1997,buick,excellent,6,gas,195410,automatic,fwd,coupe,white,va
3700,2002,ford,unknown,8,gas,154000,automatic,unknown,unknown,unknown,az
3700,2002,honda,like new,4,gas,203111,automatic,4wd,SUV,unknown,ny
3700,2001,honda,like new,4,gas,190000,automatic,fwd,sedan,white,tx
3700,2001,honda,good,4,gas,128000,automatic,4wd,unknown,silver,co
3700,1999,pontiac,good,6,gas,109000,automatic,fwd,mini-van,blue,fl
3700,2007,toyota,good,4,hybrid,191913,automatic,fwd,sedan,silver,nc
3700,2002,toyota,good,6,gas,270000,manual,4wd,unknown,white,vt
3700,2009,honda,like new,4,hybrid,231113,automatic,fwd,sedan,silver,ny
3700,2012,buick,excellent,4,gas,138000,automatic,fwd,sedan,white,mi
3700,2007,mitsubishi,good,4,gas,125605,automatic,fwd,coupe,unknown,nv
3700,1997,lincoln,excellent,8,gas,106500,automatic,rwd,sedan,brown,ma
3750,2006,subaru,good,4,gas,168000,manual,4wd,wagon,custom,nm
3750,2002,chevrolet,good,4,gas,62133,automatic,fwd,sedan,silver,pa
3750,2004,chevrolet,excellent,6,gas,136000,automatic,fwd,coupe,red,nm
3750,2003,chevrolet,excellent,6,gas,79000,automatic,rwd,sedan,unknown,tx
3795,2009,nissan,unknown,4,gas,127000,automatic,unknown,unknown,unknown,pa
3795,2004,infiniti,excellent,6,gas,128508,automatic,fwd,sedan,black,nh
3795,2007,volkswagen,like new,4,gas,107000,automatic,unknown,unknown,unknown,ca
3795,2007,ford,unknown,4,gas,141000,automatic,unknown,unknown,unknown,md
3800,2007,ford,excellent,4,gas,153000,automatic,fwd,hatchback,grey,sc
3800,2005,jeep,good,6,gas,129000,automatic,rwd,SUV,blue,fl
3800,2004,ford,like new,8,gas,180032,automatic,4wd,SUV,red,ny
3800,1996,jeep,unknown,6,gas,233500,automatic,unknown,unknown,unknown,ny
3800,2007,unknown,unknown,6,diesel,215802,automatic,unknown,unknown,unknown,ri
3800,2002,toyota,excellent,4,gas,178550,automatic,fwd,sedan,silver,fl
3800,2012,chevrolet,excellent,6,gas,163032,automatic,fwd,sedan,black,mi
3800,2003,acura,fair,6,gas,245000,automatic,unknown,unknown,white,ca
3800,2004,toyota,unknown,6,gas,208534,automatic,4wd,SUV,blue,nj
3800,2005,buick,good,6,gas,107000,automatic,fwd,sedan,silver,md
3800,2001,chevrolet,good,8,gas,350000,automatic,rwd,pickup,unknown,nc
3800,2004,volkswagen,good,4,gas,120000,automatic,fwd,sedan,silver,in
3800,2007,honda,fair,6,gas,260000,automatic,4wd,SUV,green,nd
3800,2006,kia,unknown,6,gas,112412,automatic,fwd,sedan,grey,al
3800,2005,unknown,unknown,6,diesel,218033,automatic,unknown,unknown,unknown,me
3800,2008,unknown,good,6,gas,176000,automatic,rwd,sedan,silver,nc
3800,2005,buick,good,6,gas,139000,automatic,fwd,mini-van,white,fl
3800,2003,mazda,unknown,4,gas,82195,automatic,fwd,sedan,silver,nj
3800,2008,ford,good,4,gas,118000,manual,unknown,sedan,blue,ca
3800,2003,mitsubishi,good,6,gas,134000,automatic,fwd,coupe,red,ga
3850,2006,mercury,good,8,gas,93000,automatic,fwd,unknown,unknown,nj
3850,2003,bmw,excellent,3,gas,163000,automatic,unknown,unknown,unknown,de
3850,2001,chevrolet,good,6,gas,298700,automatic,4wd,truck,green,ar
3850,2001,ford,unknown,8,gas,327000,automatic,unknown,unknown,unknown,ga
3850,2003,mazda,excellent,6,gas,150110,automatic,4wd,SUV,silver,ks
3850,2002,honda,excellent,6,gas,122000,automatic,fwd,mini-van,brown,ny
3850,2006,bmw,unknown,6,gas,150000,automatic,unknown,unknown,unknown,tx
3895,2005,buick,excellent,6,gas,124262,automatic,unknown,sedan,white,co
3900,2002,volkswagen,excellent,4,gas,152510,automatic,unknown,sedan,unknown,pa
3900,2004,honda,unknown,4,gas,144000,manual,unknown,unknown,unknown,ca
3900,2012,chrysler,unknown,4,gas,176744,automatic,fwd,sedan,grey,dc
3900,2001,chevrolet,good,8,gas,37000,automatic,4wd,pickup,white,ct
3900,2005,chevrolet,unknown,6,gas,200000,automatic,4wd,unknown,unknown,mi
3900,2000,honda,excellent,4,gas,186500,automatic,4wd,SUV,white,fl
3900,2009,toyota,salvage,4,gas,162000,automatic,unknown,unknown,blue,ca
3900,2006,subaru,good,4,gas,146335,automatic,4wd,unknown,grey,tx
3900,1999,lincoln,excellent,6,gas,133000,automatic,rwd,sedan,custom,ia
3900,2002,subaru,good,4,gas,90409,automatic,4wd,hatchback,red,ky
3900,2009,nissan,excellent,6,gas,199000,automatic,4wd,SUV,black,oh
3900,2005,ford,good,6,gas,241000,automatic,4wd,SUV,blue,az
3900,2008,nissan,unknown,4,gas,180000,automatic,unknown,unknown,unknown,fl
3900,2003,honda,excellent,6,gas,212000,automatic,unknown,unknown,unknown,wi
3900,2011,chevrolet,unknown,6,gas,150000,automatic,unknown,unknown,unknown,in
3900,2008,volvo,excellent,5,gas,165000,automatic,unknown,unknown,silver,wv
3900,1997,ram,good,8,gas,285356,automatic,4wd,truck,red,ks
3900,1997,unknown,excellent,4,gas,223000,manual,rwd,truck,red,ar
3900,2009,ford,good,4,gas,141000,automatic,fwd,unknown,silver,mi
3900,2007,chevrolet,good,5,gas,220000,automatic,rwd,truck,white,al
3900,2006,mazda,excellent,4,gas,163000,automatic,unknown,sedan,silver,de
3900,2010,chevrolet,good,6,gas,107000,automatic,unknown,sedan,black,oh
3900,2005,chevrolet,excellent,6,gas,146000,automatic,fwd,van,white,il
3900,2008,mazda,good,4,gas,112000,automatic,fwd,hatchback,silver,hi
3950,1999,ford,good,8,gas,167000,automatic,rwd,convertible,silver,ar
3950,2005,volvo,excellent,5,gas,176000,automatic,unknown,unknown,unknown,nv
3950,2005,ford,excellent,6,gas,165904,automatic,fwd,mini-van,blue,in
3950,2007,chrysler,unknown,6,gas,129000,automatic,unknown,unknown,unknown,tx
3950,2008,jeep,excellent,4,gas,189250,automatic,4wd,unknown,unknown,pa
3950,2008,nissan,excellent,6,hybrid,210000,automatic,unknown,unknown,unknown,nc
3950,2004,chevrolet,excellent,6,gas,107000,automatic,fwd,unknown,unknown,mo
3950,2008,chrysler,like new,4,gas,140652,automatic,fwd,hatchback,red,mi
3950,2008,toyota,unknown,4,gas,195000,manual,unknown,unknown,unknown,ct
3950,1997,chevrolet,fair,8,gas,141474,manual,rwd,unknown,white,ia
3950,2003,chrysler,excellent,6,gas,122000,automatic,fwd,unknown,green,or
3950,2006,acura,unknown,6,gas,151000,automatic,unknown,unknown,unknown,tx
3950,2005,toyota,good,4,gas,187048,automatic,fwd,sedan,silver,il
3950,2005,pontiac,like new,6,gas,200000,automatic,fwd,sedan,silver,ca
3950,2013,volkswagen,unknown,4,gas,169,automatic,unknown,unknown,unknown,oh
3970,2002,dodge,excellent,8,gas,193000,automatic,fwd,SUV,grey,ca
3975,2009,honda,unknown,4,gas,201000,automatic,unknown,coupe,blue,nj
3975,2000,honda,good,4,gas,80000,automatic,fwd,sedan,white,fl
3988,2004,ford,unknown,6,gas,216911,automatic,4wd,SUV,blue,ma
3988,1996,chevrolet,unknown,6,gas,125087,automatic,unknown,other,green,il
3988,2009,volkswagen,excellent,5,gas,227299,automatic,fwd,sedan,white,ca
3990,2004,ford,good,6,gas,116000,automatic,fwd,sedan,red,ia
3990,1998,unknown,unknown,8,gas,139142,automatic,unknown,unknown,unknown,wa
3990,1999,dodge,unknown,6,gas,121305,automatic,fwd,pickup,white,va
3990,2002,honda,good,4,gas,136230,automatic,unknown,unknown,unknown,nj
3991,2009,hyundai,good,4,gas,154451,other,fwd,hatchback,blue,ks
3994,2003,cadillac,unknown,8,gas,189830,automatic,fwd,sedan,grey,oh
3995,2007,volkswagen,excellent,5,gas,162788,automatic,unknown,sedan,unknown,ia
3995,2008,honda,good,4,gas,214000,automatic,fwd,hatchback,blue,sd
3995,1998,ford,good,8,gas,210508,automatic,4wd,SUV,red,ia
3995,2004,bmw,excellent,6,gas,125000,automatic,rwd,convertible,silver,fl
3995,2007,honda,good,4,gas,223000,automatic,fwd,sedan,blue,ca
3995,2010,unknown,unknown,6,gas,224692,automatic,unknown,unknown,unknown,mi
3995,2006,subaru,excellent,4,gas,140000,manual,4wd,sedan,silver,ny
3995,2001,bmw,good,6,gas,191000,automatic,rwd,sedan,grey,ca
3995,2011,ford,unknown,4,gas,152345,automatic,unknown,hatchback,unknown,me
3995,2004,mercury,unknown,6,gas,97000,automatic,fwd,sedan,unknown,oh
3995,2007,toyota,unknown,6,gas,219000,automatic,unknown,unknown,unknown,ga
3995,2004,honda,good,6,diesel,185600,automatic,fwd,mini-van,blue,ks
3995,2005,subaru,like new,4,gas,154223,automatic,4wd,unknown,unknown,co
3995,2004,mitsubishi,excellent,4,gas,199943,automatic,unknown,unknown,unknown,ca
3995,2003,ford,unknown,8,gas,151539,automatic,unknown,unknown,unknown,wi
3995,2005,kia,unknown,6,gas,125942,automatic,unknown,unknown,unknown,mi
3995,2006,chrysler,excellent,6,gas,130000,automatic,4wd,SUV,blue,mi
3995,1996,ford,excellent,6,gas,185485,automatic,4wd,SUV,red,ga
3995,2010,jeep,unknown,4,gas,150083,other,unknown,unknown,unknown,me
3995,1997,volkswagen,excellent,4,gas,125000,manual,fwd,convertible,green,fl
3995,2008,jeep,good,8,gas,259500,automatic,4wd,SUV,red,wi
3995,2008,unknown,excellent,6,gas,165221,automatic,4wd,SUV,red,de
3995,2004,cadillac,good,6,gas,121549,automatic,unknown,sedan,white,wa
3995,2005,volvo,excellent,6,gas,142040,automatic,fwd,sedan,silver,mi
3995,2001,toyota,unknown,6,gas,243000,automatic,4wd,SUV,blue,ia
3995,2007,mercury,excellent,6,gas,135000,automatic,fwd,unknown,red,mn
3995,2008,ford,good,8,gas,180000,automatic,4wd,truck,black,me
3995,2010,chrysler,like new,4,gas,130000,automatic,fwd,sedan,red,mi
3995,2008,mazda,unknown,4,gas,186000,automatic,fwd,unknown,unknown,pa
3995,2006,toyota,unknown,4,gas,172472,automatic,fwd,sedan,unknown,pa
3995,2004,toyota,unknown,4,gas,220050,automatic,fwd,SUV,silver,il
3995,2002,chevrolet,excellent,6,gas,176321,automatic,rwd,SUV,unknown,ca
3995,2005,hyundai,unknown,4,gas,149010,manual,unknown,unknown,unknown,wv
3995,1995,chevrolet,unknown,6,gas,186404,manual,unknown,unknown,unknown,nc
3995,2008,honda,unknown,4,gas,158904,automatic,unknown,other,black,ok
3995,2004,volvo,excellent,6,gas,226495,automatic,unknown,unknown,unknown,or
3997,2006,buick,unknown,6,gas,220445,automatic,fwd,sedan,unknown,co
3998,2005,kia,excellent,6,gas,153000,automatic,fwd,SUV,red,ok
3999,2005,subaru,excellent,4,gas,124310,manual,4wd,wagon,white,ma
3999,2007,subaru,like new,4,gas,113660,automatic,4wd,wagon,unknown,wi
3999,2009,toyota,excellent,4,gas,200625,manual,fwd,sedan,blue,ca
3999,2002,chevrolet,unknown,6,gas,105000,automatic,unknown,unknown,unknown,ny
3999,2001,dodge,unknown,8,gas,175126,automatic,4wd,pickup,black,mn
3999,2007,honda,like new,6,gas,190000,automatic,4wd,SUV,black,md
3999,2011,mazda,like new,4,gas,156359,automatic,fwd,sedan,unknown,wi
3999,2007,buick,like new,6,gas,120110,automatic,fwd,sedan,unknown,wi
3999,2010,subaru,good,4,gas,223428,automatic,4wd,sedan,blue,nh
3999,2012,ford,excellent,4,gas,203000,automatic,fwd,unknown,unknown,or
3999,2008,chevrolet,unknown,4,gas,154774,automatic,unknown,SUV,unknown,ny
3999,2007,volkswagen,unknown,5,gas,115000,manual,fwd,coupe,silver,pa
3999,2002,jeep,excellent,6,gas,154745,automatic,4wd,SUV,green,va
3999,2000,toyota,excellent,6,gas,147594,automatic,fwd,mini-van,unknown,va
4000,2007,kia,like new,4,gas,93000,automatic,fwd,sedan,red,ri
4000,1997,jeep,good,6,gas,161000,automatic,4wd,sedan,blue,mi
4000,2004,ford,good,6,gas,99800,automatic,4wd,SUV,green,pa
4000,2004,gmc,good,8,gas,200000,automatic,rwd,SUV,black,tx
4000,2007,toyota,good,4,gas,202600,automatic,fwd,sedan,green,mn
4000,2012,nissan,excellent,4,gas,116000,automatic,fwd,sedan,silver,tx
4000,2000,ford,unknown,8,gas,190000,automatic,unknown,unknown,unknown,tn
4000,1998,chevrolet,unknown,8,gas,84999,automatic,unknown,unknown,unknown,ca
4000,2014,dodge,unknown,4,gas,154000,automatic,fwd,sedan,black,la
4000,2005,acura,good,6,gas,222871,automatic,fwd,unknown,black,fl
4000,1997,ford,excellent,8,gas,197000,automatic,fwd,SUV,silver,ca
4000,2007,ford,unknown,8,gas,137000,automatic,unknown,unknown,unknown,nc
4000,2011,toyota,good,4,hybrid,275000,automatic,fwd,hatchback,unknown,vt
4000,2005,chevrolet,fair,6,gas,174000,automatic,4wd,SUV,grey,or
4000,2012,nissan,unknown,4,gas,156000,automatic,unknown,unknown,unknown,pa
4000,2009,cadillac,unknown,6,gas,173000,automatic,unknown,unknown,unknown,il
4000,2005,toyota,excellent,4,gas,216000,automatic,fwd,sedan,silver,co
4000,2005,lexus,unknown,6,gas,150900,automatic,fwd,sedan,grey,or
4000,1999,bmw,good,6,gas,194000,manual,rwd,sedan,silver,nc
4000,2010,unknown,good,4,gas,173000,automatic,unknown,unknown,unknown,in
4000,1998,chevrolet,unknown,8,diesel,110000,automatic,unknown,unknown,unknown,ny
4000,2003,ford,good,8,gas,175000,automatic,4wd,truck,red,in
4000,2001,subaru,unknown,4,gas,274712,automatic,4wd,wagon,unknown,wa
4000,2003,honda,good,6,gas,202000,automatic,4wd,SUV,silver,or
4000,2006,unknown,good,8,gas,166000,automatic,unknown,truck,yellow,la
4000,1996,ford,good,8,gas,196000,automatic,rwd,van,grey,ut
4000,2012,volkswagen,excellent,4,gas,76816,automatic,fwd,unknown,unknown,tx
4000,2006,honda,excellent,4,gas,150000,automatic,unknown,unknown,blue,nj
4000,2013,bmw,excellent,6,gas,110757,automatic,4wd,SUV,silver,ri
4000,1999,chevrolet,good,4,gas,97000,automatic,unknown,truck,white,fl
4000,2009,nissan,unknown,4,gas,88000,automatic,unknown,unknown,unknown,ga
4000,2002,toyota,fair,8,gas,231000,automatic,unknown,SUV,white,nj
4000,2012,nissan,unknown,4,gas,180000,automatic,unknown,unknown,unknown,nc
4000,2005,ford,unknown,8,gas,201000,automatic,unknown,unknown,unknown,oh
4000,2006,buick,good,4,gas,103075,automatic,fwd,sedan,black,co
4000,2015,bmw,excellent,4,gas,87692,automatic,4wd,sedan,black,vt
4000,2004,mercedes-benz,good,8,diesel,119350,automatic,unknown,sedan,silver,ca
4000,2014,ford,excellent,6,gas,147755,automatic,unknown,coupe,black,tx
4000,1999,ford,excellent,6,gas,131051,manual,4wd,unknown,unknown,nj
4000,2008,ford,fair,4,gas,191954,automatic,rwd,SUV,grey,tx
4000,2001,jeep,unknown,6,gas,143,automatic,unknown,unknown,unknown,mi
4000,2007,honda,like new,6,gas,204000,automatic,fwd,SUV,white,tx
4000,2002,chevrolet,unknown,6,gas,170000,automatic,unknown,unknown,unknown,wa
4000,2009,honda,good,4,gas,190000,manual,fwd,unknown,black,ny
4000,2003,toyota,excellent,4,gas,134600,automatic,unknown,unknown,silver,fl
4000,2010,dodge,good,6,gas,179000,automatic,4wd,mini-van,grey,ny
4000,2009,ford,unknown,8,gas,184465,automatic,unknown,truck,unknown,tx
4000,2013,chevrolet,fair,4,gas,124000,manual,fwd,sedan,black,wa
4000,2021,unknown,unknown,10,gas,285,manual,unknown,unknown,blue,nc
4000,2012,subaru,unknown,4,gas,120000,automatic,unknown,unknown,unknown,ny
4000,2006,chevrolet,excellent,6,gas,189681,automatic,fwd,sedan,silver,mi
4000,2006,toyota,fair,6,hybrid,250200,automatic,fwd,unknown,blue,az
4100,2009,ford,excellent,4,gas,123137,automatic,fwd,sedan,yellow,fl
4100,2006,toyota,like new,6,hybrid,199000,automatic,4wd,SUV,blue,tn
4100,2003,mini,good,4,gas,110000,manual,fwd,hatchback,green,hi
4100,2009,volkswagen,good,4,gas,200793,automatic,fwd,sedan,red,mo
4100,2005,toyota,excellent,4,gas,189000,automatic,fwd,sedan,silver,ca
4100,2007,audi,good,4,gas,140000,automatic,4wd,sedan,black,nh
4100,2009,ford,good,6,gas,101000,automatic,rwd,sedan,blue,ct
4150,1997,ford,excellent,8,gas,177000,automatic,4wd,pickup,custom,va
4150,2008,toyota,good,4,gas,161000,automatic,unknown,unknown,blue,tx
4188,2005,chevrolet,unknown,4,gas,82777,automatic,unknown,other,silver,il
4200,2004,honda,good,4,gas,117468,automatic,fwd,sedan,grey,ia
4200,2008,chevrolet,excellent,4,gas,145000,automatic,fwd,sedan,blue,il
4200,2007,toyota,good,4,gas,160000,automatic,unknown,unknown,grey,ny
4200,2000,honda,unknown,4,gas,186000,automatic,fwd,coupe,red,wa
4200,2007,unknown,excellent,6,gas,200000,automatic,unknown,sedan,black,tx
4200,2007,chevrolet,excellent,4,gas,182689,automatic,unknown,sedan,grey,mo
4200,1999,gmc,good,8,gas,229000,automatic,fwd,truck,brown,or
4200,2010,unknown,unknown,4,gas,209000,automatic,unknown,unknown,unknown,nc
4200,2008,honda,unknown,6,gas,165000,automatic,unknown,unknown,unknown,ca
4200,2006,chrysler,good,6,gas,95000,automatic,fwd,convertible,white,fl
4200,2007,hyundai,unknown,4,gas,173419,automatic,fwd,SUV,grey,ny
4200,2004,ford,good,6,gas,114800,automatic,fwd,hatchback,red,ak
4200,2009,volvo,unknown,5,gas,184382,automatic,fwd,sedan,black,nj
4200,2015,chevrolet,unknown,4,gas,130452,automatic,unknown,unknown,unknown,ga
4200,2007,volkswagen,unknown,4,gas,124988,automatic,fwd,sedan,blue,nj
4200,2011,toyota,unknown,4,hybrid,276000,automatic,fwd,unknown,unknown,ny
4200,2007,lincoln,unknown,6,gas,149300,automatic,unknown,unknown,unknown,wa
4200,2004,mercedes-benz,excellent,6,gas,152000,automatic,4wd,SUV,silver,ga
4250,2014,buick,good,4,gas,25000,automatic,4wd,unknown,blue,wi
4250,2006,chevrolet,good,6,gas,182000,automatic,fwd,truck,white,ca
4277,2005,honda,unknown,4,gas,236787,automatic,unknown,coupe,unknown,wy
4288,2009,dodge,unknown,4,gas,130425,automatic,unknown,other,unknown,wi
4295,2011,dodge,excellent,6,gas,200000,automatic,unknown,van,white,nc
4295,2010,kia,unknown,4,gas,138229,automatic,fwd,sedan,unknown,oh
4295,2008,mitsubishi,good,4,gas,160766,automatic,fwd,sedan,white,nj
4300,2013,kia,good,4,gas,130000,manual,fwd,SUV,white,md
4300,2000,toyota,unknown,6,gas,178000,automatic,unknown,unknown,unknown,tx
4300,2011,hyundai,good,4,gas,228000,automatic,fwd,SUV,silver,mi
4300,1999,mazda,good,4,gas,117000,automatic,unknown,unknown,grey,ca
4300,2008,toyota,unknown,4,gas,100000,automatic,unknown,unknown,unknown,ma
4300,2003,chevrolet,good,8,gas,139440,automatic,4wd,SUV,brown,ca
4300,2003,buick,good,6,gas,125000,automatic,fwd,sedan,red,mn
4300,2005,volkswagen,good,6,gas,180000,automatic,4wd,SUV,silver,ca
4300,2008,bmw,excellent,6,gas,154232,automatic,rwd,coupe,green,tx
4300,2011,ford,unknown,6,gas,116842,automatic,unknown,SUV,custom,oh
4300,2007,toyota,good,4,hybrid,162000,automatic,fwd,unknown,black,fl
4300,2009,nissan,good,4,gas,189000,automatic,unknown,unknown,unknown,oh
4300,2007,mini,good,4,gas,103000,manual,fwd,coupe,blue,or
4300,2013,ford,good,4,gas,83000,automatic,unknown,unknown,unknown,in
4350,2009,chevrolet,unknown,6,gas,153000,automatic,unknown,unknown,unknown,in
4350,2005,volvo,good,5,gas,141000,automatic,4wd,wagon,grey,ma
4395,2003,gmc,unknown,6,gas,165000,automatic,unknown,unknown,unknown,il
4395,2008,honda,good,4,hybrid,199250,automatic,rwd,sedan,white,va
4399,2012,ford,good,4,gas,146000,automatic,fwd,sedan,white,mn
4400,2005,dodge,unknown,6,gas,161000,automatic,unknown,unknown,unknown,fl
4400,2005,kia,unknown,4,gas,149015,manual,fwd,unknown,unknown,or
4400,2014,ford,excellent,4,gas,135000,automatic,unknown,unknown,unknown,or
4400,2009,mercury,excellent,8,gas,143800,automatic,rwd,sedan,white,nc
4400,2012,chevrolet,good,4,gas,151000,automatic,fwd,sedan,blue,ia
4400,2008,chevrolet,unknown,4,gas,143500,automatic,unknown,unknown,unknown,oh
4400,2007,toyota,excellent,4,gas,161608,manual,fwd,hatchback,white,ga
4400,2010,gmc,unknown,6,gas,141381,other,4wd,SUV,silver,md
4450,2005,honda,excellent,6,gas,190192,automatic,fwd,mini-van,white,ks
4450,2005,toyota,good,4,gas,194506,automatic,fwd,hatchback,grey,pa
4450,2009,chevrolet,excellent,4,gas,103601,automatic,fwd,sedan,unknown,tx
4475,2002,gmc,unknown,8,gas,304000,automatic,unknown,unknown,unknown,nc
4477,1995,ford,unknown,8,gas,180100,automatic,unknown,unknown,red,co
4488,2010,mazda,good,4,gas,189313,automatic,rwd,sedan,grey,oh
4490,2008,hyundai,new,4,gas,120000,manual,unknown,unknown,custom,tx
4490,2006,hyundai,excellent,6,gas,157015,automatic,fwd,sedan,unknown,va
4495,2006,unknown,good,4,gas,119944,automatic,4wd,wagon,silver,ct
4495,2013,hyundai,unknown,4,gas,102383,automatic,unknown,unknown,unknown,oh
4495,2007,jaguar,excellent,6,gas,113000,automatic,fwd,sedan,grey,ma
4495,2003,ford,excellent,8,gas,173538,automatic,rwd,coupe,red,in
4495,2004,nissan,salvage,8,gas,279300,automatic,4wd,truck,unknown,wi
4495,2008,saturn,unknown,6,gas,182142,automatic,unknown,unknown,unknown,mi
4495,2008,ford,unknown,6,gas,181898,automatic,fwd,SUV,orange,il
4495,2003,jeep,unknown,6,gas,165000,automatic,4wd,unknown,unknown,pa
4495,2007,toyota,good,4,hybrid,143300,other,fwd,unknown,green,ny
4495,2004,toyota,unknown,4,gas,63659,automatic,fwd,sedan,silver,ny
4495,2009,nissan,unknown,4,gas,158000,automatic,unknown,unknown,unknown,wi
4495,2005,pontiac,like new,6,gas,148000,automatic,fwd,sedan,silver,wi
4495,2010,hyundai,excellent,4,gas,138521,automatic,fwd,sedan,grey,ma
4495,2012,nissan,good,4,gas,142550,automatic,fwd,other,grey,ma
4495,2008,toyota,excellent,6,gas,159000,automatic,fwd,mini-van,blue,nh
4495,2006,chevrolet,excellent,6,gas,175000,automatic,fwd,SUV,unknown,mi
4495,2002,honda,excellent,4,gas,182284,automatic,fwd,sedan,silver,oh
4495,2009,dodge,excellent,4,gas,119000,automatic,unknown,unknown,white,or
4495,2006,subaru,unknown,4,gas,154000,automatic,unknown,unknown,unknown,mi
4499,2005,acura,unknown,6,gas,176366,automatic,fwd,unknown,silver,mn
4499,2006,jeep,good,6,gas,169000,automatic,4wd,SUV,unknown,oh
4499,2010,hyundai,excellent,4,gas,146900,automatic,fwd,sedan,silver,ma
4499,2002,jeep,good,6,gas,157153,automatic,4wd,SUV,blue,wa
4499,2006,gmc,unknown,6,gas,146000,automatic,unknown,unknown,unknown,pa
4500,2006,bmw,good,6,gas,165,automatic,unknown,unknown,black,ri
4500,2009,hyundai,good,4,gas,148000,automatic,fwd,sedan,blue,ny
4500,2008,ford,unknown,8,gas,167000,automatic,unknown,unknown,unknown,sc
4500,2001,honda,excellent,4,gas,200000,automatic,fwd,sedan,red,ar
4500,2005,mercedes-benz,unknown,6,gas,144,automatic,unknown,unknown,unknown,ga
4500,2008,dodge,good,4,gas,169000,automatic,fwd,sedan,blue,oh
4500,2003,ford,excellent,4,gas,106000,automatic,rwd,truck,white,fl
4500,2005,ford,unknown,8,gas,201205,automatic,unknown,unknown,unknown,nc
4500,2007,subaru,unknown,4,gas,206000,manual,4wd,unknown,unknown,ky
4500,2009,nissan,unknown,4,gas,105,automatic,unknown,sedan,white,ca
4500,2000,toyota,good,4,gas,150000,manual,unknown,coupe,silver,oh
4500,2006,kia,unknown,6,gas,162601,automatic,4wd,unknown,unknown,pa
4500,2009,bmw,unknown,6,gas,127000,automatic,unknown,unknown,unknown,ny
4500,2002,chevrolet,good,8,gas,250000,automatic,rwd,truck,brown,ca
4500,2004,ford,unknown,8,gas,175000,automatic,unknown,unknown,unknown,nc
4500,2011,ford,excellent,6,gas,218500,automatic,fwd,sedan,silver,ks
4500,2009,nissan,unknown,4,gas,176089,automatic,unknown,unknown,unknown,tx
4500,2002,mercury,unknown,6,gas,141000,automatic,unknown,unknown,unknown,ri
4500,2017,mitsubishi,excellent,4,gas,88000,automatic,unknown,unknown,unknown,wa
4500,2010,volvo,unknown,6,gas,180000,automatic,unknown,unknown,unknown,ct
4500,2001,chevrolet,fair,8,gas,298905,automatic,4wd,SUV,green,il
4500,2002,ford,unknown,8,diesel,230000,automatic,unknown,unknown,unknown,tx
4500,2004,chevrolet,good,8,gas,170000,automatic,unknown,truck,brown,fl
4500,2007,ford,excellent,6,gas,167000,automatic,rwd,pickup,grey,ca
4500,2007,nissan,excellent,4,gas,89000,automatic,fwd,sedan,silver,fl
4500,2004,pontiac,fair,6,gas,186411,automatic,unknown,unknown,unknown,mt
4500,2003,chevrolet,fair,8,gas,130000,automatic,rwd,truck,white,oh
4500,2006,chrysler,good,6,gas,113000,automatic,4wd,unknown,blue,md
4500,2007,honda,unknown,6,gas,176000,automatic,unknown,unknown,unknown,mn
4500,2005,toyota,unknown,8,gas,200000,automatic,unknown,unknown,unknown,fl
4500,2012,jeep,excellent,4,gas,158948,automatic,4wd,SUV,grey,ok
4500,2004,gmc,good,8,gas,200000,automatic,4wd,unknown,unknown,pa
4500,2010,nissan,fair,4,gas,130000,manual,unknown,unknown,unknown,tn
4500,2006,chevrolet,good,6,gas,215000,automatic,fwd,mini-van,silver,ga
4500,2011,hyundai,excellent,4,gas,160600,automatic,fwd,unknown,grey,wi
4500,2003,buick,good,6,gas,167000,automatic,fwd,SUV,blue,az
4500,2009,chevrolet,fair,6,gas,164000,automatic,fwd,SUV,blue,mn
4500,2002,ford,unknown,6,gas,89000,manual,unknown,unknown,unknown,nj
4500,2007,nissan,unknown,4,gas,196000,automatic,unknown,unknown,unknown,nm
4500,2013,nissan,good,4,gas,74811,automatic,fwd,sedan,blue,tx
4500,2001,chevrolet,excellent,6,gas,92000,automatic,rwd,pickup,white,in
4500,2016,unknown,good,4,gas,89000,automatic,fwd,SUV,silver,in
4500,2006,chevrolet,fair,8,gas,145000,automatic,4wd,pickup,brown,oh
4500,2005,toyota,excellent,6,gas,196000,automatic,fwd,mini-van,blue,oh
4500,2008,chrysler,unknown,6,gas,170816,automatic,fwd,van,unknown,nj
4500,2004,volvo,excellent,5,gas,162600,automatic,4wd,sedan,custom,nv
4500,2008,honda,good,6,gas,222000,automatic,4wd,SUV,grey,oh
4500,2010,dodge,good,4,gas,167000,automatic,fwd,hatchback,black,tn
4500,1996,ford,good,8,gas,111500,automatic,4wd,pickup,white,ak
4500,2000,chevrolet,good,8,gas,204157,automatic,rwd,unknown,blue,az
4500,2003,mercedes-benz,excellent,8,gas,179258,automatic,rwd,sedan,black,ca
4500,2013,kia,good,6,gas,130000,manual,fwd,unknown,white,md
4500,1999,chevrolet,good,8,gas,139200,automatic,rwd,pickup,blue,ca
4500,2006,volkswagen,unknown,4,gas,43000,manual,unknown,unknown,unknown,oh
4500,2007,toyota,unknown,4,gas,122000,automatic,unknown,unknown,unknown,ma
4500,2006,mercedes-benz,good,6,gas,158325,automatic,rwd,sedan,silver,al
4500,2006,saturn,good,4,gas,125501,automatic,fwd,SUV,blue,ky
4500,2010,gmc,unknown,8,gas,245538,automatic,unknown,unknown,unknown,tn
4533,2007,chevrolet,excellent,6,diesel,129746,automatic,unknown,other,unknown,mi
4555,2005,chrysler,excellent,4,gas,182541,automatic,fwd,hatchback,red,nv
4575,2005,nissan,excellent,4,gas,141500,automatic,unknown,unknown,unknown,ny
4575,2006,chrysler,unknown,4,gas,82000,automatic,unknown,SUV,unknown,ca
4575,2005,chevrolet,fair,8,gas,271536,automatic,4wd,SUV,silver,ks
4595,2005,chrysler,excellent,4,gas,101200,automatic,fwd,unknown,red,mn
4595,2001,unknown,like new,6,other,1000,other,unknown,unknown,unknown,ca
4595,1995,unknown,excellent,6,gas,115700,automatic,fwd,convertible,white,ca
4598,2005,ford,unknown,6,gas,154640,automatic,fwd,unknown,red,in
4599,2000,dodge,unknown,4,gas,164456,automatic,unknown,unknown,unknown,ca
4599,1999,toyota,excellent,6,gas,57300,automatic,fwd,sedan,brown,ca
4600,2011,ford,like new,4,gas,110000,automatic,unknown,sedan,white,nj
4600,2008,honda,good,4,gas,190000,other,fwd,coupe,black,tx
4600,2010,honda,good,6,gas,168003,automatic,unknown,unknown,unknown,tx
4600,2008,chevrolet,good,4,gas,111368,automatic,unknown,sedan,unknown,pa
4600,2012,honda,fair,4,gas,140500,automatic,unknown,sedan,black,tx
4600,2013,kia,salvage,4,gas,160810,automatic,fwd,SUV,grey,nc
4600,1998,ram,good,8,gas,209706,automatic,rwd,truck,grey,ar
4600,2010,ford,unknown,8,gas,159300,automatic,unknown,unknown,unknown,nm
4600,2004,chevrolet,good,6,gas,187671,automatic,unknown,SUV,unknown,pa
4600,2008,subaru,good,4,gas,181000,automatic,4wd,hatchback,silver,ca
4650,2005,buick,excellent,6,gas,132376,automatic,fwd,sedan,unknown,or
4650,2004,mercedes-benz,good,6,gas,138000,automatic,unknown,unknown,unknown,ca
4680,2005,chevrolet,good,6,gas,148694,automatic,fwd,sedan,silver,tx
4694,2008,toyota,good,6,gas,233000,automatic,fwd,mini-van,grey,or
4695,2011,chevrolet,unknown,4,gas,123000,manual,unknown,unknown,unknown,oh
4695,2003,mercedes-benz,excellent,6,gas,124000,automatic,4wd,SUV,silver,pa
4700,2009,toyota,unknown,4,gas,1000,automatic,fwd,other,custom,mi
4700,2011,chevrolet,excellent,4,gas,130000,automatic,fwd,sedan,white,ca
4700,2013,chrysler,like new,4,gas,104000,automatic,fwd,sedan,white,mi
4700,2007,toyota,excellent,4,gas,145000,automatic,fwd,sedan,silver,nj
4700,2007,ford,excellent,4,gas,126000,automatic,fwd,unknown,red,ks
4700,2011,honda,good,4,gas,107000,manual,fwd,unknown,red,sc
4700,2010,hyundai,unknown,6,gas,100000,automatic,unknown,unknown,unknown,fl
4700,2010,kia,good,4,gas,141870,automatic,fwd,sedan,white,pa
4700,2010,nissan,good,6,gas,175000,automatic,unknown,unknown,unknown,nc
4700,2011,ford,unknown,4,gas,131809,automatic,unknown,unknown,unknown,wi
4700,2011,chevrolet,excellent,4,gas,137500,manual,fwd,unknown,silver,pa
4750,2007,jeep,excellent,6,gas,188000,automatic,4wd,SUV,white,tx
4750,2012,toyota,excellent,4,hybrid,284330,automatic,fwd,hatchback,blue,ny
4750,2008,jeep,excellent,4,gas,155000,automatic,4wd,SUV,blue,dc
4750,2007,ford,good,6,gas,226444,automatic,4wd,SUV,red,va
4750,2004,unknown,good,4,gas,64300,automatic,fwd,wagon,grey,pa
4750,2006,honda,excellent,4,gas,151000,automatic,fwd,coupe,red,mi
4750,1998,honda,good,6,gas,167635,automatic,fwd,sedan,white,ca
4750,2007,toyota,excellent,4,hybrid,86735,automatic,unknown,unknown,red,pa
4790,2022,ford,excellent,8,gas,139700,automatic,4wd,SUV,unknown,or
4795,2010,chrysler,unknown,6,gas,162652,automatic,fwd,mini-van,red,oh
4799,2005,jeep,excellent,6,gas,131000,automatic,4wd,SUV,brown,dc
4800,2006,toyota,like new,6,gas,230000,automatic,unknown,unknown,unknown,nc
4800,2006,toyota,fair,4,gas,110000,automatic,unknown,unknown,green,ca
4800,2010,unknown,unknown,4,diesel,310000,automatic,unknown,unknown,white,tx
4800,2008,honda,excellent,6,gas,179000,automatic,4wd,unknown,silver,nh
4800,2005,chrysler,good,8,gas,204000,automatic,rwd,sedan,green,al
4800,2007,toyota,good,4,gas,183000,automatic,unknown,unknown,silver,ca
4800,2012,jeep,good,4,gas,142000,automatic,fwd,other,black,ks
4800,2000,unknown,good,6,gas,175254,automatic,4wd,other,black,pa
4800,2008,volvo,good,6,gas,116000,automatic,4wd,wagon,white,ma
4800,2009,honda,excellent,6,gas,233400,automatic,fwd,mini-van,grey,fl
4800,2001,chevrolet,good,8,gas,181905,automatic,4wd,SUV,unknown,or
4800,2011,ford,good,4,gas,87000,automatic,fwd,sedan,red,nm
4800,1998,toyota,unknown,6,gas,394,manual,unknown,unknown,unknown,nm
4800,1998,toyota,excellent,6,gas,88000,automatic,unknown,sedan,red,ca
4800,2007,hyundai,good,6,gas,145000,automatic,fwd,SUV,grey,tx
4800,2013,ford,good,4,gas,123000,automatic,fwd,unknown,unknown,co
4800,2002,ram,good,8,gas,180000,automatic,unknown,unknown,brown,il
4800,2004,bmw,good,6,gas,188900,automatic,4wd,SUV,silver,tn
4850,2003,chevrolet,good,4,gas,167,manual,rwd,pickup,unknown,ma
4850,2017,ford,like new,4,gas,31697,automatic,fwd,SUV,blue,ca
4850,2010,mazda,unknown,4,gas,150255,automatic,unknown,unknown,unknown,ga
4850,2008,ford,good,6,gas,223715,automatic,4wd,truck,white,mt
4850,2004,chevrolet,good,8,gas,206000,automatic,4wd,unknown,black,va
4850,2002,gmc,good,8,gas,220000,automatic,4wd,SUV,silver,al
4872,2003,honda,unknown,4,gas,190654,automatic,fwd,unknown,blue,in
4872,2008,toyota,unknown,6,other,182976,automatic,fwd,van,blue,ms
4875,2009,toyota,excellent,4,gas,139850,automatic,fwd,hatchback,black,ct
4890,2005,volvo,fair,5,gas,124000,automatic,unknown,sedan,green,ny
4895,2009,chevrolet,excellent,6,gas,112537,automatic,fwd,sedan,white,ca
4895,2000,toyota,good,6,gas,183254,automatic,fwd,mini-van,green,pa
4899,2004,toyota,like new,4,gas,119000,automatic,fwd,sedan,white,ny
4900,2005,ford,excellent,6,gas,190000,automatic,rwd,pickup,white,in
4900,2002,chevrolet,unknown,6,gas,139000,automatic,rwd,SUV,green,ca
4900,2014,nissan,unknown,4,gas,110000,automatic,fwd,unknown,unknown,ky
4900,2009,jeep,good,4,gas,132000,automatic,fwd,unknown,red,mi
4900,2008,chevrolet,like new,6,gas,138000,automatic,fwd,SUV,black,nm
4900,2009,kia,excellent,4,gas,81564,automatic,unknown,sedan,unknown,mo
4900,2011,subaru,excellent,4,gas,156133,automatic,4wd,wagon,grey,tx
4900,2008,mazda,good,4,gas,137000,automatic,fwd,mini-van,blue,ca
4900,2009,toyota,good,6,gas,235000,automatic,fwd,mini-van,grey,mn
4900,2006,honda,excellent,4,gas,210882,automatic,4wd,sedan,blue,mo
4900,2010,honda,unknown,4,gas,154000,automatic,unknown,unknown,unknown,nj
4900,2005,pontiac,excellent,4,gas,141839,automatic,fwd,hatchback,grey,ia
4900,2003,mazda,like new,4,gas,140000,manual,rwd,unknown,unknown,wa
4900,1997,ford,good,8,diesel,325000,automatic,rwd,truck,red,mn
4900,2001,ford,excellent,6,gas,90246,automatic,rwd,unknown,white,wa
4900,2008,ford,excellent,4,gas,121000,automatic,fwd,sedan,red,sc
4900,2006,infiniti,excellent,6,gas,176000,automatic,4wd,sedan,silver,mi
4900,2012,chrysler,excellent,4,gas,148000,automatic,unknown,unknown,unknown,oh
4900,2005,honda,excellent,4,gas,182528,manual,4wd,unknown,orange,ma
4900,2012,nissan,excellent,4,gas,120,automatic,fwd,sedan,grey,ny
4900,2005,pontiac,excellent,4,gas,180000,automatic,fwd,unknown,blue,tn
4900,2008,unknown,good,4,gas,119000,automatic,fwd,sedan,black,va
4900,2012,ford,excellent,4,gas,136000,automatic,fwd,unknown,unknown,ri
4900,2005,toyota,unknown,4,gas,101068,automatic,fwd,other,silver,id
4900,2006,honda,excellent,4,gas,119500,automatic,fwd,sedan,blue,dc
4900,2010,lincoln,excellent,6,gas,181000,automatic,4wd,sedan,black,mn
4900,2012,nissan,fair,4,gas,122000,automatic,rwd,sedan,black,nj
4900,2003,buick,excellent,6,gas,129357,automatic,fwd,SUV,brown,ar
4900,2004,unknown,good,6,gas,129000,automatic,fwd,mini-van,silver,ca
4900,2012,ford,excellent,6,gas,180000,automatic,fwd,SUV,blue,in
4900,2013,dodge,good,4,gas,123000,automatic,fwd,sedan,grey,ca
4900,2002,toyota,excellent,4,gas,122506,automatic,fwd,sedan,blue,in
4950,2007,mazda,unknown,4,gas,139300,automatic,fwd,sedan,silver,ks
4950,1995,lexus,unknown,8,gas,128,automatic,unknown,unknown,unknown,id
4950,2006,unknown,good,4,hybrid,178000,automatic,fwd,sedan,white,pa
4950,2001,acura,unknown,6,gas,101232,automatic,unknown,unknown,unknown,ca
4950,2012,chevrolet,unknown,4,gas,180000,automatic,unknown,unknown,unknown,mn
4950,2017,honda,like new,8,gas,114956,automatic,rwd,truck,blue,ca
4950,2006,buick,excellent,8,gas,93779,automatic,fwd,unknown,white,az
4950,2012,ford,excellent,4,gas,128000,automatic,fwd,sedan,grey,tx
4950,2009,chevrolet,good,6,gas,180000,automatic,rwd,unknown,unknown,oh
4950,2011,ford,unknown,4,gas,106378,automatic,unknown,unknown,unknown,oh
4950,2011,mini,excellent,4,gas,90000,automatic,fwd,coupe,blue,tx
4975,2001,nissan,excellent,6,gas,171000,manual,4wd,SUV,grey,ca
4975,1999,gmc,excellent,8,gas,195000,automatic,rwd,SUV,custom,ca
4977,2010,volkswagen,unknown,5,gas,108363,automatic,unknown,sedan,black,il
4981,2010,ford,good,6,gas,132337,automatic,4wd,SUV,white,in
4985,2012,hyundai,excellent,4,gas,193430,manual,fwd,hatchback,red,ca
4988,2006,pontiac,good,6,gas,118651,automatic,fwd,sedan,unknown,wa
4990,2006,jeep,unknown,8,gas,203000,automatic,unknown,unknown,unknown,va
4990,1999,unknown,unknown,6,gas,171585,automatic,4wd,SUV,silver,or
4990,2010,chrysler,good,6,gas,122162,automatic,fwd,van,black,tx
4991,2007,ford,unknown,8,gas,129940,automatic,unknown,hatchback,unknown,wa
4995,2005,honda,unknown,4,gas,132031,automatic,unknown,sedan,unknown,oh
4995,2008,chevrolet,excellent,8,gas,136000,automatic,rwd,van,white,ny
4995,1998,mercedes-benz,good,6,gas,106375,automatic,unknown,sedan,blue,in
4995,2005,gmc,good,8,gas,290044,automatic,4wd,SUV,red,ar
4995,2008,pontiac,excellent,4,gas,157000,automatic,fwd,unknown,grey,ny
4995,2010,chevrolet,unknown,4,gas,128207,automatic,unknown,unknown,unknown,mi
4995,2011,kia,excellent,4,gas,198734,automatic,fwd,SUV,unknown,tx
4995,2006,volkswagen,good,5,gas,127262,automatic,fwd,sedan,black,or
4995,2012,dodge,unknown,4,gas,172152,automatic,fwd,sedan,unknown,ks
4995,2001,bmw,excellent,8,gas,206665,automatic,rwd,sedan,blue,mi
4995,2003,ford,like new,8,gas,191000,automatic,4wd,SUV,white,oh
4995,2011,honda,good,4,gas,168395,automatic,fwd,coupe,blue,mo
4995,2006,honda,good,4,gas,258000,automatic,fwd,sedan,silver,ks
4995,2008,mini,unknown,4,gas,235006,manual,unknown,hatchback,blue,ok
4995,2005,toyota,good,6,gas,217000,manual,unknown,unknown,silver,nc
4995,2004,subaru,unknown,4,gas,120115,manual,unknown,wagon,green,nm
4995,2006,toyota,unknown,4,gas,165885,automatic,fwd,other,red,ca
4995,2010,toyota,excellent,4,gas,197000,automatic,fwd,sedan,blue,tx
4995,1999,ford,excellent,8,gas,272412,automatic,rwd,SUV,unknown,ga
4995,2002,ford,unknown,8,gas,184405,automatic,rwd,SUV,black,ks
4995,2007,honda,excellent,4,gas,185185,automatic,unknown,unknown,unknown,ga
4995,2007,hyundai,unknown,6,gas,149587,automatic,fwd,sedan,custom,tx
4995,2008,toyota,good,4,gas,109159,manual,fwd,sedan,black,nj
4995,2001,lexus,unknown,6,gas,211088,automatic,4wd,SUV,silver,wa
4995,2007,chevrolet,unknown,6,gas,163000,automatic,fwd,sedan,white,co
4995,2006,dodge,excellent,6,gas,155218,automatic,unknown,unknown,unknown,ca
4995,2010,honda,unknown,6,gas,172260,automatic,fwd,van,blue,ks
4995,2004,ford,excellent,4,gas,76650,automatic,fwd,sedan,white,pa
4995,2009,chevrolet,unknown,8,unknown,209132,automatic,rwd,unknown,yellow,vt
4995,2005,toyota,good,4,gas,124734,automatic,fwd,sedan,grey,tx
4995,2001,gmc,unknown,6,gas,169312,automatic,4wd,SUV,black,or
4995,2008,lincoln,unknown,6,gas,197000,automatic,unknown,SUV,black,mi
4995,2009,ford,good,6,gas,122000,automatic,fwd,sedan,black,nh
4995,2009,chevrolet,excellent,6,gas,152695,automatic,fwd,sedan,silver,mi
4995,2004,jeep,unknown,6,gas,135015,automatic,4wd,SUV,silver,il
4995,2002,jeep,good,6,gas,234670,automatic,rwd,SUV,green,fl
4995,2001,ford,like new,4,gas,75115,automatic,fwd,wagon,silver,oh
4995,2005,mercury,good,8,gas,107922,automatic,rwd,sedan,unknown,il
4995,2004,gmc,good,8,gas,250611,automatic,4wd,unknown,red,in
4998,2005,cadillac,excellent,6,gas,102000,automatic,rwd,sedan,white,ok
4999,2006,nissan,unknown,6,gas,138000,automatic,unknown,unknown,unknown,al
4999,2004,honda,unknown,4,gas,205519,manual,fwd,coupe,custom,ca
4999,2006,lincoln,good,6,gas,131022,automatic,fwd,sedan,unknown,mi
4999,2006,ford,unknown,6,gas,100370,automatic,unknown,unknown,unknown,wi
4999,2009,honda,like new,4,gas,123000,manual,fwd,hatchback,blue,ri
4999,2001,acura,unknown,6,gas,230868,automatic,unknown,unknown,unknown,tx
4999,2007,harley-davidson,like new,8,gas,6753,manual,rwd,other,silver,ok
4999,2010,honda,excellent,4,hybrid,133800,automatic,fwd,hatchback,grey,nh
4999,2014,nissan,good,4,gas,188000,automatic,fwd,unknown,grey,sd
4999,2004,volkswagen,excellent,4,gas,194764,automatic,fwd,sedan,silver,wa
4999,2008,ford,unknown,4,gas,102296,automatic,fwd,sedan,silver,ny
4999,2009,pontiac,excellent,6,gas,167000,automatic,fwd,sedan,red,mn
4999,2010,toyota,excellent,4,gas,176276,automatic,fwd,sedan,black,ia
4999,2008,mazda,like new,4,gas,135710,automatic,4wd,SUV,unknown,wi
4999,2012,fiat,unknown,4,gas,103000,automatic,unknown,unknown,unknown,ca
4999,2005,chevrolet,unknown,6,gas,144763,automatic,unknown,unknown,unknown,wi
4999,2011,kia,unknown,6,gas,160000,automatic,fwd,wagon,unknown,tx
4999,2000,lexus,excellent,6,gas,180000,automatic,4wd,SUV,silver,ca
4999,2006,toyota,excellent,4,hybrid,137241,automatic,fwd,hatchback,black,va
4999,2008,subaru,good,4,gas,132000,manual,4wd,unknown,brown,ca
4999,2008,nissan,like new,4,gas,156003,automatic,4wd,wagon,unknown,wi
4999,2007,ram,unknown,8,gas,80878,automatic,rwd,truck,black,fl
4999,2007,unknown,unknown,6,gas,165961,manual,unknown,unknown,unknown,wi
5000,2001,ford,fair,10,gas,222000,automatic,4wd,SUV,white,mn
5000,2005,unknown,unknown,6,diesel,180515,automatic,unknown,unknown,unknown,nh
5000,2004,bmw,good,6,gas,110000,automatic,rwd,sedan,silver,ca
5000,1996,jeep,good,6,gas,253615,automatic,4wd,offroad,white,co
5000,2001,toyota,unknown,6,gas,225000,automatic,unknown,SUV,unknown,ca
5000,2006,ford,unknown,6,gas,282585,automatic,unknown,truck,white,ca
5000,2003,ram,fair,8,gas,200500,automatic,4wd,pickup,white,va
5000,2011,mazda,unknown,4,gas,222081,manual,unknown,unknown,unknown,nj
5000,2007,toyota,excellent,4,gas,165000,automatic,unknown,SUV,unknown,tx
5000,2016,cadillac,good,6,gas,107000,automatic,unknown,SUV,black,ga
5000,2009,unknown,like new,3,gas,22000,automatic,unknown,coupe,blue,id
5000,2007,infiniti,good,6,gas,117400,automatic,rwd,sedan,brown,la
5000,2008,subaru,excellent,4,gas,77660,automatic,4wd,hatchback,black,nh
5000,2003,toyota,excellent,6,gas,53000,automatic,unknown,unknown,grey,ma
5000,2005,gmc,good,6,gas,123000,automatic,unknown,unknown,unknown,ny
5000,2013,hyundai,excellent,4,gas,156000,automatic,4wd,sedan,blue,ny
5000,2004,hyundai,excellent,6,gas,98659,automatic,fwd,coupe,unknown,ia
5000,2006,mercedes-benz,excellent,6,gas,169000,automatic,rwd,sedan,blue,sc
5000,2007,hyundai,good,4,gas,77000,automatic,fwd,hatchback,grey,ny
5000,2002,chevrolet,fair,8,gas,211560,automatic,4wd,pickup,grey,mn
5000,2005,cadillac,unknown,6,gas,158736,automatic,rwd,unknown,unknown,sc
5000,2012,chevrolet,excellent,4,gas,112800,automatic,fwd,sedan,white,il
5000,2002,mazda,good,4,gas,223100,automatic,rwd,convertible,blue,il
5000,2007,mercedes-benz,unknown,8,gas,104000,automatic,rwd,unknown,unknown,co
5000,2010,honda,unknown,4,gas,180000,automatic,unknown,unknown,unknown,md
5000,2003,chevrolet,excellent,8,gas,170000,automatic,4wd,SUV,red,nc
5000,2010,ford,good,6,gas,151500,automatic,4wd,SUV,white,mn
5000,2007,ford,like new,4,gas,65147,automatic,fwd,sedan,red,mi
5000,2006,volkswagen,unknown,4,gas,121629,automatic,fwd,sedan,custom,ks
5000,2010,chevrolet,good,4,gas,82000,automatic,fwd,sedan,unknown,nj
5000,2002,cadillac,like new,8,gas,170000,automatic,4wd,SUV,silver,tx
5000,2012,toyota,good,4,hybrid,244000,manual,fwd,hatchback,white,mo
5000,2006,chevrolet,good,8,gas,170000,automatic,fwd,unknown,unknown,mn
5000,2009,nissan,good,6,gas,182000,automatic,4wd,SUV,white,nc
5000,2005,jeep,good,6,gas,147125,automatic,unknown,unknown,unknown,ia
5000,2004,unknown,unknown,6,diesel,69000,automatic,unknown,unknown,unknown,ca
5000,2006,toyota,good,6,gas,184000,automatic,4wd,unknown,unknown,ky
5000,2008,chrysler,good,8,gas,176000,automatic,4wd,SUV,red,pa
5000,2006,ford,good,6,gas,220000,automatic,unknown,unknown,white,nj
5000,2011,kia,excellent,4,gas,113000,automatic,4wd,SUV,red,nc
5000,2001,chevrolet,excellent,6,gas,174000,automatic,fwd,coupe,silver,ma
5000,2011,dodge,good,6,gas,118000,automatic,fwd,mini-van,silver,oh
5000,2000,gmc,fair,6,gas,19032,automatic,rwd,truck,white,wi
5000,2005,chevrolet,good,6,gas,177000,automatic,fwd,sedan,grey,ne
5000,2004,lexus,unknown,6,gas,126000,automatic,unknown,unknown,unknown,md
5000,2000,ford,fair,6,gas,157000,automatic,4wd,pickup,green,wi
5000,2005,gmc,good,8,gas,96507,automatic,4wd,truck,silver,hi
5000,2012,volkswagen,good,4,diesel,110000,manual,fwd,wagon,black,wi
5000,2008,chevrolet,good,4,gas,87841,automatic,fwd,hatchback,grey,tx
5000,2009,nissan,excellent,4,gas,145000,automatic,fwd,coupe,red,ky
5000,2012,nissan,good,4,gas,144000,automatic,fwd,SUV,blue,nh
5000,2003,toyota,good,4,gas,120000,automatic,fwd,sedan,black,pa
5000,2010,ford,unknown,6,gas,177000,automatic,unknown,unknown,unknown,mi
5000,2008,unknown,excellent,4,gas,171000,automatic,fwd,coupe,white,ak
5000,2008,chrysler,fair,6,gas,102000,automatic,unknown,convertible,blue,in
5000,2016,dodge,excellent,6,gas,102413,automatic,4wd,SUV,unknown,nj
5000,1997,ford,good,8,gas,231000,automatic,4wd,truck,white,vt
5000,2010,unknown,unknown,4,gas,90000,automatic,unknown,unknown,unknown,pa
5100,2013,ford,good,4,gas,86000,automatic,fwd,sedan,blue,ks
5100,1996,jeep,excellent,8,gas,116800,automatic,4wd,SUV,white,pa
5100,2007,volvo,excellent,5,gas,247700,automatic,4wd,wagon,brown,wi
5143,2006,dodge,excellent,6,gas,176121,automatic,fwd,unknown,unknown,wa
5150,2002,ford,good,8,gas,168000,automatic,rwd,truck,white,ny
5200,2008,chrysler,unknown,6,gas,142000,automatic,unknown,unknown,unknown,ma
5200,2008,buick,unknown,6,gas,132045,automatic,unknown,unknown,silver,in
5200,2010,honda,excellent,4,gas,157376,automatic,fwd,sedan,grey,pa
5200,2007,bmw,excellent,6,gas,140000,automatic,unknown,unknown,unknown,fl
5200,2007,toyota,good,6,gas,203685,automatic,fwd,sedan,silver,me
5200,2008,unknown,excellent,4,gas,99900,automatic,fwd,sedan,white,az
5200,2006,subaru,unknown,4,gas,120739,automatic,4wd,sedan,black,pa
5200,2006,honda,excellent,4,gas,135000,automatic,fwd,sedan,silver,ny
5200,2014,kia,unknown,4,gas,84000,automatic,unknown,unknown,unknown,fl
5200,2006,infiniti,unknown,8,gas,184000,automatic,unknown,unknown,unknown,pa
5200,2002,lexus,excellent,6,gas,148000,automatic,4wd,unknown,white,ny
5200,2013,dodge,unknown,4,gas,99000,automatic,unknown,unknown,unknown,tn
5250,2000,ford,unknown,8,gas,174055,automatic,fwd,pickup,white,tn
5250,2009,toyota,unknown,6,gas,204000,automatic,unknown,unknown,unknown,ar
5250,2012,ford,excellent,4,gas,136500,manual,fwd,sedan,white,tx
5250,2010,dodge,unknown,6,gas,205573,automatic,unknown,unknown,unknown,mo
5271,2008,jeep,excellent,6,gas,166849,automatic,4wd,SUV,unknown,mi
5275,2011,toyota,excellent,6,gas,207902,automatic,fwd,mini-van,silver,mt
5277,2007,subaru,like new,4,gas,159000,automatic,4wd,wagon,custom,id
5295,2004,hyundai,unknown,6,gas,39496,automatic,fwd,SUV,silver,fl
5297,2000,gmc,excellent,6,gas,249898,automatic,rwd,van,blue,ok
5298,2013,ford,good,4,gas,139864,automatic,fwd,unknown,blue,ga
5300,2011,bmw,excellent,6,gas,185211,manual,4wd,sedan,silver,nh
5300,2010,jeep,unknown,4,gas,160000,automatic,unknown,unknown,unknown,al
5300,2008,pontiac,good,4,gas,105000,automatic,fwd,sedan,blue,tn
5300,2012,chrysler,good,6,gas,131000,automatic,fwd,sedan,silver,wi
5300,2008,pontiac,good,4,gas,104000,automatic,fwd,sedan,blue,tn
5300,2006,toyota,unknown,6,gas,130937,automatic,unknown,unknown,unknown,ar
5332,2003,chevrolet,good,8,gas,247296,automatic,rwd,SUV,red,sc
5349,2008,mazda,unknown,4,gas,179813,automatic,fwd,wagon,grey,wa
5350,2007,toyota,excellent,4,gas,159654,automatic,fwd,pickup,grey,ma
5390,2006,volkswagen,good,6,gas,164050,automatic,rwd,sedan,blue,nh
5398,2003,subaru,good,4,gas,207206,automatic,4wd,wagon,silver,id
5399,2007,hyundai,unknown,6,gas,90776,automatic,fwd,sedan,purple,ny
5399,2010,dodge,good,6,gas,110899,automatic,fwd,unknown,unknown,tx
5400,2012,dodge,unknown,6,gas,194368,automatic,unknown,unknown,unknown,ar
5400,2005,ford,unknown,8,diesel,219534,automatic,unknown,unknown,unknown,nj
5400,2003,toyota,good,6,gas,143000,automatic,unknown,unknown,unknown,ny
5400,1996,ram,good,8,gas,226000,automatic,4wd,truck,white,mi
5400,2008,chevrolet,unknown,4,gas,92000,automatic,unknown,unknown,unknown,mi
5400,2004,toyota,good,6,gas,133997,automatic,fwd,mini-van,blue,ia
5450,2005,chevrolet,unknown,6,gas,163000,automatic,unknown,unknown,unknown,ca
5450,2007,subaru,excellent,4,gas,146403,automatic,4wd,wagon,blue,ny
5450,2011,ford,excellent,4,gas,100000,automatic,unknown,hatchback,silver,tx
5450,2003,toyota,good,6,gas,271465,automatic,fwd,SUV,blue,tx
5471,2010,subaru,excellent,4,gas,151600,automatic,4wd,wagon,grey,oh
5475,2012,nissan,excellent,4,gas,89420,manual,unknown,unknown,black,la
5488,2008,hyundai,excellent,4,gas,151038,automatic,fwd,unknown,red,wi
5490,2014,ford,good,4,gas,209900,automatic,unknown,unknown,unknown,tx
5490,2009,hyundai,excellent,6,gas,171928,automatic,rwd,sedan,silver,sc
5495,2009,mazda,unknown,4,gas,126658,automatic,unknown,wagon,blue,pa
5495,2005,chrysler,good,6,gas,150742,automatic,fwd,SUV,silver,co
5495,2011,jeep,excellent,4,gas,130000,automatic,fwd,SUV,black,in
5495,2008,chevrolet,good,6,gas,142223,automatic,fwd,sedan,grey,ct
5495,2010,honda,new,4,gas,157000,automatic,fwd,sedan,grey,ma
5495,2003,honda,unknown,6,gas,146000,automatic,unknown,unknown,unknown,il
5495,2007,toyota,unknown,4,gas,176000,automatic,fwd,hatchback,grey,ia
5495,2013,ford,good,4,gas,134250,automatic,fwd,sedan,brown,me
5495,2007,kia,excellent,4,gas,157000,automatic,fwd,unknown,white,wi
5498,2012,honda,excellent,4,gas,216000,automatic,fwd,sedan,grey,ok
5499,2007,nissan,excellent,6,gas,124615,automatic,fwd,van,brown,ca
5499,2011,chevrolet,unknown,6,gas,165420,automatic,unknown,unknown,silver,mi
5499,2006,toyota,excellent,6,gas,178000,automatic,fwd,van,brown,nc
5499,2012,ford,unknown,8,gas,200000,automatic,rwd,unknown,unknown,mn
5499,2003,acura,excellent,6,gas,137646,automatic,fwd,unknown,silver,co
5499,2016,ford,like new,4,gas,108000,automatic,unknown,sedan,grey,nm
5499,2002,toyota,unknown,4,gas,168895,automatic,unknown,unknown,unknown,fl
5500,2006,gmc,excellent,8,gas,219256,automatic,4wd,truck,unknown,il
5500,2009,volvo,good,5,gas,135663,automatic,unknown,unknown,unknown,nc
5500,2008,mazda,good,6,gas,161891,automatic,4wd,SUV,grey,pa
5500,2007,honda,like new,6,gas,236000,automatic,fwd,mini-van,blue,nc
5500,2009,ford,excellent,4,gas,92168,manual,unknown,unknown,black,ca
5500,2003,ford,unknown,8,diesel,139402,automatic,unknown,unknown,unknown,oh
5500,2003,acura,excellent,6,gas,154100,automatic,fwd,sedan,white,ca
5500,2006,unknown,excellent,6,gas,172000,automatic,fwd,unknown,unknown,nc
5500,2010,chrysler,excellent,6,gas,160000,automatic,fwd,mini-van,white,in
5500,2010,mercury,good,8,gas,91600,automatic,rwd,sedan,silver,nj
5500,2006,ford,unknown,8,gas,178160,automatic,4wd,SUV,silver,pa
5500,2012,nissan,unknown,4,gas,72766,automatic,unknown,unknown,unknown,vt
5500,2006,honda,good,4,gas,158082,manual,unknown,sedan,grey,ca
5500,2015,chevrolet,excellent,4,gas,99601,automatic,fwd,unknown,black,fl
5500,2006,cadillac,unknown,8,gas,167430,automatic,unknown,unknown,unknown,il
5500,2008,mazda,unknown,4,gas,165000,automatic,unknown,unknown,unknown,pa
5500,2005,mercedes-benz,good,4,gas,90000,automatic,rwd,sedan,silver,id
5500,2006,ford,good,6,gas,186488,automatic,4wd,SUV,silver,pa
5500,2012,subaru,good,6,gas,221000,automatic,4wd,SUV,blue,mn
5500,2006,infiniti,good,6,gas,167000,automatic,4wd,unknown,silver,ne
5500,2008,mazda,good,4,gas,129000,automatic,unknown,SUV,grey,id
5500,2019,nissan,like new,4,gas,25000,automatic,fwd,convertible,blue,nm
5500,2001,ford,fair,8,gas,236089,automatic,4wd,truck,white,ca
5500,2005,honda,excellent,4,gas,130134,automatic,fwd,sedan,grey,ma
5500,2000,ford,unknown,6,gas,150000,automatic,unknown,unknown,unknown,mt
5500,2012,dodge,like new,6,other,198766,automatic,fwd,SUV,grey,ky
5500,2005,acura,good,6,gas,150700,automatic,4wd,sedan,silver,pa
5500,2012,hyundai,good,4,gas,109000,automatic,fwd,sedan,blue,ma
5500,2005,subaru,unknown,4,gas,183000,automatic,4wd,unknown,black,or
5500,2010,chevrolet,good,4,gas,100000,automatic,fwd,sedan,red,ks
5500,2011,subaru,good,4,gas,111000,manual,4wd,sedan,red,ny
5500,1995,pontiac,good,6,gas,136000,automatic,rwd,hatchback,silver,nj
5500,1995,chevrolet,fair,8,gas,205,manual,unknown,pickup,red,md
5500,2008,chrysler,good,6,gas,140620,automatic,fwd,mini-van,blue,pa
5500,2003,ram,unknown,6,diesel,300000,automatic,unknown,unknown,unknown,fl
5500,2013,chevrolet,unknown,6,gas,177072,automatic,unknown,unknown,unknown,va
5500,2002,rover,good,8,gas,101000,automatic,4wd,SUV,green,dc
5500,2004,gmc,good,8,gas,115432,automatic,4wd,SUV,blue,va
5500,2008,chrysler,excellent,4,gas,106000,automatic,fwd,unknown,white,wa
5500,2010,honda,excellent,4,gas,165600,automatic,fwd,sedan,grey,il
5500,2008,ford,good,6,gas,108000,automatic,fwd,sedan,red,fl
5500,2005,toyota,unknown,4,gas,157000,manual,unknown,unknown,unknown,ca
5500,2006,honda,unknown,4,hybrid,115234,automatic,fwd,sedan,grey,va
5500,2001,jeep,fair,8,gas,148000,automatic,4wd,SUV,blue,ia
5500,2007,chevrolet,unknown,8,gas,241000,automatic,4wd,unknown,unknown,mi
5500,2005,dodge,good,8,gas,182845,automatic,4wd,SUV,blue,wa
5500,2007,gmc,fair,8,gas,166000,automatic,4wd,SUV,black,sd
5500,2001,ford,excellent,8,gas,187949,automatic,rwd,van,white,tn
5500,2014,ford,like new,4,gas,94000,automatic,unknown,unknown,unknown,nj
5500,2009,volkswagen,good,4,gas,195000,automatic,fwd,unknown,white,or
5500,2000,honda,good,4,gas,247000,automatic,unknown,unknown,black,tn
5500,2005,ford,like new,8,gas,210000,automatic,rwd,SUV,blue,tx
5500,2008,toyota,good,6,gas,194023,automatic,fwd,van,custom,ca
5500,2007,mercury,like new,6,gas,99764,automatic,fwd,sedan,blue,wa
5500,2008,toyota,unknown,4,gas,148168,automatic,unknown,unknown,unknown,wi
5500,1998,unknown,unknown,6,gas,99000,automatic,unknown,unknown,black,la
5500,2008,toyota,excellent,4,gas,180550,automatic,fwd,sedan,white,ca
5500,2013,jeep,good,4,gas,153000,automatic,4wd,SUV,grey,ct
5500,2008,nissan,good,4,gas,110107,automatic,unknown,coupe,unknown,ma
5500,2011,nissan,excellent,4,electric,48900,automatic,unknown,unknown,unknown,az
5500,2011,bmw,excellent,6,gas,171069,automatic,4wd,sedan,black,ny
5500,2007,volvo,excellent,6,gas,159000,automatic,4wd,SUV,green,ar
5500,2002,ford,excellent,6,gas,120000,automatic,fwd,hatchback,brown,tx
5500,1999,ford,good,8,gas,298000,automatic,rwd,unknown,white,ca
5500,2009,volvo,excellent,6,gas,132000,automatic,fwd,sedan,grey,ny
5500,2013,nissan,unknown,4,gas,122362,automatic,4wd,SUV,unknown,md
5500,2010,mini,excellent,4,gas,85000,manual,fwd,coupe,white,pa
5500,2012,subaru,good,6,gas,178000,automatic,4wd,sedan,red,md
5500,2012,honda,excellent,4,gas,154000,automatic,unknown,sedan,silver,tn
5500,2001,ford,unknown,8,gas,131898,automatic,unknown,unknown,unknown,fl
5519,2009,chevrolet,unknown,4,gas,141669,automatic,fwd,sedan,grey,fl
5550,2004,audi,good,8,gas,133000,automatic,unknown,sedan,black,co
5550,2013,ford,unknown,4,gas,155233,automatic,fwd,sedan,black,ca
5555,2006,mini,excellent,4,gas,73000,automatic,fwd,convertible,blue,fl
5569,2008,nissan,unknown,4,gas,142941,automatic,unknown,unknown,unknown,mn
5588,2008,toyota,good,4,gas,181195,automatic,fwd,sedan,white,tx
5598,2006,buick,like new,6,gas,136190,automatic,fwd,sedan,brown,or
5599,2011,kia,unknown,4,gas,87434,manual,unknown,unknown,unknown,fl
5599,2000,lexus,excellent,6,gas,116939,automatic,unknown,SUV,unknown,nc
5599,2012,volkswagen,good,5,gas,133183,automatic,fwd,sedan,blue,nv
5600,2014,chevrolet,unknown,4,gas,57500,automatic,unknown,unknown,unknown,ca
5600,2012,honda,good,4,gas,86000,automatic,fwd,coupe,custom,tx
5600,2011,jeep,excellent,4,gas,153500,automatic,4wd,SUV,white,ny
5600,2003,lincoln,good,8,gas,5219,automatic,unknown,SUV,grey,nc
5600,2008,chrysler,excellent,6,gas,140970,automatic,4wd,sedan,black,in
5600,2004,ram,excellent,8,gas,237583,automatic,4wd,truck,unknown,mi
5600,2010,ford,excellent,4,gas,107000,automatic,fwd,sedan,silver,pa
5600,2009,toyota,excellent,4,gas,103000,manual,4wd,other,grey,ca
5600,2001,ram,good,8,gas,174023,automatic,4wd,truck,white,nc
5600,2003,toyota,good,8,gas,191700,automatic,4wd,pickup,green,ri
5600,2013,chevrolet,good,4,gas,109000,automatic,fwd,hatchback,green,ca
5611,2001,ram,excellent,8,gas,145011,automatic,4wd,truck,unknown,mi
5650,2007,toyota,excellent,4,gas,204000,automatic,fwd,sedan,custom,ks
5695,1996,ford,excellent,8,gas,100000,automatic,rwd,van,blue,co
5697,2008,honda,excellent,4,gas,165549,automatic,unknown,sedan,unknown,ks
5700,2010,hyundai,good,6,gas,167791,automatic,fwd,unknown,unknown,fl
5700,2010,hyundai,good,4,gas,137303,automatic,fwd,sedan,grey,in
5700,2008,ford,good,6,gas,89000,automatic,4wd,SUV,blue,ny
5700,2015,kia,like new,4,gas,124000,automatic,fwd,sedan,white,tx
5700,2006,subaru,good,4,gas,93240,automatic,4wd,hatchback,silver,pa
5700,2007,honda,excellent,6,gas,174395,automatic,fwd,mini-van,blue,sd
5700,1997,toyota,excellent,6,gas,200255,automatic,rwd,SUV,green,ca
5749,2010,ford,good,4,gas,127251,automatic,4wd,other,brown,ct
5750,2009,pontiac,excellent,6,gas,147191,automatic,fwd,sedan,white,tx
5750,2006,honda,good,6,gas,106400,automatic,fwd,van,grey,ca
5770,2004,honda,excellent,4,gas,139360,automatic,fwd,sedan,unknown,ia
5790,2013,nissan,good,4,gas,163000,manual,unknown,unknown,black,ga
5799,2009,hyundai,unknown,6,gas,156873,automatic,fwd,SUV,unknown,ny
5799,2009,hyundai,unknown,6,gas,156873,automatic,fwd,SUV,unknown,nj
5799,2011,toyota,like new,4,gas,200000,automatic,fwd,unknown,unknown,ct
5799,2006,honda,excellent,4,gas,112000,automatic,fwd,coupe,silver,nc
5800,2006,honda,salvage,4,gas,178300,manual,4wd,SUV,silver,mn
5800,2000,chevrolet,good,8,gas,109000,automatic,rwd,unknown,grey,ny
5800,2007,toyota,good,4,hybrid,125000,automatic,fwd,hatchback,custom,ca
5800,2007,honda,excellent,6,gas,135558,automatic,fwd,unknown,blue,az
5800,2007,honda,good,4,gas,192000,automatic,fwd,SUV,blue,nc
5800,2001,lexus,good,6,gas,238000,automatic,unknown,coupe,blue,or
5800,2008,hyundai,good,6,gas,167350,automatic,4wd,SUV,green,pa
5800,2012,nissan,excellent,4,gas,75000,automatic,fwd,sedan,silver,fl
5800,2010,volvo,unknown,5,gas,103000,manual,unknown,unknown,unknown,tx
5800,2003,mercury,excellent,8,gas,51000,automatic,rwd,unknown,unknown,md
5800,2007,acura,unknown,6,gas,150000,automatic,unknown,unknown,unknown,ct
5800,2013,dodge,good,4,gas,156500,manual,fwd,sedan,red,mn
5800,2009,cadillac,unknown,8,gas,90000,automatic,unknown,unknown,unknown,ny
5800,2008,gmc,excellent,6,gas,149262,automatic,unknown,SUV,unknown,nc
5800,2007,unknown,excellent,6,gas,135214,automatic,4wd,SUV,silver,ok
5800,2011,mazda,like new,4,gas,111980,automatic,fwd,unknown,brown,ma
5800,2010,toyota,good,4,gas,204000,automatic,fwd,sedan,white,ca
5800,2012,unknown,unknown,6,gas,217289,unknown,unknown,SUV,unknown,wa
5800,2010,toyota,excellent,4,gas,180000,automatic,fwd,sedan,white,ca
5800,2003,toyota,unknown,8,gas,129000,automatic,unknown,unknown,unknown,nj
5800,2006,toyota,excellent,6,gas,161000,automatic,unknown,sedan,black,pa
5850,2007,honda,excellent,4,gas,171000,automatic,unknown,unknown,red,ma
5850,2007,volvo,excellent,6,gas,126000,automatic,4wd,SUV,unknown,pa
5880,2008,nissan,unknown,4,gas,174977,automatic,fwd,sedan,white,tx
5888,2006,buick,good,6,gas,90798,automatic,fwd,sedan,custom,va
5895,2006,ford,excellent,8,gas,129055,automatic,unknown,pickup,blue,nv
5899,2003,toyota,unknown,4,gas,171240,automatic,fwd,sedan,silver,nm
5899,2012,nissan,excellent,4,gas,120958,automatic,fwd,sedan,silver,ca
5900,2004,mercedes-benz,good,8,gas,80000,automatic,unknown,coupe,unknown,fl
5900,2007,honda,excellent,4,gas,202940,automatic,fwd,SUV,black,tx
5900,2001,lexus,unknown,6,gas,136400,automatic,fwd,unknown,unknown,co
5900,2009,buick,like new,6,gas,165000,automatic,unknown,unknown,unknown,nc
5900,2000,chevrolet,excellent,4,gas,78871,automatic,rwd,pickup,white,ca
5900,2006,toyota,good,6,gas,142123,automatic,fwd,convertible,black,tx
5900,2009,unknown,like new,6,gas,167640,automatic,fwd,sedan,silver,fl
5900,2011,mini,unknown,4,gas,129000,manual,fwd,hatchback,grey,co
5900,2010,honda,unknown,4,gas,147000,automatic,unknown,unknown,blue,la
5900,2008,pontiac,unknown,6,gas,113000,automatic,4wd,unknown,unknown,mi
5900,2011,hyundai,unknown,4,diesel,142186,automatic,unknown,unknown,unknown,ca
5900,2008,honda,excellent,4,gas,158055,automatic,fwd,unknown,blue,fl
5900,2007,audi,excellent,4,gas,80770,manual,4wd,wagon,black,ca
5900,2002,chevrolet,good,8,gas,178005,automatic,4wd,wagon,green,wi
5900,2007,infiniti,unknown,6,gas,128599,automatic,4wd,sedan,white,pa
5900,1999,mercedes-benz,excellent,6,gas,123000,automatic,unknown,convertible,white,tn
5900,2013,nissan,excellent,4,gas,159000,automatic,fwd,truck,brown,ma
5900,2009,jeep,unknown,6,gas,204000,manual,4wd,unknown,black,nh
5900,2007,chrysler,excellent,4,gas,58000,automatic,fwd,wagon,blue,pa
5900,1998,jaguar,good,8,gas,82688,automatic,rwd,unknown,red,va
5900,2013,hyundai,unknown,4,hybrid,180000,automatic,unknown,unknown,unknown,ca
5900,2007,hyundai,like new,4,gas,75000,automatic,fwd,hatchback,red,ny
5900,2007,gmc,fair,8,gas,215528,automatic,4wd,truck,silver,wi
5900,2012,nissan,excellent,6,gas,112000,automatic,4wd,SUV,silver,ny
5900,2008,hyundai,excellent,6,gas,113000,automatic,fwd,SUV,silver,ks
5900,2000,toyota,good,4,gas,184595,manual,rwd,pickup,green,or
5900,2011,mini,unknown,4,gas,114000,automatic,unknown,unknown,unknown,fl
5900,2001,audi,fair,4,gas,111188,manual,unknown,convertible,red,fl
5900,2007,toyota,good,6,gas,181600,automatic,fwd,unknown,unknown,ma
5900,2008,buick,excellent,6,gas,77000,automatic,fwd,sedan,red,md
5900,2007,honda,excellent,4,gas,142248,automatic,unknown,sedan,unknown,pa
5900,2012,chevrolet,like new,4,gas,89000,automatic,fwd,sedan,silver,nj
5900,2010,gmc,excellent,6,gas,89000,automatic,fwd,unknown,grey,oh
5900,2001,ford,excellent,8,gas,165417,automatic,rwd,pickup,blue,tx
5900,2011,chevrolet,excellent,4,gas,75000,automatic,fwd,hatchback,black,az
5900,2003,chevrolet,excellent,6,gas,89714,automatic,rwd,SUV,blue,ar
5911,2006,chevrolet,excellent,8,gas,276525,automatic,4wd,truck,unknown,oh
5950,2010,honda,good,6,gas,184713,automatic,fwd,van,blue,nc
5950,2014,dodge,excellent,6,gas,145000,automatic,fwd,mini-van,red,wa
5950,2011,chevrolet,excellent,4,other,97369,automatic,unknown,coupe,silver,mn
5950,2008,pontiac,excellent,6,gas,127600,automatic,fwd,sedan,silver,ca
5950,2000,bmw,unknown,6,gas,132000,manual,unknown,unknown,unknown,tx
5950,2011,audi,excellent,4,gas,171080,automatic,unknown,hatchback,unknown,il
5950,2009,nissan,good,4,gas,160600,automatic,fwd,sedan,grey,ky
5950,2008,jeep,good,6,gas,180000,automatic,fwd,SUV,silver,tn
5950,2005,honda,unknown,4,gas,161950,manual,fwd,unknown,unknown,co
5950,2010,toyota,good,4,gas,192000,automatic,unknown,unknown,unknown,mo
5950,2006,chevrolet,good,8,gas,129543,automatic,4wd,truck,red,ct
5950,1999,toyota,excellent,4,gas,176927,manual,4wd,SUV,white,vt
5950,1997,jeep,good,4,gas,134554,manual,4wd,unknown,red,tx
5950,1999,acura,unknown,6,gas,106000,automatic,rwd,unknown,green,ky
5950,2010,kia,excellent,4,gas,171197,automatic,unknown,unknown,brown,tx
5950,2003,gmc,excellent,8,gas,140000,automatic,rwd,SUV,white,ca
5950,2012,volkswagen,salvage,5,gas,97000,automatic,fwd,sedan,blue,ca
5959,2009,ford,excellent,4,gas,121966,manual,unknown,unknown,unknown,ok
5975,2000,chevrolet,good,8,gas,176320,automatic,rwd,pickup,grey,or
5980,2006,honda,unknown,6,gas,167440,automatic,fwd,van,silver,al
5980,2006,lexus,good,6,gas,187167,automatic,fwd,sedan,green,mi
5980,2007,unknown,good,4,gas,164500,automatic,fwd,coupe,silver,or
5988,2013,nissan,unknown,4,gas,184979,automatic,fwd,unknown,white,wa
5988,2010,hyundai,unknown,4,gas,111759,automatic,fwd,unknown,unknown,fl
5988,2001,lincoln,unknown,8,gas,104315,automatic,unknown,sedan,silver,ok
5988,2003,volvo,unknown,6,gas,133000,automatic,4wd,SUV,unknown,co
5988,2000,jaguar,excellent,8,gas,74101,automatic,rwd,sedan,silver,ca
5990,2004,chevrolet,excellent,8,gas,207000,automatic,unknown,pickup,black,mn
5990,2013,volkswagen,like new,4,gas,100338,automatic,fwd,sedan,silver,va
5990,2008,ford,good,6,gas,185153,automatic,rwd,coupe,blue,tx
5990,2008,hyundai,excellent,6,gas,313700,automatic,fwd,SUV,grey,fl
5990,2013,nissan,excellent,4,electric,74864,automatic,fwd,hatchback,red,ca
5990,2013,fiat,unknown,4,gas,89357,manual,fwd,hatchback,unknown,az
5995,2011,subaru,good,4,gas,142000,automatic,4wd,wagon,grey,vt
5995,2006,toyota,unknown,6,gas,129655,automatic,fwd,sedan,unknown,tx
5995,2013,nissan,unknown,4,gas,120058,automatic,unknown,unknown,unknown,wi
5995,1996,buick,excellent,6,gas,129248,automatic,fwd,coupe,white,tx
5995,2010,nissan,good,4,gas,157835,automatic,fwd,sedan,silver,nj
5995,2012,unknown,unknown,6,unknown,65303,automatic,unknown,unknown,unknown,ct
5995,2005,ford,excellent,8,gas,145000,automatic,4wd,SUV,unknown,or
5995,2016,hyundai,salvage,4,gas,51000,automatic,fwd,sedan,grey,pa
5995,2008,saturn,good,4,gas,129813,automatic,rwd,sedan,custom,nc
5995,2013,mitsubishi,excellent,4,gas,110990,automatic,fwd,SUV,silver,tx
5995,2005,ford,unknown,6,other,159457,automatic,fwd,SUV,unknown,ok
5995,2000,chevrolet,unknown,8,diesel,162600,automatic,unknown,unknown,unknown,nd
5995,2007,chevrolet,excellent,4,gas,1000,automatic,unknown,unknown,unknown,ky
5995,2009,pontiac,good,6,gas,112641,automatic,fwd,unknown,grey,ma
5995,2012,unknown,unknown,6,unknown,65303,automatic,unknown,unknown,unknown,ma
5995,2008,nissan,good,4,gas,104792,automatic,fwd,sedan,black,pa
5995,2007,honda,like new,6,gas,151000,automatic,fwd,mini-van,grey,tx
5995,2007,volkswagen,like new,4,gas,125300,automatic,fwd,sedan,silver,va
5995,2011,ford,good,6,gas,124073,automatic,fwd,sedan,blue,ia
5995,2004,volvo,good,5,gas,159121,automatic,4wd,wagon,silver,co
5995,2001,jeep,unknown,8,gas,161179,automatic,unknown,SUV,blue,co
5995,2008,hyundai,good,4,gas,145180,manual,fwd,sedan,blue,ma
5995,2000,toyota,good,4,gas,74683,automatic,fwd,sedan,green,va
5995,2007,honda,good,4,gas,184294,automatic,fwd,SUV,white,tn
5995,2012,dodge,good,6,gas,147296,automatic,fwd,sedan,white,ky
5995,2008,mazda,unknown,4,gas,89610,automatic,unknown,unknown,unknown,me
5995,2005,ford,excellent,6,gas,303306,automatic,4wd,unknown,white,ca
5995,2009,toyota,good,4,gas,179732,automatic,fwd,sedan,black,nj
5995,2012,lincoln,unknown,6,gas,122427,automatic,fwd,sedan,grey,fl
5995,2012,chevrolet,unknown,4,gas,137715,automatic,unknown,sedan,blue,ar
5995,2015,nissan,unknown,4,gas,74506,manual,fwd,sedan,black,oh
5995,2008,toyota,good,4,gas,275079,automatic,fwd,SUV,white,tn
5995,2006,chrysler,unknown,6,gas,87000,automatic,unknown,mini-van,silver,pa
5995,2010,ford,good,4,gas,133254,automatic,rwd,hatchback,green,ca
5995,2007,toyota,excellent,4,gas,157747,automatic,fwd,sedan,grey,wi
5995,2005,mercury,unknown,8,gas,96000,automatic,unknown,unknown,unknown,il
5995,2007,toyota,excellent,6,gas,204092,automatic,fwd,mini-van,unknown,ok
5995,2008,chevrolet,good,6,gas,46574,automatic,fwd,SUV,white,co
5995,2004,chevrolet,unknown,8,gas,132000,automatic,rwd,unknown,unknown,tx
5995,2010,ford,good,8,gas,150000,automatic,rwd,sedan,blue,ks
5995,2008,chrysler,unknown,6,gas,90530,automatic,unknown,other,silver,mi
5995,2013,gmc,unknown,8,gas,287000,automatic,4wd,unknown,unknown,mt
5995,2009,ford,unknown,4,gas,65000,automatic,unknown,sedan,unknown,ks
5995,2004,toyota,unknown,4,gas,169253,automatic,fwd,sedan,silver,ca
5995,2012,ford,unknown,4,gas,134000,automatic,fwd,sedan,blue,ia
5995,2013,ford,unknown,4,gas,135271,automatic,unknown,unknown,unknown,mi
5995,1999,ford,good,10,gas,268657,automatic,4wd,pickup,brown,or
5995,2008,subaru,excellent,4,gas,121074,automatic,4wd,SUV,brown,ny
5995,2007,ram,unknown,6,other,167416,manual,unknown,unknown,white,la
5995,2008,mazda,unknown,4,gas,89610,automatic,unknown,unknown,unknown,ma
5995,2014,chevrolet,unknown,4,gas,76396,automatic,fwd,hatchback,blue,wi
5995,2007,bmw,good,6,gas,170000,automatic,rwd,sedan,grey,ca
5995,2008,saturn,excellent,6,gas,69625,automatic,fwd,sedan,red,mi
5995,2008,saturn,excellent,4,gas,50233,automatic,unknown,wagon,unknown,oh
5995,2012,unknown,unknown,6,unknown,115565,automatic,unknown,unknown,unknown,ny
5995,2002,ram,excellent,8,gas,195376,automatic,rwd,pickup,white,fl
5995,2007,toyota,unknown,4,gas,100514,automatic,fwd,sedan,unknown,ca
5995,2010,mercury,excellent,6,gas,140303,automatic,unknown,SUV,blue,va
5995,2013,chevrolet,excellent,4,gas,118464,automatic,fwd,sedan,grey,mi
5995,2008,honda,unknown,4,gas,162777,automatic,unknown,sedan,blue,fl
5995,2006,buick,excellent,6,gas,106881,automatic,fwd,sedan,blue,sc
5995,2010,ford,unknown,4,hybrid,124000,automatic,fwd,unknown,unknown,pa
5995,2013,unknown,unknown,4,unknown,56005,automatic,unknown,unknown,unknown,ny
5995,2013,dodge,excellent,6,gas,102000,automatic,fwd,sedan,blue,in
5995,2010,ford,unknown,6,gas,145841,automatic,unknown,unknown,unknown,oh
5995,2008,dodge,excellent,6,gas,125597,automatic,fwd,unknown,red,wi
5995,2007,infiniti,unknown,6,gas,153547,automatic,4wd,sedan,unknown,va
5995,2012,jeep,good,4,gas,111044,automatic,4wd,SUV,custom,nj
5995,2008,lexus,excellent,6,gas,157175,automatic,4wd,sedan,white,oh
5995,2011,nissan,excellent,4,gas,119516,automatic,fwd,hatchback,grey,ma
5995,2012,nissan,unknown,4,gas,119000,automatic,unknown,unknown,unknown,ny
5995,2005,chevrolet,unknown,6,gas,169768,automatic,unknown,sedan,unknown,or
5995,2008,toyota,unknown,6,gas,232972,automatic,fwd,wagon,white,ia
5995,2014,ford,excellent,4,gas,167713,automatic,fwd,sedan,white,ca
5997,2012,chevrolet,good,4,gas,141587,automatic,unknown,unknown,brown,fl
5998,2012,hyundai,good,4,gas,125000,automatic,fwd,wagon,silver,tx
5998,2013,unknown,excellent,4,gas,115000,automatic,fwd,sedan,grey,fl
5999,2012,subaru,like new,4,gas,147359,automatic,unknown,unknown,unknown,il
5999,2011,chevrolet,unknown,4,gas,146930,automatic,fwd,unknown,brown,mn
5999,2006,chevrolet,unknown,6,other,65256,automatic,unknown,coupe,white,ca
5999,2014,chevrolet,good,4,gas,107899,manual,unknown,unknown,unknown,ny
5999,2006,chevrolet,unknown,6,gas,147799,automatic,unknown,unknown,unknown,or
5999,2001,toyota,excellent,6,gas,221370,automatic,4wd,SUV,white,or
5999,2000,ford,unknown,8,gas,220000,automatic,unknown,unknown,unknown,mi
5999,2005,bmw,good,6,gas,125613,automatic,4wd,sedan,blue,wi
5999,2005,honda,unknown,4,gas,120372,other,fwd,SUV,silver,oh
5999,2008,jeep,excellent,8,gas,157000,automatic,4wd,SUV,blue,ny
5999,2008,nissan,excellent,4,gas,119804,automatic,fwd,sedan,grey,va
5999,2006,chevrolet,unknown,8,gas,206071,automatic,4wd,truck,red,oh
5999,2007,nissan,unknown,4,gas,107916,other,fwd,unknown,unknown,mn
5999,2011,mini,unknown,4,gas,102847,automatic,fwd,coupe,unknown,ga
5999,2011,gmc,excellent,6,gas,178000,automatic,unknown,SUV,silver,tx
5999,2012,ford,unknown,4,gas,138836,automatic,unknown,unknown,unknown,wi
5999,2010,unknown,unknown,4,gas,115051,automatic,fwd,other,silver,nv
5999,2005,ram,good,8,gas,156501,automatic,rwd,pickup,red,fl
5999,2012,ford,excellent,4,gas,106330,automatic,fwd,sedan,blue,pa
5999,2000,ford,unknown,8,gas,220000,automatic,unknown,unknown,unknown,wi
5999,2008,audi,good,6,gas,170000,automatic,4wd,sedan,unknown,fl
5999,2013,hyundai,excellent,4,gas,114000,automatic,unknown,unknown,unknown,fl
5999,2010,mitsubishi,unknown,4,gas,120141,automatic,unknown,unknown,unknown,wi
5999,2004,toyota,unknown,6,gas,227125,automatic,4wd,SUV,unknown,fl
6000,2012,chrysler,unknown,6,gas,179000,automatic,unknown,unknown,unknown,ca
6000,2004,cadillac,excellent,8,gas,46000,automatic,rwd,sedan,white,ca
6000,2014,toyota,fair,6,hybrid,200500,automatic,unknown,unknown,black,nj
6000,2010,ford,excellent,6,gas,145700,automatic,fwd,SUV,unknown,or
6000,2010,mercedes-benz,unknown,4,gas,166950,automatic,4wd,sedan,white,mn
6000,2010,toyota,excellent,4,hybrid,174500,automatic,fwd,sedan,grey,nc
6000,2012,fiat,unknown,4,gas,117100,manual,unknown,unknown,unknown,tx
6000,2008,jeep,excellent,6,gas,172000,automatic,4wd,unknown,red,wi
6000,2017,chevrolet,fair,4,gas,33774,automatic,fwd,sedan,black,il
6000,2007,subaru,good,4,gas,126000,automatic,4wd,wagon,silver,ma
6000,2011,unknown,excellent,6,gas,130000,automatic,4wd,coupe,silver,oh
6000,2010,volkswagen,good,5,gas,109519,automatic,unknown,sedan,black,pa
6000,2013,volkswagen,unknown,4,gas,160000,automatic,unknown,unknown,unknown,oh
6000,2006,mercury,good,4,gas,149000,automatic,4wd,truck,red,in
6000,2004,infiniti,good,6,gas,212000,automatic,rwd,coupe,white,fl
6000,2001,unknown,fair,8,diesel,230000,manual,unknown,other,white,fl
6000,2004,chevrolet,excellent,8,gas,140000,automatic,4wd,SUV,red,fl
6000,2011,nissan,good,4,gas,118000,automatic,unknown,unknown,black,ca
6000,2007,bmw,good,6,gas,74000,automatic,rwd,sedan,black,wa
6000,2007,lexus,excellent,4,gas,148000,automatic,unknown,unknown,red,dc
6000,2008,bmw,unknown,6,gas,128000,automatic,unknown,unknown,unknown,fl
6000,2006,buick,unknown,6,gas,77000,automatic,unknown,sedan,unknown,ca
6000,2013,dodge,good,6,gas,224000,automatic,fwd,mini-van,blue,il
6000,2007,saturn,good,4,gas,159000,automatic,rwd,convertible,silver,fl
6000,2004,bmw,good,8,gas,129700,automatic,rwd,sedan,silver,nj
6000,2009,subaru,unknown,4,gas,150,manual,unknown,unknown,unknown,fl
6000,2012,mazda,good,4,gas,123300,automatic,fwd,sedan,grey,me
6000,2001,honda,unknown,4,gas,57000,manual,fwd,unknown,unknown,ca
6000,2002,ford,fair,8,gas,196230,automatic,4wd,truck,black,co
6000,2011,hyundai,excellent,4,gas,90553,automatic,unknown,hatchback,silver,nc
6000,2009,honda,unknown,4,gas,93000,automatic,unknown,unknown,unknown,nj
6000,2011,honda,excellent,4,gas,147000,automatic,fwd,sedan,grey,pa
6000,2005,toyota,good,6,gas,221000,automatic,4wd,mini-van,grey,co
6000,2003,gmc,good,8,gas,139526,automatic,rwd,hatchback,black,ca
6000,1996,unknown,good,8,diesel,296000,automatic,unknown,truck,white,oh
6000,2009,ford,good,8,gas,100000,automatic,rwd,pickup,unknown,ga
6000,2008,mercedes-benz,good,8,gas,180,other,unknown,unknown,black,in
6000,2010,bmw,good,6,gas,159076,automatic,4wd,coupe,silver,wi
6000,2011,chevrolet,excellent,4,gas,150000,automatic,fwd,sedan,silver,ca
6047,2010,toyota,unknown,4,gas,230536,automatic,fwd,unknown,white,ok
6050,2012,chevrolet,excellent,6,gas,120321,automatic,4wd,SUV,silver,nj
6095,2003,jeep,unknown,8,gas,111115,automatic,unknown,SUV,unknown,pa
6100,2009,acura,unknown,4,gas,136212,automatic,unknown,unknown,black,id
6100,2013,hyundai,excellent,4,gas,109900,automatic,fwd,coupe,white,ct
6100,2011,ford,good,4,gas,188429,automatic,unknown,unknown,unknown,oh
6100,2010,dodge,good,6,gas,140000,automatic,fwd,unknown,blue,ia
6100,2013,hyundai,like new,4,gas,138000,automatic,fwd,sedan,grey,nm
6150,2013,hyundai,unknown,6,gas,192000,automatic,rwd,sedan,blue,ca
6199,2008,chevrolet,excellent,6,gas,103590,automatic,fwd,sedan,black,pa
6200,2012,hyundai,excellent,4,gas,111684,automatic,fwd,unknown,silver,ca
6200,2007,buick,good,4,gas,91203,automatic,rwd,sedan,brown,wi
6200,1996,ram,fair,6,diesel,150990,automatic,4wd,truck,white,ny
6200,2007,honda,unknown,4,gas,161564,automatic,unknown,unknown,unknown,la
6200,2005,gmc,excellent,6,gas,116775,automatic,rwd,unknown,red,in
6200,2004,mercedes-benz,excellent,4,gas,100000,automatic,4wd,sedan,black,nj
6200,2007,jeep,unknown,6,gas,144211,automatic,4wd,SUV,white,ny
6200,2012,volkswagen,unknown,4,gas,135000,automatic,unknown,unknown,unknown,ca
6200,2008,subaru,unknown,4,gas,140000,automatic,4wd,unknown,unknown,ca
6200,2007,unknown,unknown,8,gas,250000,automatic,4wd,unknown,black,nj
6200,2012,chrysler,good,6,gas,115891,automatic,fwd,mini-van,white,ny
6200,2000,ford,fair,8,diesel,280000,automatic,unknown,pickup,black,la
6250,2010,mazda,like new,4,gas,80000,automatic,fwd,SUV,purple,nj
6250,2002,chevrolet,unknown,8,gas,204011,automatic,unknown,unknown,unknown,id
6250,2007,toyota,good,4,gas,102457,automatic,unknown,unknown,grey,ca
6250,2010,hyundai,like new,4,gas,114250,automatic,fwd,unknown,unknown,ny
6250,2006,acura,good,6,gas,157800,manual,unknown,sedan,silver,ct
6250,2011,volkswagen,unknown,4,gas,139300,automatic,unknown,unknown,unknown,mn
6250,2008,toyota,unknown,6,gas,122000,automatic,unknown,unknown,unknown,ny
6290,2006,acura,excellent,4,gas,146600,automatic,fwd,unknown,unknown,wi
6295,2011,bmw,excellent,6,gas,133082,automatic,rwd,sedan,grey,ca
6295,2008,jeep,unknown,6,gas,198000,automatic,unknown,unknown,unknown,wv
6295,2012,ford,excellent,4,gas,116269,automatic,fwd,hatchback,red,wi
6295,2013,hyundai,excellent,4,gas,142000,automatic,fwd,sedan,black,ri
6295,2008,honda,unknown,4,gas,156079,manual,unknown,sedan,white,va
6300,2006,mercedes-benz,excellent,6,gas,123000,automatic,rwd,sedan,silver,ca
6300,2013,mazda,unknown,4,gas,100000,manual,unknown,unknown,black,me
6300,2012,honda,unknown,4,gas,158300,automatic,unknown,unknown,unknown,fl
6300,2013,ford,excellent,4,gas,110000,automatic,fwd,sedan,silver,wi
6388,2006,chevrolet,unknown,6,other,123080,automatic,4wd,other,white,co
6390,2006,toyota,unknown,4,gas,140916,automatic,unknown,unknown,unknown,nc
6395,2011,honda,good,4,gas,133413,automatic,fwd,coupe,white,pa
6399,2010,subaru,excellent,4,gas,237000,automatic,4wd,unknown,white,sd
6399,2010,ford,unknown,4,gas,61000,automatic,unknown,unknown,unknown,pa
6400,2016,chevrolet,good,4,gas,116000,automatic,fwd,SUV,grey,ok
6400,2008,bmw,excellent,6,gas,130000,automatic,fwd,sedan,blue,ca
6400,2013,ford,excellent,4,hybrid,145000,automatic,unknown,unknown,white,ca
6400,2013,dodge,good,6,gas,117000,automatic,fwd,mini-van,unknown,wi
6400,2010,toyota,excellent,4,gas,140629,automatic,fwd,sedan,red,pa
6400,2009,honda,excellent,6,gas,215000,automatic,fwd,sedan,silver,nj
6400,2008,infiniti,excellent,6,gas,148,automatic,4wd,sedan,black,mi
6400,2007,toyota,excellent,4,gas,180000,automatic,unknown,sedan,grey,ca
6450,2009,subaru,excellent,4,gas,154043,automatic,unknown,sedan,black,ca
6450,2008,toyota,excellent,4,hybrid,124321,automatic,unknown,unknown,blue,ca
6450,2002,toyota,good,6,gas,202683,automatic,rwd,SUV,brown,tx
6450,2013,volkswagen,unknown,4,gas,170,automatic,unknown,unknown,unknown,tx
6464,2013,dodge,unknown,4,gas,120569,manual,unknown,unknown,unknown,ok
6470,2010,ford,excellent,8,gas,204670,automatic,rwd,pickup,white,va
6481,2011,nissan,excellent,4,gas,120000,automatic,fwd,sedan,silver,sc
6488,2011,honda,unknown,4,gas,161914,automatic,fwd,sedan,custom,oh
6495,2005,unknown,good,4,gas,91730,automatic,fwd,hatchback,white,nj
6495,2004,chevrolet,unknown,8,gas,194761,automatic,4wd,unknown,white,co
6495,2005,jeep,good,6,gas,131767,automatic,4wd,SUV,custom,pa
6495,2011,toyota,unknown,4,gas,213000,automatic,unknown,unknown,unknown,tn
6495,2006,volkswagen,excellent,4,gas,141264,automatic,fwd,hatchback,red,nh
6495,2010,subaru,unknown,4,gas,139400,automatic,unknown,unknown,unknown,oh
6495,2008,ford,unknown,8,gas,187542,automatic,unknown,unknown,unknown,mi
6495,2007,chrysler,excellent,4,gas,85174,automatic,fwd,unknown,blue,ia
6495,2013,chrysler,good,6,gas,128689,automatic,fwd,sedan,custom,mi
6495,2005,toyota,good,4,gas,209000,manual,4wd,truck,silver,oh
6495,2009,dodge,good,6,gas,111000,automatic,rwd,sedan,white,ny
6495,2010,ford,unknown,4,hybrid,66000,automatic,unknown,unknown,unknown,nj
6495,2012,volkswagen,excellent,4,gas,114000,manual,fwd,sedan,black,pa
6495,2007,honda,like new,4,gas,137571,automatic,fwd,sedan,blue,ny
6495,1995,mini,unknown,4,gas,98765,manual,4wd,SUV,blue,nm
6495,2006,volkswagen,excellent,4,gas,141264,automatic,fwd,hatchback,red,ny
6497,2003,nissan,excellent,6,gas,155732,automatic,4wd,SUV,unknown,va
6497,2009,toyota,unknown,4,gas,159542,automatic,fwd,unknown,blue,wi
6497,2012,subaru,excellent,4,gas,142000,automatic,4wd,wagon,blue,ma
6498,2012,chevrolet,good,4,gas,100562,automatic,fwd,sedan,blue,vt
6499,2010,volkswagen,excellent,5,gas,116033,automatic,fwd,sedan,black,ks
6499,2012,toyota,good,4,hybrid,111125,automatic,fwd,hatchback,white,wi
6499,2004,bmw,unknown,6,gas,116234,automatic,unknown,unknown,unknown,wi
6499,2012,jeep,unknown,6,gas,98000,other,4wd,SUV,grey,oh
6499,2002,unknown,unknown,6,gas,93730,automatic,unknown,SUV,white,ks
6499,2012,toyota,excellent,4,hybrid,195731,automatic,fwd,hatchback,green,ct
6499,2008,audi,excellent,4,gas,79000,automatic,unknown,hatchback,unknown,ca
6499,2007,honda,excellent,4,gas,253402,manual,fwd,hatchback,silver,ca
6500,2014,jeep,excellent,4,gas,150000,automatic,4wd,SUV,black,nh
6500,2009,honda,good,4,gas,169000,automatic,4wd,SUV,white,mo
6500,2011,kia,excellent,4,gas,108345,automatic,fwd,SUV,black,ak
6500,2007,ford,good,8,gas,108022,automatic,rwd,truck,white,tx
6500,2009,acura,good,6,gas,137813,automatic,unknown,sedan,black,ny
6500,2006,mercedes-benz,excellent,6,gas,117000,automatic,4wd,sedan,unknown,va
6500,2003,mercedes-benz,like new,6,gas,89223,automatic,rwd,coupe,silver,fl
6500,1996,ford,good,8,gas,31000,manual,rwd,coupe,white,az
6500,1995,toyota,good,6,gas,297000,automatic,4wd,unknown,unknown,nc
6500,2007,volvo,excellent,8,gas,110000,automatic,4wd,sedan,white,ny
6500,2010,cadillac,good,8,gas,130000,automatic,unknown,sedan,black,pa
6500,2007,cadillac,excellent,8,gas,129125,automatic,4wd,SUV,black,or
6500,2008,honda,good,6,gas,132206,automatic,unknown,van,custom,ct
6500,2009,hyundai,good,6,gas,118500,automatic,4wd,SUV,blue,nc
6500,1996,ram,unknown,8,gas,181000,automatic,unknown,unknown,unknown,nd
6500,2006,honda,unknown,4,gas,164000,automatic,unknown,unknown,unknown,fl
6500,2012,cadillac,good,6,gas,134000,automatic,unknown,unknown,unknown,oh
6500,1999,chevrolet,good,8,gas,108000,automatic,4wd,SUV,grey,wa
6500,2010,chrysler,excellent,6,gas,108000,automatic,fwd,mini-van,white,ut
6500,2002,dodge,excellent,8,gas,139000,automatic,4wd,pickup,grey,nc
6500,2005,chevrolet,unknown,8,gas,115000,automatic,unknown,unknown,unknown,va
6500,2010,ford,unknown,8,gas,97766,automatic,4wd,SUV,black,fl
6500,2003,ram,good,8,gas,118000,automatic,4wd,truck,red,mn
6500,2005,nissan,excellent,6,gas,175380,automatic,4wd,SUV,grey,pa
6500,2015,unknown,good,3,gas,50000,automatic,rwd,hatchback,white,il
6500,2011,unknown,like new,4,gas,115000,automatic,unknown,unknown,unknown,ca
6500,2014,unknown,like new,4,gas,110000,automatic,unknown,unknown,unknown,ny
6500,2005,chrysler,excellent,6,gas,124000,manual,unknown,unknown,unknown,nc
6500,2005,lexus,excellent,6,gas,173622,automatic,fwd,sedan,silver,in
6500,2007,honda,excellent,6,gas,116000,automatic,fwd,sedan,blue,oh
6500,1997,ford,excellent,6,gas,73610,automatic,rwd,convertible,red,ny
6500,2007,lincoln,like new,6,gas,138384,automatic,fwd,SUV,black,fl
6500,2013,hyundai,excellent,4,gas,121046,automatic,unknown,unknown,white,ny
6500,2008,lincoln,good,8,gas,196000,automatic,unknown,unknown,black,tx
6500,2010,honda,good,4,gas,48000,automatic,unknown,sedan,silver,mn
6500,2013,honda,excellent,4,gas,165000,automatic,fwd,sedan,grey,mn
6500,2008,acura,good,4,gas,161000,automatic,4wd,unknown,unknown,ca
6500,2010,dodge,good,6,gas,103129,automatic,unknown,unknown,black,ct
6500,2002,acura,excellent,4,gas,165000,manual,fwd,coupe,red,ca
6500,2005,ford,good,6,gas,116608,automatic,4wd,pickup,white,ny
6500,2008,unknown,unknown,4,gas,150987,manual,unknown,unknown,unknown,tx
6500,2010,ford,unknown,4,gas,116253,automatic,fwd,unknown,unknown,ia
6500,2006,bmw,good,6,gas,220000,other,4wd,unknown,unknown,nc
6500,2012,nissan,like new,4,gas,85500,automatic,fwd,sedan,silver,tx
6500,2009,acura,unknown,4,gas,167000,automatic,unknown,unknown,unknown,ca
6500,2013,nissan,excellent,4,gas,108500,automatic,fwd,sedan,red,ca
6500,2008,mercedes-benz,excellent,6,gas,119052,automatic,unknown,unknown,white,fl
6500,2005,rover,unknown,8,gas,140000,automatic,unknown,unknown,unknown,ny
6500,2013,nissan,like new,4,gas,97000,automatic,fwd,sedan,silver,ca
6500,2006,volkswagen,unknown,6,gas,112000,automatic,unknown,unknown,unknown,oh
6500,2011,kia,good,4,gas,102550,automatic,fwd,unknown,unknown,ny
6500,2005,dodge,like new,6,gas,118457,automatic,rwd,wagon,silver,or
6500,2012,volvo,unknown,5,gas,110937,automatic,unknown,unknown,unknown,ma
6500,2003,gmc,excellent,6,gas,185100,automatic,4wd,SUV,brown,az
6500,2013,dodge,unknown,4,gas,89500,automatic,unknown,unknown,unknown,ny
6500,2004,mercedes-benz,excellent,8,gas,116000,automatic,rwd,sedan,blue,ga
6500,2001,chevrolet,excellent,8,gas,116000,automatic,rwd,truck,white,fl
6500,2005,ford,excellent,8,gas,120000,automatic,unknown,unknown,unknown,tx
6500,2006,infiniti,excellent,6,gas,130000,automatic,rwd,unknown,silver,ca
6500,2003,bmw,excellent,6,gas,116400,automatic,rwd,convertible,silver,oh
6500,1997,toyota,good,6,gas,260000,automatic,rwd,unknown,black,ca
6500,2008,mercedes-benz,good,6,gas,163000,automatic,4wd,SUV,white,ca
6500,2002,toyota,unknown,6,gas,180000,automatic,unknown,unknown,unknown,ca
6520,2013,chrysler,good,4,gas,152000,automatic,fwd,sedan,silver,nc
6550,2001,mercedes-benz,excellent,8,gas,112000,automatic,rwd,coupe,black,az
6550,2009,toyota,good,4,hybrid,99555,automatic,fwd,hatchback,white,oh
6563,2006,ford,good,8,gas,195408,automatic,fwd,truck,grey,mo
6575,2010,toyota,excellent,4,gas,130000,automatic,fwd,sedan,white,nj
6600,2005,chevrolet,good,8,gas,230700,automatic,4wd,unknown,unknown,co
6600,2012,honda,excellent,4,gas,159222,automatic,fwd,sedan,white,ca
6600,2013,kia,excellent,4,gas,93822,automatic,fwd,hatchback,silver,az
6600,2005,ram,excellent,8,gas,98000,automatic,4wd,unknown,white,oh
6600,2012,nissan,excellent,4,gas,60000,automatic,fwd,sedan,black,or
6600,2002,ford,unknown,8,gas,109000,automatic,unknown,unknown,unknown,ga
6634,2007,toyota,unknown,4,gas,147581,automatic,unknown,unknown,unknown,co
6650,2014,ford,unknown,4,gas,113000,automatic,unknown,unknown,unknown,tx
6699,2013,hyundai,like new,4,gas,98000,automatic,fwd,unknown,unknown,ca
6699,2011,buick,unknown,6,other,110508,automatic,unknown,sedan,white,nj
6700,2008,mercedes-benz,good,6,gas,177000,automatic,unknown,sedan,silver,fl
6700,2006,chevrolet,good,8,gas,198284,automatic,unknown,unknown,unknown,pa
6700,2007,toyota,unknown,4,gas,153456,automatic,unknown,unknown,blue,ut
6700,2009,saturn,excellent,4,hybrid,44351,automatic,fwd,unknown,red,oh
6700,2001,toyota,excellent,6,gas,202000,automatic,4wd,SUV,black,il
6700,2011,volkswagen,good,4,gas,150000,automatic,fwd,sedan,silver,dc
6700,2014,nissan,unknown,4,gas,73540,automatic,fwd,sedan,black,fl
6700,2009,toyota,unknown,6,gas,157567,automatic,fwd,other,unknown,va
6700,2008,bmw,excellent,6,gas,124000,automatic,unknown,sedan,black,ga
6742,2012,subaru,unknown,4,unknown,148767,automatic,unknown,wagon,black,nj
6750,2008,infiniti,excellent,6,gas,126000,automatic,unknown,unknown,grey,ca
6750,2011,chevrolet,unknown,4,gas,59000,automatic,unknown,unknown,unknown,or
6750,2011,ford,excellent,4,gas,137943,automatic,rwd,unknown,unknown,wi
6750,2014,chevrolet,excellent,4,gas,71000,automatic,fwd,hatchback,red,tx
6750,2007,saturn,unknown,6,unknown,107027,automatic,fwd,sedan,silver,co
6750,2016,nissan,good,4,gas,34000,automatic,unknown,unknown,white,ar
6750,2007,ford,good,6,gas,102500,automatic,rwd,sedan,red,id
6788,2009,mercury,excellent,4,gas,128000,automatic,fwd,SUV,green,mi
6799,2001,bmw,like new,6,gas,92723,automatic,rwd,sedan,silver,or
6800,2004,ram,excellent,8,gas,198518,automatic,4wd,truck,silver,ia
6800,2011,unknown,excellent,4,gas,89000,manual,fwd,unknown,black,ny
6800,2006,nissan,good,6,gas,130800,manual,rwd,pickup,unknown,ca
6800,2016,nissan,unknown,4,gas,87000,automatic,unknown,unknown,unknown,ca
6800,2012,volkswagen,excellent,4,diesel,130000,automatic,fwd,wagon,white,il
6800,2006,ford,good,8,gas,160124,automatic,4wd,pickup,red,ia
6800,1999,unknown,excellent,6,gas,86000,automatic,fwd,unknown,brown,ma
6800,2009,ford,excellent,6,gas,136000,automatic,fwd,SUV,grey,ca
6800,2011,ford,unknown,6,gas,173000,automatic,unknown,unknown,unknown,co
6800,2011,honda,unknown,6,gas,211000,automatic,unknown,unknown,unknown,fl
6800,2007,acura,unknown,6,gas,102000,automatic,unknown,unknown,unknown,pa
6800,2005,chevrolet,unknown,8,gas,175000,automatic,unknown,unknown,unknown,az
6800,2009,chevrolet,unknown,6,gas,163000,automatic,unknown,SUV,white,mi
6800,2012,toyota,good,4,gas,143500,automatic,fwd,unknown,unknown,ma
6800,2013,infiniti,unknown,6,gas,122852,automatic,rwd,coupe,grey,md
6800,2013,nissan,excellent,4,gas,100000,automatic,fwd,sedan,brown,nv
6800,2014,mitsubishi,unknown,4,gas,113000,automatic,unknown,unknown,unknown,nj
6800,2015,nissan,excellent,4,gas,85000,automatic,unknown,sedan,unknown,md
6850,2005,ram,good,8,gas,181790,automatic,4wd,pickup,orange,ny
6850,2010,toyota,excellent,4,gas,120000,automatic,fwd,unknown,white,oh
6850,2007,acura,excellent,6,gas,163080,automatic,fwd,sedan,grey,oh
6850,2011,toyota,unknown,4,gas,10400,automatic,unknown,unknown,unknown,id
6875,2008,toyota,unknown,6,gas,72253,automatic,fwd,convertible,white,fl
6890,2004,lincoln,excellent,8,gas,142052,automatic,fwd,SUV,white,sc
6895,2008,jeep,good,6,gas,120511,automatic,4wd,SUV,brown,co
6895,2007,jeep,good,6,gas,107520,automatic,4wd,SUV,silver,nm
6899,2003,bmw,like new,4,gas,111853,automatic,fwd,coupe,silver,az
6900,2007,bmw,excellent,6,gas,121977,automatic,unknown,unknown,grey,ar
6900,2012,hyundai,unknown,4,gas,169104,automatic,fwd,SUV,grey,ky
6900,2007,infiniti,good,6,gas,129999,automatic,rwd,sedan,brown,fl
6900,2006,ford,unknown,8,gas,160000,automatic,unknown,unknown,unknown,fl
6900,2001,ford,good,10,gas,202500,automatic,4wd,SUV,blue,ca
6900,2011,unknown,good,4,gas,114,automatic,unknown,unknown,unknown,ca
6900,2012,nissan,unknown,4,electric,70848,automatic,fwd,unknown,unknown,co
6900,2007,chevrolet,unknown,8,gas,200000,automatic,unknown,unknown,unknown,wa
6900,2012,hyundai,good,4,gas,129000,automatic,fwd,sedan,unknown,co
6900,2010,chevrolet,unknown,6,gas,183903,automatic,unknown,unknown,unknown,mi
6900,2000,ford,good,8,diesel,293000,automatic,4wd,unknown,white,oh
6900,2010,chevrolet,good,6,gas,102219,automatic,fwd,sedan,grey,mi
6900,2014,chevrolet,unknown,6,gas,147654,automatic,fwd,unknown,black,sd
6900,1999,ram,excellent,8,gas,114000,automatic,4wd,truck,black,tn
6900,2009,bmw,excellent,6,gas,132000,automatic,rwd,coupe,white,wa
6900,2014,chrysler,good,4,gas,148726,automatic,fwd,sedan,red,mi
6900,2000,ford,unknown,8,other,93763,other,rwd,truck,unknown,oh
6900,2007,toyota,excellent,8,gas,186000,automatic,rwd,SUV,blue,nc
6900,2012,subaru,excellent,4,gas,113000,automatic,4wd,sedan,blue,vt
6900,2010,toyota,like new,4,gas,86727,automatic,fwd,wagon,blue,nc
6900,2009,subaru,excellent,4,gas,145900,automatic,4wd,unknown,unknown,ga
6900,2007,mercedes-benz,unknown,6,gas,204114,automatic,unknown,unknown,unknown,mi
6900,2001,ford,good,8,gas,181341,automatic,rwd,truck,white,nc
6900,2011,dodge,excellent,6,gas,87413,automatic,unknown,SUV,unknown,mn
6900,2007,mercury,excellent,8,gas,158000,automatic,4wd,SUV,white,me
6900,2013,nissan,good,4,gas,165500,automatic,4wd,SUV,black,mn
6900,2009,audi,unknown,4,gas,155000,automatic,unknown,unknown,unknown,ct
6900,2006,lexus,excellent,6,gas,149620,automatic,unknown,SUV,black,ky
6900,2000,ford,excellent,8,gas,119625,automatic,rwd,van,white,mi
6900,2006,chevrolet,excellent,8,gas,234604,automatic,4wd,pickup,red,mi
6900,2013,toyota,good,4,gas,136000,automatic,unknown,unknown,unknown,fl
6900,2001,unknown,good,4,gas,265000,automatic,unknown,truck,silver,tx
6900,2013,kia,excellent,4,gas,161000,automatic,fwd,sedan,red,mo
6900,2014,kia,excellent,4,gas,111000,automatic,fwd,sedan,black,tx
6900,2008,nissan,good,8,gas,228000,automatic,4wd,unknown,blue,oh
6900,2010,lincoln,unknown,6,gas,84000,automatic,unknown,unknown,unknown,tn
6901,2013,chrysler,excellent,4,gas,117174,automatic,fwd,sedan,grey,pa
6930,2006,subaru,unknown,4,gas,155661,automatic,4wd,sedan,silver,co
6949,2006,acura,excellent,6,gas,162000,automatic,4wd,SUV,grey,ca
6950,2010,toyota,unknown,4,gas,193000,automatic,fwd,sedan,green,ks
6950,2010,mazda,good,4,gas,115397,automatic,fwd,sedan,blue,mi
6950,2006,unknown,like new,4,gas,127000,automatic,4wd,SUV,silver,ny
6950,2007,ford,good,10,gas,115000,automatic,rwd,bus,white,ar
6950,2006,cadillac,unknown,8,gas,198844,automatic,4wd,SUV,black,wi
6950,2015,kia,good,4,gas,149000,automatic,fwd,sedan,silver,or
6950,2005,ram,good,8,gas,184222,automatic,4wd,pickup,red,il
6950,2013,ford,unknown,4,gas,112407,automatic,unknown,hatchback,red,ca
6950,2003,cadillac,excellent,6,gas,95124,automatic,unknown,sedan,unknown,pa
6950,1999,chrysler,unknown,6,gas,51000,automatic,fwd,sedan,unknown,ny
6950,2010,volvo,excellent,5,gas,115695,automatic,fwd,sedan,silver,ma
6950,2011,buick,excellent,6,gas,131221,automatic,fwd,sedan,silver,ks
6950,2007,mercedes-benz,good,6,gas,124813,automatic,rwd,sedan,blue,nm
6975,2011,hyundai,excellent,4,gas,105054,automatic,fwd,sedan,blue,ca
6977,2002,dodge,unknown,6,gas,80551,automatic,unknown,mini-van,red,wi
6980,2009,honda,excellent,4,gas,133541,automatic,fwd,hatchback,orange,ks
6985,2008,toyota,unknown,4,hybrid,111202,automatic,fwd,hatchback,unknown,wi
6985,2008,mercedes-benz,unknown,6,gas,117028,automatic,unknown,coupe,black,tx
6988,2005,toyota,unknown,4,gas,150296,automatic,fwd,sedan,silver,ca
6988,2013,nissan,unknown,4,electric,38648,automatic,fwd,hatchback,white,ca
6989,2010,toyota,unknown,4,gas,174801,automatic,unknown,unknown,unknown,oh
6990,2014,ford,unknown,4,gas,147285,automatic,unknown,sedan,blue,va
6990,2008,toyota,excellent,6,gas,193867,automatic,fwd,mini-van,brown,il
6990,2012,dodge,excellent,6,gas,149976,automatic,rwd,SUV,white,sc
6990,2014,nissan,unknown,4,gas,116137,automatic,fwd,sedan,white,nj
6990,2012,ford,excellent,4,gas,113430,automatic,4wd,SUV,white,ia
6990,2001,ford,excellent,8,gas,186361,automatic,unknown,pickup,white,fl
6990,2013,nissan,unknown,4,gas,100239,automatic,fwd,sedan,silver,pa
6990,2010,volkswagen,unknown,4,gas,147001,automatic,unknown,unknown,unknown,wa
6990,2000,mercedes-benz,excellent,8,gas,141883,automatic,unknown,sedan,silver,nc
6995,2012,ford,good,4,gas,132000,automatic,fwd,sedan,white,mn
6995,1998,ford,good,8,gas,125000,automatic,unknown,SUV,unknown,or
6995,2010,honda,excellent,6,gas,157231,automatic,unknown,unknown,unknown,ga
6995,2004,toyota,good,6,gas,258906,automatic,4wd,SUV,blue,ks
6995,2007,buick,unknown,6,gas,134305,automatic,fwd,sedan,black,id
6995,2006,acura,excellent,6,gas,188389,automatic,unknown,sedan,grey,ma
6995,2006,volkswagen,unknown,4,gas,86161,automatic,fwd,sedan,black,la
6995,2016,mini,excellent,3,gas,137823,manual,fwd,other,grey,nj
6995,2011,hyundai,unknown,4,gas,92000,manual,unknown,unknown,unknown,id
6995,2011,honda,good,6,gas,151692,automatic,unknown,unknown,black,nc
6995,2010,ford,unknown,4,gas,102241,automatic,fwd,sedan,red,az
6995,2010,hyundai,good,4,gas,100340,automatic,fwd,other,grey,ny
6995,2010,jeep,good,4,gas,155160,automatic,4wd,SUV,blue,ks
6995,2008,ford,unknown,6,gas,153925,automatic,4wd,sedan,green,nd
6995,2008,mercedes-benz,excellent,6,gas,120054,automatic,unknown,sedan,blue,oh
6995,2012,ford,unknown,4,gas,93685,automatic,fwd,hatchback,white,tx
6995,2004,toyota,excellent,6,gas,141000,automatic,4wd,SUV,black,nj
6995,2014,chevrolet,unknown,4,gas,78607,automatic,unknown,hatchback,green,nh
6995,2010,toyota,excellent,4,hybrid,195197,automatic,fwd,sedan,unknown,or
6995,2005,gmc,unknown,8,gas,162000,automatic,4wd,unknown,unknown,me
6995,2016,nissan,unknown,4,gas,80220,manual,fwd,hatchback,silver,mn
6995,2012,mazda,excellent,4,gas,125699,automatic,fwd,sedan,black,in
6995,2009,honda,good,4,gas,98000,automatic,fwd,sedan,silver,pa
6995,2010,nissan,good,6,gas,120000,automatic,fwd,sedan,unknown,mn
6995,2005,nissan,excellent,6,gas,205535,automatic,4wd,SUV,red,id
6995,2008,honda,unknown,4,gas,141922,automatic,fwd,coupe,unknown,id
6995,2008,mazda,unknown,4,gas,103915,automatic,fwd,mini-van,grey,or
6995,2010,jeep,unknown,4,gas,146119,automatic,4wd,SUV,unknown,pa
6995,2011,acura,excellent,4,gas,187127,automatic,fwd,sedan,silver,nj
6995,2012,nissan,excellent,6,gas,133000,automatic,4wd,SUV,blue,pa
6995,2007,ford,good,8,gas,183258,automatic,unknown,SUV,grey,tx
6995,2010,nissan,unknown,6,gas,165000,automatic,unknown,unknown,unknown,wi
6995,2012,volkswagen,unknown,4,gas,152561,automatic,unknown,sedan,silver,ks
6995,2006,honda,unknown,4,gas,79000,automatic,unknown,unknown,unknown,de
6995,2007,bmw,unknown,6,gas,124351,automatic,unknown,unknown,unknown,pa
6995,2002,ram,excellent,8,gas,245851,automatic,4wd,pickup,white,ca
6995,2015,kia,unknown,4,gas,106729,manual,unknown,wagon,black,fl
6995,2011,toyota,good,4,hybrid,163000,automatic,fwd,hatchback,grey,ma
6995,2011,ford,excellent,6,gas,113160,automatic,4wd,SUV,silver,ma
6995,2009,hyundai,unknown,4,gas,116599,automatic,fwd,sedan,silver,id
6995,2005,honda,good,4,gas,162000,automatic,4wd,SUV,grey,co
6995,2011,nissan,excellent,4,gas,102790,automatic,unknown,unknown,unknown,ga
6995,2013,honda,good,4,gas,172245,automatic,fwd,coupe,black,mi
6995,2006,cadillac,unknown,8,gas,90460,automatic,fwd,sedan,blue,mn
6995,2010,honda,like new,6,gas,212704,automatic,fwd,van,brown,wy
6995,2007,honda,unknown,4,gas,139788,automatic,fwd,SUV,green,fl
6995,2008,buick,unknown,6,gas,90107,automatic,unknown,sedan,brown,pa
6995,2013,dodge,excellent,6,gas,138698,automatic,fwd,sedan,silver,sc
6995,2008,dodge,excellent,4,gas,77880,automatic,fwd,hatchback,custom,ne
6995,2012,ford,unknown,4,gas,155761,automatic,unknown,unknown,unknown,or
6995,2012,ford,good,6,gas,217012,automatic,rwd,pickup,white,nm
6995,2009,toyota,unknown,4,gas,102198,automatic,fwd,sedan,black,nj
6995,2013,chevrolet,unknown,4,gas,136910,automatic,fwd,sedan,black,fl
6995,2012,honda,good,4,gas,205763,automatic,fwd,sedan,black,ky
6995,2011,mazda,good,4,gas,120000,automatic,fwd,hatchback,blue,ma
6995,2004,bmw,excellent,4,gas,147067,automatic,unknown,sedan,black,or
6995,1999,ford,good,10,gas,100000,automatic,unknown,truck,red,ca
6995,2007,kia,good,4,gas,130660,automatic,rwd,SUV,silver,tx
6995,2012,ford,unknown,8,gas,338000,automatic,unknown,unknown,unknown,ri
6995,2008,chevrolet,excellent,4,gas,119000,manual,fwd,unknown,unknown,or
6995,2011,honda,unknown,4,gas,107500,automatic,fwd,coupe,red,ct
6995,2013,volkswagen,unknown,4,diesel,100000,automatic,unknown,sedan,grey,fl
6995,2007,honda,excellent,4,gas,84721,automatic,fwd,sedan,brown,dc
6995,2012,nissan,unknown,4,gas,92852,manual,fwd,hatchback,unknown,wi
6995,2013,chrysler,unknown,6,gas,126386,automatic,unknown,unknown,unknown,mi
6995,2011,kia,excellent,6,gas,89100,automatic,fwd,mini-van,silver,ca
6995,2007,lexus,good,6,gas,213000,automatic,fwd,sedan,black,or
6995,2011,toyota,unknown,4,gas,175641,automatic,fwd,sedan,unknown,md
6995,2011,chevrolet,good,4,gas,149835,automatic,fwd,sedan,blue,fl
6995,2007,toyota,good,6,gas,111413,automatic,fwd,sedan,black,fl
6995,2014,ford,unknown,4,gas,94000,automatic,unknown,unknown,unknown,or
6995,2007,audi,good,4,gas,124000,automatic,4wd,convertible,black,ca
6995,2006,acura,unknown,6,gas,142764,automatic,unknown,SUV,unknown,ca
6995,2003,buick,unknown,6,gas,108393,automatic,4wd,SUV,white,ca
6995,2013,kia,good,4,gas,130124,automatic,fwd,wagon,white,nj
6995,2011,kia,unknown,4,gas,103288,automatic,unknown,sedan,black,ca
6995,2014,chevrolet,unknown,4,gas,411,automatic,unknown,unknown,unknown,ar
6995,2002,ford,fair,8,gas,139000,automatic,4wd,pickup,grey,mi
6995,2010,mini,excellent,4,gas,118091,automatic,fwd,coupe,silver,or
6995,2010,dodge,excellent,6,gas,121052,automatic,unknown,SUV,red,ny
6997,2005,mazda,unknown,4,gas,115237,automatic,rwd,truck,white,fl
6998,2010,kia,unknown,4,gas,162096,automatic,fwd,sedan,white,id
6998,2006,chrysler,unknown,6,gas,83554,automatic,rwd,sedan,unknown,mn
6998,2009,subaru,good,4,gas,138485,automatic,4wd,wagon,blue,vt
6998,2009,subaru,unknown,4,gas,132128,automatic,unknown,sedan,blue,ma
6998,2007,subaru,unknown,4,gas,145684,manual,4wd,SUV,unknown,wa
6998,2011,kia,unknown,4,gas,94208,automatic,fwd,coupe,brown,ca
6999,2014,jeep,excellent,4,gas,81000,automatic,unknown,SUV,unknown,ca
6999,2000,chevrolet,good,8,gas,186000,automatic,4wd,pickup,red,ks
6999,2007,honda,excellent,6,gas,150000,automatic,fwd,mini-van,blue,ca
6999,2007,jeep,unknown,6,gas,162046,automatic,unknown,unknown,unknown,wi
6999,2011,toyota,unknown,4,gas,158285,manual,fwd,sedan,grey,oh
6999,2008,chevrolet,excellent,5,gas,157000,automatic,4wd,unknown,red,ia
6999,2005,chevrolet,excellent,8,gas,116856,automatic,rwd,SUV,silver,fl
6999,2013,ford,excellent,4,gas,116472,automatic,unknown,unknown,unknown,fl
6999,2017,hyundai,like new,4,gas,108000,automatic,fwd,hatchback,black,ca
6999,2008,subaru,unknown,4,gas,154557,automatic,unknown,wagon,unknown,id
6999,2014,hyundai,good,4,gas,114000,automatic,unknown,sedan,black,tx
6999,2007,honda,unknown,4,gas,158766,automatic,4wd,SUV,black,oh
6999,2007,cadillac,excellent,6,gas,162741,manual,rwd,sedan,silver,sc
6999,2005,honda,excellent,4,gas,170193,automatic,4wd,SUV,grey,ny
6999,2013,chrysler,good,4,gas,108963,automatic,fwd,sedan,silver,in
6999,2009,honda,good,6,gas,139000,automatic,fwd,sedan,black,oh
6999,2010,mercury,excellent,6,gas,132834,automatic,fwd,SUV,unknown,ny
6999,2008,ford,unknown,8,gas,119485,automatic,unknown,van,white,wi
6999,2013,fiat,excellent,4,gas,84658,automatic,fwd,hatchback,white,il
6999,2012,subaru,unknown,4,gas,106253,manual,unknown,sedan,unknown,tn
6999,2011,chrysler,unknown,6,gas,109000,automatic,unknown,unknown,unknown,mi
7000,2011,ford,unknown,6,gas,92682,manual,unknown,unknown,unknown,or
7000,1997,jeep,good,4,gas,161000,automatic,4wd,unknown,blue,fl
7000,2019,nissan,good,4,gas,21626,automatic,fwd,sedan,blue,ok
7000,2014,ford,good,8,gas,288000,automatic,rwd,truck,white,tn
7000,2006,honda,unknown,6,gas,114000,automatic,unknown,unknown,unknown,id
7000,2000,toyota,excellent,4,gas,190000,automatic,fwd,hatchback,silver,sc
7000,1996,ford,good,8,diesel,260000,automatic,rwd,truck,blue,id
7000,2006,ford,unknown,8,diesel,212550,automatic,4wd,truck,white,sc
7000,2011,toyota,excellent,4,gas,100557,automatic,4wd,SUV,red,ia
7000,2002,ram,unknown,6,diesel,85000,automatic,4wd,unknown,unknown,ny
7000,2011,unknown,unknown,4,diesel,157320,automatic,unknown,unknown,unknown,me
7000,2004,gmc,good,8,gas,115000,automatic,4wd,SUV,silver,fl
7000,2008,honda,good,4,gas,108672,automatic,unknown,unknown,red,ca
7000,2005,bmw,good,6,gas,119000,automatic,unknown,unknown,white,ri
7000,1997,dodge,excellent,6,gas,164000,manual,unknown,pickup,red,ak
7000,2007,mercedes-benz,excellent,8,gas,86000,automatic,4wd,SUV,black,ny
7000,2005,nissan,excellent,8,gas,170000,automatic,4wd,unknown,black,pa
7000,2001,ford,good,8,gas,191000,automatic,rwd,truck,silver,az
7000,2008,ford,excellent,6,gas,91233,automatic,4wd,SUV,grey,ny
7000,2007,lexus,excellent,6,gas,223380,automatic,rwd,sedan,silver,ga
7000,2002,gmc,unknown,8,gas,192321,automatic,unknown,unknown,unknown,mo
7000,2005,infiniti,unknown,6,gas,120,automatic,unknown,unknown,unknown,ca
7000,2009,chevrolet,good,8,gas,200000,automatic,4wd,SUV,brown,ma
7000,2007,ford,like new,6,gas,125000,automatic,4wd,sedan,silver,az
7000,2013,dodge,unknown,6,gas,75000,automatic,unknown,unknown,unknown,fl
7000,2013,chevrolet,excellent,6,gas,113000,automatic,unknown,unknown,unknown,fl
7000,2004,volvo,excellent,5,gas,206857,automatic,4wd,wagon,black,ok
7000,2013,nissan,unknown,4,gas,98000,automatic,unknown,unknown,black,ky
7000,2013,bmw,good,4,gas,137000,automatic,unknown,unknown,black,il
7000,2006,lexus,excellent,6,gas,157442,automatic,unknown,SUV,silver,ny
7000,2005,ford,fair,8,gas,204000,automatic,rwd,van,white,ky
7000,2008,ford,excellent,6,gas,104000,automatic,4wd,SUV,brown,nj
7000,2004,cadillac,good,8,gas,123000,automatic,4wd,SUV,black,va
7000,2017,chevrolet,unknown,8,gas,45693,automatic,unknown,unknown,unknown,ca
7000,2009,chevrolet,unknown,8,gas,210000,automatic,unknown,unknown,unknown,oh
7000,2000,unknown,good,8,gas,147000,manual,rwd,truck,white,sd
7000,2012,chrysler,unknown,6,gas,117830,automatic,fwd,van,silver,pa
7000,2011,gmc,good,8,gas,172000,automatic,unknown,unknown,unknown,ia
7000,2008,unknown,like new,4,gas,124100,manual,fwd,SUV,white,az
7100,2004,gmc,like new,8,gas,187000,automatic,rwd,truck,brown,ca
7180,2011,chevrolet,good,4,gas,121580,automatic,fwd,SUV,custom,pa
7200,2014,ford,excellent,4,hybrid,30010,automatic,fwd,sedan,grey,nh
7200,2012,chrysler,good,4,gas,63800,automatic,fwd,unknown,brown,mi
7200,2010,mazda,good,4,gas,88700,automatic,unknown,hatchback,black,mn
7200,2009,audi,excellent,6,gas,126159,automatic,4wd,unknown,grey,va
7200,2009,honda,unknown,4,gas,145000,automatic,unknown,unknown,unknown,mi
7200,2010,ford,excellent,4,gas,131660,manual,rwd,truck,white,oh
7200,2013,nissan,like new,4,electric,44988,automatic,fwd,hatchback,red,nj
7200,2013,ford,unknown,4,gas,112000,automatic,unknown,unknown,unknown,tn
7200,2012,toyota,good,4,gas,167200,automatic,fwd,sedan,white,mn
7250,1998,chrysler,excellent,6,gas,133000,automatic,fwd,mini-van,red,nc
7250,2012,volkswagen,unknown,4,diesel,109000,automatic,unknown,unknown,unknown,az
7250,2010,chrysler,unknown,6,gas,188389,automatic,fwd,mini-van,unknown,va
7273,2011,subaru,good,4,gas,130482,automatic,4wd,sedan,grey,nj
7295,2009,nissan,unknown,8,gas,150000,automatic,unknown,unknown,unknown,ny
7295,2004,bmw,excellent,8,gas,107800,automatic,fwd,unknown,blue,fl
7300,2011,buick,good,6,gas,125617,automatic,fwd,sedan,silver,de
7372,2010,ford,unknown,6,other,161883,automatic,4wd,unknown,silver,ms
7395,2011,ford,unknown,4,gas,116943,other,fwd,sedan,unknown,id
7400,2015,unknown,like new,8,electric,46000,automatic,unknown,unknown,unknown,ca
7400,2009,toyota,unknown,4,gas,117474,automatic,unknown,SUV,unknown,md
7400,2007,unknown,good,4,gas,153000,automatic,fwd,SUV,unknown,ga
7400,2013,kia,excellent,4,gas,112053,automatic,fwd,wagon,black,pa
7400,2012,toyota,excellent,4,gas,180000,automatic,unknown,unknown,unknown,ca
7400,2007,honda,excellent,4,gas,170000,automatic,fwd,SUV,blue,ms
7400,2005,ford,good,6,gas,132000,automatic,4wd,truck,grey,mi
7400,2011,toyota,good,4,gas,139900,automatic,fwd,sedan,black,ma
7429,2007,unknown,unknown,4,gas,62961,manual,fwd,hatchback,blue,oh
7442,2013,nissan,excellent,4,gas,86356,automatic,unknown,sedan,silver,in
7442,2007,chevrolet,excellent,4,gas,150000,automatic,unknown,sedan,black,nc
7450,2013,ford,excellent,4,gas,141000,automatic,fwd,unknown,white,il
7450,2016,ford,good,4,gas,104000,automatic,unknown,unknown,unknown,nc
7480,2014,ford,unknown,4,other,178401,automatic,unknown,sedan,unknown,wa
7488,2011,honda,unknown,4,gas,113940,automatic,fwd,sedan,silver,fl
7490,2018,mitsubishi,like new,4,gas,39239,manual,fwd,sedan,black,va
7490,2011,chevrolet,unknown,4,gas,99886,automatic,unknown,other,red,pa
7490,2013,ford,good,4,gas,139116,automatic,fwd,van,white,il
7490,2012,ford,good,6,gas,138616,automatic,unknown,unknown,unknown,wa
7495,2007,toyota,like new,6,gas,208380,automatic,4wd,SUV,blue,mn
7495,2008,honda,good,6,gas,182646,automatic,4wd,SUV,yellow,co
7495,2014,ford,like new,4,gas,55706,automatic,fwd,sedan,silver,dc
7495,2007,ford,unknown,6,gas,192991,automatic,fwd,pickup,unknown,fl
7495,2010,nissan,unknown,6,gas,147684,automatic,fwd,SUV,brown,sc
7495,2010,ford,good,6,gas,113000,automatic,fwd,sedan,black,vt
7495,2014,mitsubishi,good,4,gas,135017,automatic,fwd,wagon,red,nj
7495,2004,ram,excellent,8,gas,147456,automatic,rwd,pickup,unknown,tx
7495,2007,volkswagen,good,6,gas,77000,automatic,fwd,convertible,silver,nj
7495,2013,hyundai,excellent,4,gas,125342,automatic,fwd,sedan,unknown,ca
7495,2010,ford,good,6,gas,113000,automatic,fwd,sedan,black,ny
7495,2006,mitsubishi,excellent,8,gas,156500,automatic,4wd,pickup,red,wi
7495,2007,ford,excellent,6,gas,181916,manual,unknown,van,white,fl
7495,2010,ford,unknown,8,other,128617,automatic,unknown,truck,white,tx
7495,2008,nissan,excellent,6,gas,162000,automatic,4wd,unknown,unknown,ny
7495,2013,ford,good,8,gas,204534,automatic,rwd,van,white,ky
7495,2011,subaru,excellent,4,gas,66000,automatic,4wd,sedan,grey,co
7495,2011,honda,excellent,4,gas,25000,automatic,fwd,coupe,blue,mn
7495,2014,buick,like new,4,gas,156248,automatic,fwd,sedan,grey,ct
7499,2010,dodge,excellent,6,gas,88000,automatic,fwd,mini-van,blue,dc
7499,2009,hyundai,excellent,6,gas,92246,automatic,fwd,SUV,silver,co
7499,2014,hyundai,unknown,4,gas,119597,automatic,fwd,sedan,silver,la
7499,2011,honda,unknown,4,gas,167430,automatic,unknown,sedan,red,al
7499,2013,volkswagen,unknown,5,gas,106050,automatic,fwd,sedan,purple,pa
7499,2008,rover,excellent,8,gas,196000,automatic,4wd,SUV,black,ca
7499,2016,chevrolet,excellent,4,gas,67000,automatic,fwd,sedan,silver,tx
7499,2013,mini,unknown,4,gas,97688,automatic,fwd,other,white,fl
7500,2015,infiniti,good,6,gas,85875,automatic,fwd,sedan,silver,fl
7500,2012,honda,excellent,4,gas,125000,automatic,fwd,sedan,silver,az
7500,2003,toyota,excellent,4,gas,207300,automatic,rwd,pickup,grey,fl
7500,2002,bmw,excellent,6,gas,124000,manual,4wd,sedan,custom,or
7500,2006,rover,good,6,gas,187000,automatic,4wd,SUV,black,nm
7500,2013,unknown,excellent,4,diesel,91000,automatic,fwd,wagon,white,ne
7500,2011,ford,good,8,gas,224418,automatic,rwd,van,white,md
7500,2014,volkswagen,excellent,4,gas,84000,automatic,unknown,unknown,blue,fl
7500,2008,lincoln,good,6,gas,108000,automatic,4wd,sedan,silver,tx
7500,2008,mercedes-benz,good,6,gas,166500,automatic,4wd,SUV,white,or
7500,2013,unknown,good,8,gas,168000,automatic,4wd,SUV,black,az
7500,2014,chrysler,excellent,6,gas,123142,automatic,fwd,van,blue,pa
7500,2003,ford,good,8,gas,127000,automatic,rwd,unknown,white,fl
7500,2012,honda,good,4,gas,123000,automatic,unknown,coupe,grey,sc
7500,2013,ford,excellent,4,electric,56700,automatic,fwd,hatchback,white,il
7500,2005,toyota,unknown,6,gas,181210,automatic,unknown,SUV,red,ca
7500,2006,toyota,excellent,4,gas,111424,automatic,fwd,sedan,grey,or
7500,2000,ford,unknown,8,gas,1000,automatic,fwd,other,custom,mi
7500,2012,ford,unknown,6,gas,221000,automatic,unknown,truck,white,la
7500,2011,subaru,good,4,gas,120800,automatic,4wd,SUV,grey,me
7500,2014,mazda,excellent,4,gas,98700,automatic,fwd,mini-van,white,va
7500,2011,mini,excellent,4,gas,120,manual,4wd,hatchback,brown,nm
7500,2016,hyundai,unknown,4,gas,126259,automatic,unknown,other,unknown,ri
7500,2005,ford,good,8,diesel,258212,automatic,rwd,truck,white,oh
7500,2000,toyota,good,8,gas,275000,automatic,4wd,truck,white,ca
7500,2008,chevrolet,unknown,8,gas,205048,automatic,4wd,unknown,unknown,wi
7500,1999,jeep,excellent,4,gas,142000,manual,4wd,offroad,green,dc
7500,2002,toyota,good,6,gas,223000,automatic,4wd,truck,red,va
7500,2002,bmw,excellent,6,gas,109400,manual,rwd,convertible,silver,ny
7500,2002,ram,fair,8,gas,190000,automatic,4wd,truck,grey,or
7500,2006,toyota,good,6,gas,279000,automatic,unknown,unknown,white,tx
7500,2007,bmw,excellent,4,gas,128000,automatic,unknown,unknown,silver,ca
7500,2005,jeep,unknown,6,gas,127552,automatic,4wd,SUV,white,pa
7500,2010,dodge,good,6,gas,128200,automatic,unknown,SUV,red,co
7500,1997,jeep,good,4,gas,146114,manual,4wd,unknown,blue,oh
7500,1996,unknown,unknown,6,gas,105000,automatic,unknown,unknown,unknown,tx
7500,2004,mazda,good,3,gas,102600,manual,rwd,coupe,silver,pa
7500,2008,nissan,good,6,gas,99130,manual,fwd,sedan,grey,il
7500,2008,honda,unknown,4,gas,133000,automatic,unknown,sedan,grey,ny
7500,2004,unknown,like new,4,gas,120000,manual,fwd,wagon,custom,or
7500,2010,chevrolet,good,5,gas,96000,automatic,unknown,pickup,white,tx
7500,2011,ford,good,8,gas,224418,automatic,rwd,truck,white,va
7500,2002,toyota,good,6,gas,177000,automatic,4wd,SUV,unknown,pa
7500,2006,mercedes-benz,excellent,6,gas,131000,automatic,unknown,unknown,unknown,in
7500,1999,jeep,good,4,gas,161354,manual,4wd,SUV,purple,ga
7500,2006,toyota,excellent,4,gas,112000,automatic,4wd,unknown,blue,nj
7500,2012,ram,excellent,8,gas,121500,automatic,unknown,truck,red,az
7500,2009,toyota,excellent,4,gas,105000,automatic,fwd,sedan,blue,co
7500,2007,toyota,unknown,6,gas,1000,automatic,4wd,unknown,unknown,pa
7500,2011,lincoln,excellent,4,hybrid,96895,automatic,fwd,sedan,blue,in
7500,2011,chevrolet,good,4,gas,102274,automatic,unknown,unknown,brown,mn
7500,1996,toyota,excellent,4,gas,155000,automatic,unknown,unknown,blue,ca
7500,2000,ram,good,8,gas,134996,manual,unknown,truck,green,nv
7500,2007,toyota,excellent,4,gas,91600,automatic,fwd,sedan,grey,il
7500,2009,bmw,excellent,6,gas,100000,automatic,4wd,sedan,red,nh
7500,2002,gmc,good,8,gas,144950,automatic,rwd,truck,white,co
7500,2011,gmc,good,8,gas,206417,automatic,rwd,other,yellow,az
7500,2011,lincoln,excellent,6,gas,99281,automatic,unknown,sedan,unknown,ia
7501,2008,honda,unknown,4,gas,129760,automatic,4wd,sedan,unknown,pa
7501,2013,subaru,good,4,gas,92400,automatic,4wd,sedan,silver,co
7550,2015,dodge,unknown,4,gas,73269,automatic,fwd,sedan,grey,ca
7589,2011,chevrolet,unknown,4,gas,97671,automatic,fwd,wagon,silver,co
7595,2014,nissan,unknown,4,gas,43664,automatic,fwd,sedan,black,oh
7600,2013,hyundai,unknown,4,gas,111516,automatic,fwd,sedan,unknown,nj
7600,2009,toyota,excellent,4,gas,180000,automatic,fwd,SUV,blue,ca
7600,2014,mazda,excellent,4,gas,107000,automatic,fwd,sedan,grey,nj
7600,2007,lexus,unknown,6,gas,139232,automatic,unknown,unknown,unknown,hi
7600,2008,hyundai,unknown,6,gas,142853,automatic,4wd,SUV,green,va
7600,2008,lexus,unknown,6,gas,205000,automatic,fwd,SUV,grey,ga
7600,2014,chevrolet,like new,4,gas,65000,automatic,fwd,sedan,red,mi
7672,2011,toyota,unknown,4,other,186788,automatic,fwd,unknown,black,ms
7680,2012,honda,unknown,4,gas,158911,automatic,unknown,sedan,black,ga
7695,2012,audi,unknown,4,diesel,122000,automatic,unknown,unknown,unknown,pa
7699,2006,nissan,excellent,4,gas,160000,manual,4wd,unknown,black,mt
7700,2013,mazda,unknown,4,gas,96400,automatic,fwd,mini-van,blue,fl
7700,2012,chevrolet,excellent,6,gas,161000,automatic,fwd,SUV,unknown,mo
7700,1995,gmc,unknown,8,gas,136657,automatic,fwd,unknown,unknown,or
7700,2010,chevrolet,unknown,6,gas,104460,automatic,fwd,SUV,unknown,ok
7700,2010,honda,excellent,4,gas,114636,automatic,fwd,coupe,white,ca
7710,2009,toyota,unknown,4,gas,103000,automatic,fwd,sedan,white,co
7740,2012,chevrolet,unknown,4,gas,98043,automatic,fwd,sedan,white,mi
7747,2009,volkswagen,good,4,gas,148675,automatic,fwd,hatchback,white,co
7750,2014,toyota,good,4,gas,85000,manual,unknown,unknown,black,tx
7750,2013,subaru,excellent,4,gas,139982,automatic,4wd,wagon,red,oh
7777,2014,chrysler,unknown,6,unknown,137312,automatic,fwd,van,grey,fl
7788,2008,chevrolet,excellent,6,gas,181007,automatic,4wd,pickup,red,co
7795,2008,infiniti,unknown,6,gas,108662,automatic,fwd,wagon,black,dc
7795,2000,toyota,unknown,6,gas,192974,automatic,4wd,wagon,silver,ia
7795,2014,kia,like new,4,gas,114695,automatic,fwd,sedan,grey,nj
7799,2010,ford,unknown,6,gas,139277,automatic,4wd,SUV,black,co
7800,2006,ford,unknown,8,gas,151000,automatic,unknown,truck,red,la
7800,2011,unknown,good,4,gas,114684,automatic,fwd,sedan,red,ok
7800,2006,mercedes-benz,unknown,8,gas,113600,automatic,rwd,sedan,blue,co
7800,1995,jeep,good,4,gas,200124,manual,4wd,unknown,red,ca
7800,2008,ford,good,8,gas,140533,automatic,unknown,van,white,fl
7800,2006,dodge,unknown,6,gas,202500,automatic,unknown,unknown,unknown,la
7800,2008,chevrolet,good,6,gas,149000,automatic,rwd,pickup,white,mi
7800,2007,honda,excellent,4,gas,159000,automatic,fwd,coupe,red,il
7850,2010,acura,excellent,4,gas,206401,automatic,fwd,sedan,unknown,oh
7850,2002,unknown,excellent,6,gas,2000,automatic,rwd,coupe,black,nc
7850,2009,nissan,excellent,6,gas,155900,automatic,rwd,SUV,grey,ca
7850,2003,chevrolet,excellent,8,gas,192000,automatic,4wd,SUV,blue,mt
7885,2013,gmc,unknown,4,gas,126783,automatic,unknown,unknown,unknown,oh
7885,2010,toyota,unknown,4,gas,104201,automatic,unknown,unknown,unknown,pa
7892,2011,nissan,good,4,other,62537,other,fwd,hatchback,unknown,co
7895,2003,lexus,excellent,8,gas,137000,automatic,rwd,sedan,silver,de
7895,2012,ford,unknown,4,gas,54879,automatic,unknown,unknown,unknown,me
7899,1997,bmw,unknown,4,gas,152717,manual,rwd,convertible,blue,wa
7899,2014,ford,good,4,gas,124632,automatic,fwd,unknown,white,dc
7900,2011,kia,excellent,4,gas,142000,automatic,4wd,unknown,unknown,pa
7900,2008,mini,excellent,4,gas,83039,automatic,fwd,coupe,blue,nv
7900,2010,acura,like new,6,gas,142510,automatic,unknown,unknown,unknown,nc
7900,2015,gmc,like new,6,gas,176000,automatic,fwd,SUV,red,oh
7900,2008,ford,excellent,6,gas,92000,manual,rwd,truck,white,sc
7900,2008,ford,excellent,8,gas,120000,automatic,4wd,SUV,white,or
7900,2007,bmw,excellent,6,gas,114000,automatic,fwd,sedan,silver,tx
7900,2011,gmc,good,4,gas,129000,automatic,fwd,SUV,brown,il
7900,2013,nissan,unknown,6,gas,108600,automatic,unknown,unknown,unknown,pa
7900,2012,volkswagen,good,4,diesel,115000,automatic,fwd,sedan,black,ok
7900,2011,jeep,good,6,gas,177000,automatic,4wd,unknown,red,oh
7900,2012,chevrolet,unknown,6,gas,130291,automatic,unknown,unknown,unknown,ar
7900,2015,chevrolet,unknown,4,gas,125000,automatic,fwd,unknown,custom,ca
7900,2008,cadillac,unknown,8,gas,68200,automatic,unknown,unknown,unknown,tx
7900,2011,kia,excellent,4,gas,142000,automatic,4wd,unknown,unknown,md
7900,2013,subaru,unknown,4,gas,141473,automatic,4wd,unknown,blue,pa
7900,2006,toyota,good,6,gas,124057,automatic,4wd,SUV,unknown,ny
7900,2012,chevrolet,excellent,4,gas,108000,automatic,fwd,sedan,blue,or
7900,2010,toyota,excellent,4,gas,114093,automatic,fwd,sedan,grey,ar
7900,2007,mercedes-benz,unknown,8,gas,130000,automatic,unknown,unknown,unknown,ca
7900,2008,honda,good,6,gas,83500,automatic,4wd,SUV,silver,fl
7900,2003,mercedes-benz,excellent,6,gas,115000,automatic,fwd,SUV,white,fl
7900,2013,chevrolet,unknown,4,hybrid,106216,automatic,unknown,unknown,unknown,oh
7900,2006,hyundai,like new,6,gas,93000,automatic,unknown,unknown,white,fl
7900,2009,bmw,excellent,6,gas,120000,automatic,rwd,sedan,blue,ca
7900,2002,chevrolet,good,8,gas,171417,automatic,unknown,pickup,blue,tx
7900,2009,chevrolet,unknown,8,gas,203000,automatic,4wd,unknown,unknown,sd
7900,2013,volkswagen,good,5,gas,83129,automatic,fwd,sedan,black,ca
7900,2004,gmc,unknown,8,gas,170000,automatic,unknown,unknown,unknown,id
7900,2010,cadillac,unknown,6,gas,142000,automatic,unknown,unknown,unknown,ct
7900,2014,kia,excellent,4,gas,47000,automatic,fwd,sedan,unknown,ia
7900,2016,nissan,excellent,4,gas,67000,automatic,unknown,unknown,grey,ca
7900,1997,pontiac,unknown,8,gas,97000,manual,rwd,unknown,white,nh
7950,2013,chevrolet,good,4,gas,94023,automatic,unknown,unknown,unknown,fl
7950,2012,jeep,excellent,4,gas,127000,automatic,fwd,SUV,silver,ia
7950,2010,toyota,unknown,6,gas,135000,automatic,unknown,unknown,unknown,tx
7950,2016,dodge,unknown,4,gas,78500,automatic,fwd,sedan,white,fl
7950,2007,toyota,unknown,4,gas,173850,automatic,4wd,SUV,silver,nc
7950,2009,dodge,excellent,6,gas,166000,automatic,4wd,SUV,silver,in
7950,2008,honda,unknown,6,gas,139510,automatic,fwd,sedan,grey,wi
7950,2014,buick,excellent,4,gas,177554,automatic,fwd,sedan,red,al
7950,2008,chevrolet,like new,8,gas,210,automatic,rwd,unknown,unknown,tx
7950,2012,ram,unknown,8,gas,240000,automatic,unknown,unknown,unknown,ar
7950,2011,honda,excellent,4,gas,124000,automatic,fwd,unknown,unknown,ok
7950,2008,ford,unknown,4,gas,99012,automatic,fwd,sedan,brown,nc
7950,2012,mini,good,4,gas,159,automatic,4wd,hatchback,green,nc
7950,2013,volkswagen,excellent,4,gas,66000,automatic,unknown,sedan,grey,nh
7950,2013,chrysler,like new,6,gas,149000,automatic,fwd,mini-van,white,fl
7950,2003,chevrolet,good,8,gas,170000,automatic,rwd,truck,blue,tx
7950,2013,ford,unknown,4,gas,232385,automatic,4wd,SUV,unknown,id
7950,2015,nissan,good,4,gas,84800,automatic,fwd,hatchback,silver,ca
7950,2012,chevrolet,excellent,6,gas,184000,automatic,4wd,SUV,silver,tn
7950,2011,ford,excellent,4,gas,109000,automatic,unknown,unknown,red,ut
7962,2018,chevrolet,good,6,gas,45725,automatic,fwd,sedan,white,co
7975,2009,ford,excellent,8,gas,239067,automatic,4wd,truck,white,mn
7975,2012,chrysler,excellent,6,gas,185000,automatic,unknown,unknown,unknown,tx
7975,2008,chevrolet,excellent,8,gas,128000,automatic,rwd,SUV,white,tx
7977,2011,mazda,unknown,4,gas,91467,automatic,fwd,SUV,red,ny
7980,2012,honda,good,4,gas,136352,manual,fwd,sedan,grey,ks
7980,2012,unknown,excellent,6,gas,106772,automatic,fwd,sedan,unknown,oh
7981,2013,unknown,excellent,4,gas,64721,automatic,fwd,sedan,red,ia
7985,2008,buick,excellent,6,gas,76918,automatic,rwd,sedan,white,fl
7985,2012,volkswagen,unknown,4,gas,93000,automatic,unknown,unknown,unknown,fl
7988,2015,chevrolet,excellent,4,gas,88000,automatic,fwd,coupe,red,mn
7988,2008,volkswagen,excellent,5,gas,91582,automatic,fwd,hatchback,silver,wa
7988,2011,honda,excellent,4,gas,104000,automatic,fwd,sedan,unknown,ri
7990,2010,lexus,excellent,6,gas,132795,automatic,fwd,sedan,silver,va
7990,2013,honda,good,6,gas,172611,automatic,unknown,unknown,grey,va
7990,2004,lincoln,excellent,8,gas,63736,automatic,rwd,sedan,blue,nc
7990,2013,ford,excellent,4,gas,105223,automatic,fwd,SUV,white,va
7990,2013,unknown,like new,3,gas,23622,automatic,fwd,coupe,white,fl
7990,2005,honda,excellent,6,gas,95008,automatic,unknown,coupe,unknown,ca
7990,2009,honda,excellent,4,gas,136000,automatic,unknown,unknown,blue,mn
7990,2005,gmc,unknown,8,gas,162733,automatic,4wd,SUV,unknown,wa
7990,2010,cadillac,unknown,6,other,136117,automatic,rwd,sedan,unknown,az
7990,2017,ford,unknown,4,gas,60382,automatic,unknown,unknown,unknown,wa
7990,2011,toyota,excellent,4,hybrid,102335,automatic,fwd,hatchback,silver,az
7990,2011,buick,excellent,4,gas,80000,automatic,fwd,sedan,blue,ia
7991,2012,volkswagen,unknown,4,gas,99544,automatic,unknown,hatchback,unknown,wa
7991,2011,chevrolet,excellent,6,gas,117000,automatic,unknown,SUV,white,fl
7995,1997,toyota,excellent,6,gas,225194,automatic,4wd,SUV,unknown,az
7995,2002,unknown,unknown,6,gas,170000,automatic,unknown,unknown,unknown,ks
7995,2006,dodge,unknown,6,gas,131955,automatic,unknown,unknown,unknown,nj
7995,2010,ram,unknown,8,diesel,264042,automatic,unknown,unknown,unknown,mi
7995,2003,gmc,excellent,8,gas,177000,automatic,4wd,pickup,grey,vt
7995,2013,ford,unknown,4,gas,142545,automatic,fwd,sedan,blue,tn
7995,2016,dodge,unknown,6,gas,76000,automatic,unknown,unknown,unknown,fl
7995,2009,toyota,excellent,6,gas,169183,automatic,fwd,mini-van,white,wi
7995,2008,dodge,good,6,gas,158599,automatic,4wd,truck,white,id
7995,2005,cadillac,unknown,8,gas,216229,automatic,unknown,unknown,unknown,or
7995,2008,toyota,good,4,hybrid,97989,automatic,4wd,hatchback,black,ca
7995,2012,mitsubishi,unknown,4,gas,98000,automatic,unknown,unknown,unknown,ny
7995,2010,toyota,good,4,hybrid,121250,automatic,fwd,hatchback,grey,nm
7995,2008,lexus,unknown,6,gas,174578,automatic,unknown,sedan,white,tx
7995,2013,hyundai,excellent,4,gas,84692,automatic,fwd,unknown,unknown,nj
7995,2012,volvo,good,5,gas,102748,automatic,fwd,sedan,white,ca
7995,2012,mini,good,4,gas,132685,other,4wd,wagon,green,pa
7995,2009,nissan,excellent,4,gas,128366,automatic,fwd,coupe,black,tx
7995,2014,chevrolet,excellent,4,electric,136030,automatic,fwd,sedan,unknown,ia
7995,2010,honda,excellent,4,gas,126000,automatic,fwd,sedan,black,nj
7995,2010,mazda,unknown,4,gas,153303,automatic,fwd,sedan,silver,or
7995,2008,subaru,unknown,4,gas,157100,automatic,unknown,unknown,unknown,or
7995,2010,chevrolet,unknown,6,gas,121501,automatic,fwd,sedan,silver,az
7995,2014,subaru,excellent,4,gas,160619,automatic,4wd,wagon,blue,or
7995,2013,chevrolet,excellent,4,gas,86998,automatic,fwd,sedan,black,me
7995,2009,toyota,excellent,6,gas,154386,automatic,fwd,van,blue,il
7995,2010,honda,unknown,4,gas,103818,manual,unknown,sedan,unknown,ma
7995,2008,subaru,good,4,gas,99489,automatic,4wd,wagon,black,il
7995,2011,toyota,unknown,4,gas,140230,automatic,fwd,sedan,green,id
7995,2011,toyota,excellent,6,gas,162000,automatic,fwd,sedan,black,ca
7995,2012,chevrolet,excellent,6,gas,140149,automatic,fwd,SUV,black,mn
7995,2016,ford,unknown,4,gas,103000,automatic,unknown,unknown,unknown,ma
7995,2007,subaru,unknown,4,gas,165954,automatic,4wd,wagon,grey,id
7995,2006,dodge,good,8,gas,211602,automatic,4wd,pickup,white,or
7995,2009,chevrolet,excellent,8,gas,130000,automatic,fwd,sedan,white,oh
7995,2007,ram,excellent,8,gas,159200,automatic,rwd,truck,red,fl
7995,2003,jeep,excellent,6,gas,126069,automatic,4wd,SUV,green,co
7995,2007,ford,unknown,8,gas,101900,automatic,4wd,pickup,white,ia
7995,2012,chevrolet,excellent,4,gas,79998,automatic,fwd,sedan,black,pa
7995,2012,ford,excellent,6,gas,149000,automatic,4wd,SUV,blue,ny
7995,2010,jeep,good,6,gas,157000,automatic,4wd,SUV,red,co
7995,2002,toyota,good,4,gas,190000,automatic,4wd,pickup,silver,id
7995,2005,dodge,unknown,6,gas,149682,automatic,unknown,pickup,blue,fl
7995,2011,acura,unknown,6,gas,155900,automatic,4wd,unknown,white,ct
7995,2008,ford,excellent,8,gas,173297,automatic,rwd,truck,black,in
7995,2008,ford,excellent,6,gas,98992,automatic,rwd,SUV,white,pa
7995,2014,chevrolet,unknown,4,gas,108066,automatic,fwd,sedan,silver,tn
7995,2006,jeep,excellent,8,gas,127640,automatic,4wd,SUV,black,ma
7995,2016,toyota,unknown,4,gas,96609,automatic,fwd,sedan,grey,ia
7995,2008,ford,excellent,8,gas,155963,automatic,4wd,SUV,white,in
7995,2012,mini,excellent,4,gas,90000,automatic,fwd,sedan,unknown,tx
7995,2007,chevrolet,excellent,8,gas,148603,automatic,rwd,unknown,black,oh
7995,2008,toyota,unknown,4,gas,127000,automatic,unknown,unknown,unknown,nj
7995,2006,jaguar,unknown,8,gas,75724,automatic,unknown,unknown,unknown,mi
7995,2007,buick,unknown,6,gas,103714,automatic,fwd,SUV,silver,az
7995,2010,dodge,unknown,6,gas,165009,automatic,fwd,unknown,white,in
7995,2011,chevrolet,excellent,4,gas,138850,automatic,fwd,sedan,white,ny
7995,2015,chevrolet,unknown,6,gas,103862,other,4wd,SUV,grey,wv
7995,2015,hyundai,excellent,4,gas,107000,automatic,fwd,unknown,unknown,oh
7995,2003,ram,good,8,gas,188361,manual,4wd,pickup,blue,or
7995,2008,unknown,good,4,gas,94600,automatic,fwd,coupe,unknown,or
7995,2012,toyota,excellent,4,gas,131000,automatic,fwd,sedan,silver,ia
7995,2004,ford,excellent,8,gas,43199,automatic,unknown,convertible,silver,ny
7995,2010,subaru,excellent,4,gas,112000,automatic,4wd,wagon,unknown,va
7995,2004,ram,good,8,gas,186657,automatic,4wd,unknown,custom,pa
7995,2011,hyundai,good,4,gas,114000,automatic,4wd,SUV,silver,ny
7995,2011,toyota,good,4,hybrid,152044,automatic,fwd,unknown,unknown,vt
7995,2011,honda,excellent,4,gas,157296,automatic,4wd,SUV,blue,va
7995,2010,honda,unknown,6,gas,191000,automatic,unknown,unknown,unknown,or
7995,2012,chrysler,excellent,6,gas,88000,automatic,fwd,mini-van,grey,ca
7995,2010,ram,unknown,8,gas,200000,automatic,4wd,unknown,unknown,nh
7995,2011,subaru,unknown,4,gas,144470,manual,4wd,wagon,silver,co
7995,2007,toyota,excellent,4,hybrid,69000,automatic,fwd,hatchback,silver,va
7995,2011,nissan,good,4,gas,46395,automatic,fwd,hatchback,white,il
7998,2010,toyota,unknown,4,hybrid,142937,automatic,fwd,hatchback,black,co
7998,2009,honda,unknown,4,gas,129948,automatic,fwd,unknown,unknown,id
7998,2014,chevrolet,unknown,4,gas,130742,automatic,fwd,sedan,silver,mn
7999,2009,toyota,unknown,4,gas,132000,automatic,unknown,sedan,black,wa
7999,2006,infiniti,excellent,6,gas,126000,automatic,unknown,sedan,grey,hi
7999,2010,hyundai,unknown,4,gas,67987,automatic,fwd,sedan,black,wa
7999,2016,ford,excellent,4,hybrid,103483,automatic,fwd,unknown,unknown,fl
7999,2017,dodge,unknown,6,other,59724,automatic,4wd,SUV,unknown,pa
7999,2012,unknown,unknown,4,gas,115950,automatic,fwd,other,green,az
7999,2006,dodge,excellent,8,gas,107000,automatic,4wd,pickup,unknown,tn
7999,2012,volkswagen,excellent,5,gas,140291,automatic,fwd,sedan,grey,or
7999,2005,jeep,excellent,6,gas,109797,automatic,rwd,SUV,white,or
7999,2005,toyota,unknown,8,gas,164036,automatic,unknown,pickup,custom,ca
7999,2014,dodge,good,6,gas,154191,automatic,fwd,mini-van,blue,mi
7999,2012,ford,unknown,8,gas,185002,automatic,unknown,van,white,il
7999,2007,toyota,good,4,gas,88188,automatic,fwd,sedan,custom,oh
7999,2005,chrysler,unknown,6,gas,102473,automatic,fwd,van,red,wa
7999,2010,mercury,unknown,6,gas,92155,automatic,fwd,SUV,blue,ca
7999,1999,unknown,excellent,8,gas,105500,automatic,rwd,coupe,silver,ca
7999,2004,ford,unknown,8,gas,124630,automatic,4wd,pickup,unknown,nj
7999,2010,chrysler,unknown,6,gas,184928,automatic,rwd,sedan,black,wa
7999,2010,toyota,excellent,4,hybrid,111000,automatic,unknown,hatchback,blue,ca
7999,2005,jeep,excellent,6,gas,158431,automatic,4wd,SUV,red,or
7999,2009,subaru,excellent,4,gas,186000,automatic,4wd,SUV,green,mt
8000,1997,unknown,salvage,6,diesel,234000,manual,unknown,unknown,white,fl
8000,2015,nissan,new,4,gas,69000,automatic,unknown,unknown,unknown,ny
8000,2009,infiniti,good,8,gas,117,automatic,4wd,SUV,white,wa
8000,2002,porsche,excellent,6,gas,174000,manual,rwd,coupe,grey,ca
8000,2008,mercedes-benz,excellent,6,gas,95000,automatic,4wd,sedan,black,ma
8000,2002,unknown,good,6,diesel,90000,manual,unknown,truck,white,ny
8000,2004,ford,good,8,gas,220000,automatic,unknown,bus,white,oh
8000,2015,volkswagen,good,4,gas,75000,automatic,unknown,unknown,black,ny
8000,2007,cadillac,good,8,gas,218500,automatic,4wd,SUV,blue,nj
8000,2010,volkswagen,excellent,5,gas,73000,automatic,fwd,sedan,grey,az
8000,2004,jaguar,excellent,8,gas,120000,automatic,rwd,sedan,green,nm
8000,2012,ford,good,4,gas,111000,automatic,fwd,mini-van,white,wi
8000,2005,gmc,good,8,gas,174000,automatic,4wd,SUV,silver,ct
8000,2002,unknown,good,8,diesel,176204,automatic,4wd,truck,white,ia
8000,2013,subaru,good,4,gas,151420,automatic,4wd,SUV,red,id
8000,2018,audi,excellent,4,gas,42767,automatic,4wd,convertible,red,me
8000,2001,nissan,good,6,gas,118000,automatic,4wd,pickup,yellow,ny
8000,2009,dodge,like new,6,gas,99000,automatic,fwd,mini-van,white,ne
8000,2013,hyundai,excellent,4,gas,105870,manual,fwd,hatchback,black,nc
8000,1996,toyota,excellent,4,gas,281794,manual,4wd,truck,white,or
8000,2015,volkswagen,good,4,gas,72000,automatic,unknown,sedan,black,ny
8000,2003,bmw,excellent,8,gas,77000,other,rwd,sedan,red,ny
8000,2000,toyota,excellent,4,gas,231785,automatic,rwd,truck,green,ca
8000,2003,toyota,good,6,gas,157300,automatic,rwd,SUV,brown,nc
8000,2010,subaru,good,6,gas,123400,automatic,4wd,unknown,unknown,ny
8000,1998,chevrolet,excellent,8,gas,110000,automatic,rwd,coupe,white,ia
8000,2011,cadillac,excellent,8,gas,124000,automatic,unknown,unknown,unknown,tx
8000,2013,honda,excellent,4,gas,115000,automatic,fwd,sedan,black,ny
8000,1995,ford,fair,6,diesel,220000,manual,rwd,unknown,white,co
8000,2018,ford,good,4,gas,11774,manual,fwd,sedan,black,ca
8000,2017,rover,excellent,4,gas,34548,automatic,4wd,SUV,white,ny
8000,2003,bmw,excellent,6,gas,70785,automatic,rwd,coupe,blue,ca
8000,1999,ford,good,8,gas,166544,automatic,4wd,pickup,green,co
8000,2011,chrysler,excellent,6,gas,143000,automatic,fwd,mini-van,silver,wi
8000,2011,subaru,unknown,4,gas,96349,automatic,unknown,unknown,unknown,ny
8016,2014,chevrolet,unknown,4,gas,106072,automatic,fwd,sedan,unknown,mi
8100,2012,audi,excellent,4,gas,119040,automatic,fwd,sedan,white,fl
8195,2014,chevrolet,good,6,gas,159091,automatic,fwd,sedan,black,ca
8200,2014,subaru,unknown,4,gas,128500,automatic,4wd,SUV,green,va
8200,2015,dodge,unknown,6,gas,85701,automatic,unknown,SUV,unknown,nj
8200,2007,rover,unknown,8,gas,142000,automatic,unknown,unknown,unknown,co
8200,2011,jeep,excellent,4,gas,123500,automatic,fwd,SUV,white,mi
8200,2013,ford,excellent,4,hybrid,85827,automatic,fwd,hatchback,black,mi
8200,2008,mercedes-benz,excellent,6,gas,99000,automatic,4wd,coupe,silver,fl
8200,2006,unknown,unknown,4,gas,155000,automatic,unknown,unknown,unknown,wa
8200,2011,toyota,excellent,4,gas,127500,automatic,4wd,SUV,black,nj
8200,2010,honda,unknown,4,gas,124207,automatic,fwd,sedan,grey,nc
8200,2001,toyota,excellent,4,gas,224000,manual,4wd,pickup,black,mi
8200,2008,bmw,unknown,6,gas,133200,automatic,rwd,unknown,unknown,ca
8265,2011,chevrolet,unknown,4,gas,113000,automatic,4wd,SUV,unknown,va
8273,2011,ford,good,6,gas,116447,automatic,fwd,SUV,white,nj
8295,2006,toyota,unknown,4,gas,49805,automatic,unknown,unknown,unknown,or
8295,2011,honda,unknown,6,gas,133376,automatic,unknown,unknown,unknown,pa
8299,2016,chrysler,unknown,4,gas,113095,automatic,unknown,sedan,grey,ca
8300,2010,lexus,excellent,4,hybrid,132000,automatic,fwd,sedan,blue,tx
8300,2004,ford,excellent,8,gas,42000,automatic,rwd,sedan,silver,oh
8300,2013,ford,like new,6,gas,183757,automatic,unknown,unknown,white,fl
8300,2008,lexus,excellent,6,gas,150000,automatic,fwd,sedan,silver,ca
8300,2011,honda,excellent,4,gas,75000,automatic,fwd,sedan,brown,nj
8345,2011,subaru,unknown,4,gas,127848,automatic,4wd,wagon,red,md
8350,2016,nissan,excellent,4,gas,95000,automatic,fwd,sedan,black,ct
8350,2015,unknown,like new,4,gas,78000,automatic,rwd,coupe,yellow,md
8350,2007,dodge,excellent,8,gas,116000,automatic,rwd,truck,black,ne
8382,2009,cadillac,unknown,6,gas,184524,automatic,rwd,unknown,silver,tn
8387,2015,ford,excellent,4,gas,73513,automatic,unknown,sedan,unknown,mi
8391,2011,buick,excellent,4,gas,124584,automatic,unknown,sedan,unknown,wi
8395,2010,gmc,good,6,gas,162771,automatic,4wd,SUV,black,mi
8395,2013,chevrolet,unknown,4,gas,121857,automatic,unknown,unknown,unknown,il
8400,2014,kia,excellent,4,gas,137000,automatic,fwd,SUV,silver,wi
8400,2008,honda,good,4,gas,150000,automatic,4wd,SUV,silver,mo
8400,2010,toyota,excellent,4,hybrid,96175,automatic,fwd,hatchback,blue,ny
8400,2009,lincoln,excellent,6,gas,97300,automatic,4wd,sedan,black,fl
8400,2008,chevrolet,unknown,8,gas,145000,automatic,unknown,unknown,unknown,tx
8400,2005,lexus,like new,8,gas,176100,automatic,rwd,sedan,black,mn
8400,2010,honda,good,4,gas,162,automatic,4wd,SUV,white,ia
8442,2015,volkswagen,unknown,4,gas,101004,manual,fwd,sedan,red,fl
8450,2013,chrysler,excellent,6,gas,121000,automatic,4wd,sedan,white,de
8450,2006,ford,excellent,6,gas,209000,automatic,unknown,unknown,unknown,tx
8450,2012,honda,excellent,4,gas,118891,automatic,unknown,unknown,unknown,ny
8477,2011,ford,unknown,4,gas,60782,automatic,unknown,unknown,black,co
8480,2010,honda,excellent,4,gas,106100,automatic,fwd,hatchback,black,nc
8490,2012,volkswagen,unknown,4,gas,105000,automatic,fwd,sedan,black,fl
8490,2012,ford,good,8,gas,176000,automatic,4wd,unknown,unknown,pa
8490,2013,volvo,like new,5,gas,99810,automatic,fwd,sedan,white,ca
8495,2014,mazda,excellent,4,gas,103870,automatic,fwd,sedan,brown,il
8495,2004,ford,unknown,8,gas,68274,automatic,unknown,unknown,unknown,oh
8495,2008,honda,unknown,4,gas,126893,automatic,unknown,unknown,unknown,nc
8495,2005,lexus,excellent,6,gas,172341,automatic,4wd,SUV,grey,or
8495,2016,volkswagen,excellent,4,gas,148217,automatic,fwd,sedan,black,ca
8495,2008,honda,good,6,diesel,110662,automatic,4wd,SUV,green,mi
8495,2013,hyundai,unknown,6,gas,150003,automatic,unknown,unknown,unknown,tx
8495,2013,subaru,unknown,4,gas,115027,automatic,unknown,unknown,unknown,ny
8499,2012,mazda,unknown,4,gas,105622,automatic,fwd,sedan,white,ca
8499,2007,dodge,unknown,8,gas,102259,automatic,rwd,sedan,white,nm
8499,2012,cadillac,excellent,6,gas,99000,automatic,fwd,SUV,silver,mn
8499,2008,bmw,unknown,8,gas,87178,automatic,unknown,unknown,unknown,fl
8499,2017,chevrolet,excellent,4,gas,63000,automatic,fwd,sedan,white,tx
8499,2016,hyundai,unknown,4,gas,120206,automatic,unknown,unknown,unknown,ca
8499,2011,subaru,unknown,6,gas,176710,automatic,4wd,SUV,grey,co
8499,2013,nissan,good,4,gas,82000,automatic,fwd,sedan,silver,il
8500,2007,lexus,like new,6,gas,175000,automatic,unknown,unknown,unknown,nm
8500,2011,chevrolet,excellent,4,gas,123400,automatic,4wd,SUV,silver,mn
8500,2004,toyota,unknown,6,gas,184195,automatic,rwd,unknown,unknown,nc
8500,2004,ford,unknown,8,gas,209636,automatic,rwd,pickup,red,or
8500,2008,gmc,unknown,8,gas,186000,automatic,unknown,unknown,unknown,id
8500,2015,ford,unknown,4,gas,96593,automatic,fwd,sedan,silver,tx
8500,1996,ford,excellent,8,gas,198200,manual,4wd,pickup,white,fl
8500,2018,unknown,unknown,6,gas,16000,automatic,unknown,unknown,unknown,ca
8500,1995,jaguar,good,6,gas,57748,automatic,rwd,convertible,green,hi
8500,2015,gmc,fair,6,gas,170000,automatic,4wd,SUV,silver,vt
8500,1997,jeep,good,6,gas,183000,manual,4wd,unknown,green,az
8500,2007,ford,unknown,6,gas,130000,automatic,unknown,unknown,unknown,il
8500,2003,lincoln,excellent,8,gas,85000,automatic,unknown,unknown,unknown,la
8500,2013,chrysler,excellent,6,gas,96000,automatic,fwd,mini-van,brown,nj
8500,2007,ford,good,8,gas,220000,automatic,4wd,truck,red,sc
8500,2014,ford,fair,4,gas,127250,manual,fwd,hatchback,blue,az
8500,2008,rover,unknown,6,gas,95746,automatic,4wd,SUV,grey,fl
8500,1999,chevrolet,good,8,gas,156000,automatic,4wd,unknown,red,wa
8500,2015,honda,unknown,4,gas,123589,automatic,unknown,unknown,unknown,va
8500,2012,kia,excellent,4,gas,90171,automatic,fwd,sedan,black,ny
8500,2013,honda,like new,6,gas,198000,automatic,unknown,unknown,unknown,tx
8500,2005,chrysler,like new,6,gas,53100,automatic,rwd,sedan,custom,wi
8500,1995,gmc,good,8,gas,137000,automatic,4wd,pickup,green,nc
8500,2000,mazda,excellent,4,gas,49000,manual,rwd,convertible,red,or
8500,2013,mini,good,4,gas,83000,manual,fwd,hatchback,red,or
8500,2003,ford,unknown,8,gas,205000,automatic,unknown,unknown,unknown,va
8500,2011,infiniti,unknown,6,gas,140000,automatic,4wd,sedan,black,ny
8500,2008,chevrolet,good,8,gas,271361,automatic,4wd,wagon,blue,ar
8500,2005,subaru,excellent,4,gas,180000,manual,4wd,sedan,silver,ca
8500,2008,chevrolet,good,8,gas,199000,automatic,4wd,SUV,unknown,nd
8500,1998,unknown,excellent,3,gas,27400,manual,4wd,mini-van,white,mt
8500,2016,chevrolet,unknown,4,gas,100401,automatic,fwd,sedan,silver,oh
8500,2011,lincoln,excellent,8,gas,116754,automatic,rwd,sedan,black,ca
8500,1995,lexus,excellent,8,gas,98015,automatic,rwd,coupe,custom,ga
8500,2013,hyundai,unknown,4,gas,103572,automatic,fwd,sedan,custom,ca
8500,2008,mercedes-benz,good,8,gas,167000,automatic,rwd,SUV,black,az
8500,2003,toyota,good,6,gas,213000,automatic,4wd,pickup,black,ca
8500,2005,bmw,excellent,8,gas,152563,other,rwd,coupe,unknown,ca
8500,2012,toyota,unknown,4,gas,144150,automatic,unknown,unknown,unknown,nc
8500,2010,nissan,good,6,gas,124325,manual,fwd,sedan,grey,nv
8500,2012,toyota,excellent,4,hybrid,104000,automatic,fwd,unknown,white,sc
8500,2015,dodge,good,6,gas,125000,automatic,fwd,unknown,unknown,co
8500,2005,toyota,excellent,6,gas,200054,automatic,4wd,SUV,silver,co
8500,1998,mercedes-benz,excellent,8,gas,110000,automatic,unknown,convertible,black,ca
8500,2007,ford,excellent,8,gas,150000,automatic,4wd,truck,silver,ak
8500,2006,volvo,like new,5,gas,106900,automatic,fwd,unknown,green,pa
8500,2007,toyota,good,8,gas,279417,automatic,rwd,truck,grey,sc
8500,1997,toyota,unknown,8,gas,197000,automatic,unknown,unknown,unknown,tx
8500,2017,ford,good,4,gas,55134,automatic,fwd,sedan,silver,or
8500,2008,gmc,unknown,8,gas,200320,automatic,unknown,unknown,unknown,ny
8566,2012,gmc,unknown,4,gas,159236,automatic,fwd,unknown,black,oh
8595,2006,ford,unknown,8,gas,84947,automatic,rwd,unknown,unknown,il
8600,2015,mazda,excellent,4,gas,120595,automatic,fwd,wagon,blue,ks
8600,2017,hyundai,excellent,4,gas,54526,automatic,fwd,sedan,blue,tx
8600,2011,subaru,excellent,4,gas,108500,automatic,4wd,SUV,grey,ma
8611,2013,chevrolet,unknown,6,gas,101246,automatic,fwd,unknown,unknown,nm
8650,2008,ford,excellent,8,gas,160000,automatic,4wd,sedan,black,il
8666,2007,chevrolet,good,8,gas,150000,automatic,unknown,SUV,black,ny
8688,2011,toyota,excellent,4,gas,165637,automatic,fwd,unknown,black,wi
8695,2003,lexus,good,6,gas,105341,automatic,4wd,other,unknown,ca
8698,2009,ford,unknown,6,gas,121015,automatic,fwd,SUV,silver,fl
8699,2014,subaru,unknown,4,gas,172483,automatic,4wd,SUV,red,il
8700,2007,chevrolet,good,8,gas,200000,automatic,rwd,pickup,grey,tx
8750,2012,ford,excellent,6,gas,159000,automatic,4wd,SUV,black,md
8750,1999,toyota,good,4,gas,43456,automatic,fwd,pickup,white,ca
8765,2005,subaru,good,4,gas,149500,manual,4wd,wagon,blue,ny
8772,2010,toyota,unknown,6,other,144942,automatic,fwd,unknown,green,ms
8799,2012,toyota,excellent,4,gas,115000,automatic,fwd,sedan,white,tx
8799,2012,buick,unknown,4,gas,105910,automatic,unknown,sedan,white,az
8800,2010,chevrolet,fair,8,gas,60002,automatic,unknown,unknown,white,ma
8800,2017,ford,unknown,4,gas,70000,automatic,unknown,unknown,unknown,ne
8800,2012,dodge,excellent,6,gas,137210,automatic,fwd,SUV,blue,tx
8800,2008,bmw,unknown,6,gas,110200,automatic,unknown,unknown,unknown,ny
8800,2011,ford,unknown,8,gas,166000,automatic,unknown,unknown,unknown,la
8800,2010,honda,unknown,6,gas,106175,automatic,fwd,mini-van,grey,ny
8800,2006,toyota,unknown,8,gas,181000,automatic,4wd,SUV,unknown,mi
8800,2009,honda,excellent,4,gas,32379,automatic,fwd,sedan,blue,wa
8800,2009,gmc,good,8,gas,207000,automatic,4wd,pickup,white,oh
8800,2011,bmw,excellent,6,gas,90500,automatic,unknown,unknown,unknown,il
8844,2008,toyota,like new,4,gas,125984,automatic,fwd,sedan,blue,sc
8845,2010,ford,excellent,8,gas,137016,automatic,4wd,unknown,unknown,mn
8850,2009,mini,unknown,4,gas,92462,automatic,fwd,hatchback,custom,nv
8850,2005,ford,excellent,8,gas,172000,automatic,unknown,truck,unknown,ok
8888,2009,acura,unknown,6,gas,186000,automatic,unknown,sedan,unknown,wa
8888,2015,kia,excellent,4,gas,137318,automatic,fwd,sedan,white,ca
8888,2013,kia,excellent,4,gas,142310,automatic,fwd,sedan,black,il
8895,2013,nissan,excellent,4,gas,110899,automatic,fwd,sedan,red,nc
8895,2006,ford,unknown,8,gas,135174,automatic,4wd,pickup,red,wi
8899,2014,kia,unknown,4,gas,97803,automatic,unknown,SUV,green,nj
8900,2018,nissan,unknown,4,gas,148000,automatic,unknown,unknown,unknown,sc
8900,2007,ford,good,8,gas,200050,automatic,4wd,unknown,unknown,sc
8900,2013,toyota,excellent,4,hybrid,58000,automatic,fwd,hatchback,grey,or
8900,2008,rover,excellent,8,gas,130000,automatic,4wd,SUV,black,ca
8900,2011,volvo,excellent,6,gas,126129,automatic,4wd,unknown,unknown,vt
8900,2003,ford,like new,8,gas,145000,automatic,4wd,truck,white,ia
8900,2012,lincoln,good,6,gas,112956,automatic,4wd,sedan,black,ia
8900,2011,honda,excellent,4,gas,123555,automatic,4wd,SUV,custom,fl
8900,2005,chevrolet,unknown,8,gas,170098,automatic,unknown,unknown,unknown,tx
8900,2013,ford,good,4,gas,13000,automatic,4wd,SUV,black,wi
8900,2012,chevrolet,unknown,4,gas,75000,automatic,unknown,unknown,unknown,ny
8900,2009,honda,like new,5,gas,180000,automatic,4wd,SUV,white,ma
8900,2011,ford,good,8,gas,234000,automatic,4wd,unknown,white,oh
8900,2010,chrysler,like new,6,gas,36500,automatic,fwd,convertible,unknown,pa
8900,2012,jeep,unknown,6,gas,120582,automatic,4wd,SUV,white,ri
8900,2009,toyota,excellent,4,gas,54000,automatic,fwd,sedan,white,nj
8900,2012,unknown,good,4,hybrid,92795,automatic,fwd,hatchback,white,or
8900,2011,dodge,unknown,4,gas,115007,automatic,fwd,sedan,blue,ak
8900,2013,subaru,good,4,gas,135742,automatic,4wd,wagon,blue,co
8900,2007,ford,excellent,8,gas,180000,automatic,unknown,truck,red,tx
8900,2000,toyota,good,6,gas,208222,automatic,4wd,unknown,unknown,nm
8900,2008,unknown,excellent,5,gas,132000,automatic,4wd,SUV,grey,nj
8900,2010,toyota,excellent,4,gas,113000,automatic,fwd,unknown,grey,nm
8900,2010,honda,unknown,4,gas,114000,automatic,unknown,unknown,unknown,ia
8905,2015,ford,unknown,4,gas,52090,manual,fwd,hatchback,custom,tx
8950,2005,ford,good,6,gas,127100,automatic,4wd,pickup,unknown,ny
8950,2012,ford,like new,6,gas,178000,automatic,4wd,SUV,black,ny
8950,2009,nissan,good,4,gas,94075,automatic,fwd,SUV,silver,ny
8950,2013,ford,unknown,6,gas,144047,automatic,4wd,SUV,black,nv
8950,2011,hyundai,unknown,4,gas,151271,automatic,fwd,sedan,custom,nc
8950,1999,ford,excellent,10,gas,122000,automatic,4wd,pickup,black,oh
8950,1996,chevrolet,good,8,gas,221000,automatic,rwd,truck,white,tn
8950,2018,kia,unknown,4,gas,109324,automatic,unknown,sedan,unknown,ct
8950,2011,ford,excellent,6,gas,84000,automatic,4wd,SUV,unknown,ia
8950,1998,jaguar,unknown,8,gas,92060,automatic,unknown,unknown,unknown,mi
8950,2010,gmc,good,5,gas,152403,automatic,4wd,truck,white,wv
8950,2005,unknown,unknown,4,diesel,191283,automatic,unknown,unknown,unknown,ca
8950,2012,ford,good,8,gas,170100,automatic,rwd,pickup,white,nj
8950,2013,chevrolet,excellent,4,gas,52290,automatic,unknown,sedan,unknown,ca
8950,2017,nissan,excellent,4,gas,73505,automatic,fwd,sedan,unknown,ks
8967,2012,chevrolet,unknown,4,unknown,115875,automatic,unknown,SUV,grey,nj
8969,2015,hyundai,excellent,4,gas,69377,automatic,unknown,sedan,unknown,il
8975,2001,chevrolet,excellent,8,gas,170862,automatic,4wd,truck,brown,ca
8975,2012,volkswagen,unknown,4,gas,93305,automatic,unknown,unknown,unknown,nj
8975,2016,chevrolet,excellent,4,gas,144000,automatic,fwd,sedan,white,ca
8975,2014,gmc,unknown,4,gas,116211,automatic,unknown,SUV,unknown,nj
8975,2005,chevrolet,fair,8,gas,176230,automatic,4wd,pickup,white,oh
8980,2015,chrysler,unknown,6,gas,144481,automatic,unknown,unknown,unknown,sc
8982,2015,ford,unknown,4,gas,77131,automatic,unknown,sedan,unknown,oh
8983,2011,honda,unknown,4,gas,90482,automatic,fwd,sedan,red,tx
8985,2011,volvo,unknown,6,gas,85820,automatic,fwd,sedan,black,ca
8988,2015,volkswagen,like new,4,gas,149120,automatic,unknown,unknown,unknown,tx
8988,2015,kia,unknown,4,gas,130144,automatic,fwd,sedan,silver,tn
8990,2013,honda,unknown,4,gas,133285,automatic,unknown,coupe,blue,fl
8990,2013,unknown,good,4,gas,59072,automatic,rwd,coupe,silver,oh
8990,2010,buick,good,6,gas,148000,automatic,fwd,SUV,brown,mi
8990,2012,subaru,unknown,4,gas,135353,automatic,unknown,sedan,blue,or
8990,2011,ford,excellent,6,gas,175604,automatic,unknown,unknown,blue,va
8990,2013,ford,excellent,4,gas,111524,automatic,fwd,SUV,blue,oh
8990,2017,hyundai,excellent,4,gas,113373,automatic,unknown,unknown,red,nc
8990,2008,toyota,unknown,6,gas,157741,automatic,fwd,wagon,unknown,va
8990,2011,chevrolet,unknown,6,gas,162000,automatic,unknown,SUV,blue,mn
8990,2005,mini,unknown,4,gas,51128,automatic,unknown,convertible,silver,dc
8990,2013,unknown,good,4,gas,59072,automatic,rwd,coupe,silver,de
8990,2012,mazda,excellent,4,gas,83817,automatic,fwd,sedan,white,pa
8992,2011,subaru,unknown,4,gas,120968,automatic,4wd,wagon,custom,il
8994,2006,lexus,unknown,6,gas,113848,automatic,unknown,SUV,grey,ia
8995,2014,honda,good,4,gas,109235,automatic,unknown,other,silver,ny
8995,2002,toyota,good,6,gas,217650,automatic,4wd,SUV,black,il
8995,2015,subaru,excellent,4,gas,159577,automatic,4wd,wagon,blue,nj
8995,2009,cadillac,like new,6,gas,105356,automatic,4wd,sedan,red,pa
8995,2010,subaru,unknown,4,gas,105000,automatic,unknown,unknown,unknown,ny
8995,2017,hyundai,excellent,4,gas,89085,automatic,fwd,sedan,red,az
8995,2016,kia,excellent,4,gas,98505,automatic,fwd,sedan,grey,tx
8995,2013,subaru,unknown,4,gas,170488,other,4wd,wagon,grey,co
8995,2013,honda,excellent,4,gas,83000,automatic,fwd,coupe,black,or
8995,2000,chevrolet,excellent,8,gas,109860,automatic,4wd,SUV,grey,wi
8995,2011,honda,excellent,6,gas,128338,automatic,4wd,SUV,unknown,oh
8995,2013,ford,unknown,4,other,47852,automatic,unknown,sedan,red,id
8995,2011,infiniti,excellent,6,gas,110820,automatic,unknown,sedan,unknown,az
8995,2017,toyota,excellent,4,gas,37000,automatic,unknown,sedan,white,fl
8995,2012,nissan,like new,4,gas,103860,automatic,4wd,SUV,grey,pa
8995,2004,volkswagen,excellent,6,gas,54000,automatic,4wd,unknown,unknown,ca
8995,2010,ford,unknown,4,gas,92000,automatic,unknown,unknown,unknown,id
8995,2014,kia,excellent,4,gas,93000,automatic,fwd,SUV,brown,or
8995,2009,lexus,like new,6,gas,171100,automatic,fwd,sedan,white,nc
8995,2012,hyundai,unknown,6,gas,119000,automatic,4wd,unknown,unknown,nh
8995,2004,toyota,good,6,gas,141117,automatic,fwd,mini-van,grey,ca
8995,2006,honda,unknown,6,gas,139414,automatic,fwd,van,black,ca
8995,2016,unknown,excellent,4,gas,88650,manual,fwd,sedan,black,pa
8995,2012,hyundai,excellent,4,gas,143504,automatic,4wd,SUV,green,ma
8995,2009,subaru,unknown,4,gas,108214,automatic,unknown,wagon,black,id
8995,2008,ford,unknown,8,gas,176000,automatic,4wd,unknown,unknown,me
8995,2010,subaru,unknown,4,gas,89597,automatic,unknown,unknown,unknown,ma
8995,2011,honda,excellent,4,gas,117000,automatic,4wd,SUV,grey,ri
8995,2013,nissan,unknown,6,gas,117675,automatic,fwd,wagon,white,ca
8995,2014,chevrolet,good,4,gas,70200,automatic,fwd,sedan,grey,mi
8995,2014,dodge,good,6,gas,97459,automatic,fwd,van,grey,ny
8995,2006,infiniti,unknown,6,gas,95000,automatic,unknown,unknown,unknown,ma
8995,2009,nissan,excellent,4,gas,61102,automatic,fwd,sedan,blue,ma
8995,2011,gmc,unknown,4,gas,129324,automatic,fwd,SUV,unknown,oh
8995,2008,unknown,unknown,4,gas,176606,manual,fwd,wagon,white,nv
8995,2012,chevrolet,unknown,6,gas,172825,automatic,unknown,unknown,unknown,pa
8995,2016,chevrolet,excellent,4,gas,64891,manual,fwd,hatchback,grey,me
8995,2013,ford,unknown,4,gas,130000,automatic,unknown,unknown,unknown,ga
8995,2013,kia,excellent,4,gas,99955,automatic,unknown,unknown,black,md
8995,2009,toyota,excellent,4,gas,102427,automatic,fwd,sedan,white,va
8995,2011,ford,unknown,4,gas,143691,automatic,unknown,van,white,fl
8995,2013,ford,unknown,4,gas,125837,automatic,fwd,sedan,silver,va
8995,2013,toyota,excellent,4,gas,83291,automatic,fwd,sedan,black,dc
8995,2015,chevrolet,unknown,4,gas,127044,automatic,unknown,unknown,unknown,mi
8995,2014,hyundai,excellent,4,gas,73000,manual,fwd,sedan,black,az
8995,2012,ford,excellent,6,gas,165234,automatic,fwd,SUV,blue,in
8995,2004,lexus,excellent,8,gas,158268,automatic,rwd,sedan,white,oh
8995,2013,toyota,excellent,4,hybrid,97642,automatic,fwd,hatchback,silver,ny
8995,2013,ford,excellent,4,gas,115245,automatic,fwd,sedan,silver,ky
8995,2012,ford,unknown,4,gas,82424,automatic,unknown,unknown,unknown,ks
8995,2015,ford,good,4,gas,80000,automatic,fwd,sedan,blue,nj
8995,2008,chevrolet,excellent,6,gas,74703,automatic,fwd,sedan,brown,pa
8995,2004,ford,excellent,8,gas,120459,automatic,4wd,other,red,ma
8995,2012,gmc,excellent,6,gas,150630,automatic,4wd,SUV,unknown,wa
8995,2005,porsche,excellent,8,gas,130075,automatic,4wd,SUV,unknown,oh
8995,2009,bmw,unknown,6,gas,137740,automatic,4wd,SUV,blue,az
8995,2003,toyota,unknown,6,gas,148831,automatic,4wd,SUV,unknown,or
8995,2015,dodge,excellent,4,gas,88798,manual,fwd,sedan,black,va
8995,2011,hyundai,excellent,4,gas,88410,automatic,fwd,sedan,grey,ny
8995,2014,kia,good,4,gas,96000,automatic,4wd,wagon,grey,pa
8995,2014,subaru,excellent,4,gas,155087,automatic,4wd,wagon,grey,ma
8995,2012,ford,excellent,4,gas,124561,automatic,fwd,sedan,unknown,oh
8995,2006,ford,unknown,8,gas,225900,automatic,4wd,pickup,black,id
8995,2014,chrysler,like new,6,gas,128000,automatic,unknown,mini-van,blue,ny
8995,2016,chevrolet,good,4,gas,86449,automatic,fwd,sedan,silver,ar
8995,2012,mitsubishi,excellent,4,gas,126000,automatic,4wd,SUV,unknown,ny
8995,2010,buick,unknown,6,gas,62600,automatic,4wd,sedan,grey,ct
8995,2015,ford,good,4,gas,107640,automatic,fwd,unknown,black,ma
8995,2015,chevrolet,excellent,4,gas,107341,automatic,fwd,sedan,black,tx
8995,2009,toyota,excellent,6,gas,177488,automatic,fwd,mini-van,red,or
8995,2010,hyundai,good,4,gas,121442,automatic,rwd,coupe,black,tn
8995,2011,honda,excellent,4,gas,122000,automatic,fwd,coupe,black,me
8995,2012,ford,good,6,gas,113829,automatic,fwd,SUV,red,wi
8995,2006,infiniti,excellent,6,gas,153107,automatic,rwd,coupe,white,ga
8995,2008,jeep,excellent,6,gas,123661,automatic,4wd,SUV,white,ca
8995,2009,honda,excellent,4,gas,71204,automatic,fwd,sedan,silver,pa
8995,2013,nissan,unknown,4,gas,92528,automatic,unknown,unknown,unknown,va
8997,2011,subaru,unknown,4,gas,88142,automatic,unknown,sedan,brown,ny
8997,2006,ram,unknown,8,gas,176028,automatic,4wd,pickup,unknown,ks
8997,2011,hyundai,excellent,6,gas,137000,automatic,unknown,coupe,grey,ca
8998,2006,toyota,unknown,4,gas,187826,automatic,4wd,wagon,white,sc
8998,2010,subaru,unknown,4,gas,104359,manual,unknown,SUV,orange,ma
8999,2014,volkswagen,excellent,4,gas,122842,automatic,fwd,sedan,white,ca
8999,2016,volkswagen,unknown,4,other,152704,automatic,unknown,SUV,black,oh
8999,2009,subaru,unknown,4,gas,109370,automatic,unknown,unknown,unknown,wi
8999,2004,chevrolet,unknown,8,gas,213945,automatic,unknown,unknown,unknown,ca
8999,2015,ford,excellent,4,gas,100019,automatic,fwd,sedan,custom,oh
8999,2009,subaru,excellent,4,gas,102499,automatic,4wd,SUV,silver,va
8999,2008,mercedes-benz,excellent,6,gas,121555,automatic,rwd,sedan,black,ca
8999,2012,bmw,excellent,4,gas,130850,automatic,rwd,sedan,black,ks
8999,2011,chevrolet,excellent,6,gas,151104,automatic,4wd,SUV,black,nj
8999,2000,ford,excellent,8,gas,185000,automatic,rwd,van,white,ca
8999,2013,hyundai,good,4,other,91257,automatic,unknown,sedan,blue,co
8999,2006,ford,unknown,8,gas,191940,automatic,fwd,pickup,brown,ky
8999,2010,bmw,like new,6,gas,91602,automatic,unknown,unknown,blue,ca
8999,2011,ford,excellent,6,gas,100653,automatic,fwd,SUV,red,mn
8999,2009,bmw,like new,6,gas,95922,automatic,rwd,sedan,blue,ca
8999,2010,unknown,unknown,4,gas,107708,automatic,unknown,other,silver,il
8999,2014,honda,excellent,4,gas,183000,automatic,4wd,SUV,red,ct
8999,2012,jeep,unknown,6,other,127223,automatic,4wd,SUV,unknown,dc
8999,2012,kia,unknown,6,gas,79185,automatic,fwd,other,red,nv
8999,2012,honda,good,4,gas,74460,automatic,fwd,hatchback,grey,or
8999,2014,acura,unknown,6,gas,84516,automatic,unknown,unknown,unknown,fl
8999,2013,mitsubishi,unknown,4,gas,79000,automatic,unknown,unknown,unknown,ny
8999,2007,honda,excellent,6,gas,173332,automatic,4wd,pickup,white,va
8999,2014,dodge,good,6,gas,81285,automatic,unknown,sedan,unknown,ca
8999,2015,chevrolet,unknown,4,gas,110730,automatic,unknown,unknown,unknown,wi
9000,2014,nissan,good,6,gas,106000,automatic,fwd,sedan,purple,tn
9000,2007,chevrolet,good,8,gas,150000,automatic,4wd,SUV,silver,mi
9000,2007,toyota,good,6,gas,207840,automatic,rwd,unknown,silver,ut
9000,2005,chevrolet,good,8,gas,211185,automatic,unknown,SUV,blue,fl
9000,2015,volkswagen,like new,4,diesel,115000,automatic,fwd,sedan,unknown,nm
9000,1999,mazda,unknown,4,gas,136500,manual,rwd,convertible,red,ca
9000,2011,nissan,like new,4,gas,161883,automatic,unknown,SUV,white,ky
9000,1998,ram,good,6,diesel,226000,automatic,4wd,truck,black,co
9000,2013,honda,good,6,gas,168000,automatic,fwd,sedan,black,ny
9000,2003,chevrolet,unknown,8,gas,160000,automatic,unknown,unknown,unknown,ca
9000,2006,gmc,unknown,8,gas,148000,automatic,unknown,unknown,unknown,ca
9000,2008,chevrolet,fair,8,gas,265356,automatic,4wd,pickup,red,co
9000,2002,chevrolet,good,8,gas,152725,automatic,4wd,pickup,black,il
9000,2008,saturn,excellent,4,gas,100000,automatic,unknown,unknown,unknown,tx
9000,2007,jeep,good,6,gas,72000,automatic,4wd,SUV,silver,co
9000,2002,ford,excellent,8,gas,146000,automatic,rwd,truck,red,tx
9000,2011,kia,excellent,4,gas,158010,automatic,fwd,SUV,black,nv
9000,2013,nissan,excellent,4,gas,62000,automatic,unknown,unknown,white,ny
9025,2016,ford,excellent,4,gas,137049,automatic,fwd,sedan,white,nm
9100,2013,hyundai,unknown,4,gas,130560,automatic,fwd,sedan,black,va
9194,2013,ford,unknown,4,gas,74264,other,fwd,sedan,red,ak
9194,2011,chevrolet,unknown,4,gas,72722,manual,fwd,sedan,silver,ak
9195,2007,bmw,unknown,6,gas,104609,automatic,unknown,SUV,unknown,va
9200,2012,ford,excellent,6,gas,79165,automatic,4wd,sedan,blue,sd
9200,2014,toyota,excellent,4,gas,133000,automatic,unknown,hatchback,unknown,ga
9200,2004,lexus,like new,6,gas,104000,automatic,fwd,SUV,silver,fl
9200,2004,toyota,like new,4,gas,90000,automatic,rwd,pickup,white,ca
9200,2011,toyota,unknown,4,gas,124000,automatic,4wd,SUV,brown,me
9250,2005,chevrolet,fair,8,diesel,278511,automatic,rwd,truck,white,ok
9250,2011,honda,excellent,6,gas,163000,automatic,fwd,mini-van,unknown,tn
9250,2007,acura,unknown,4,gas,84468,automatic,unknown,unknown,blue,tn
9295,2013,chevrolet,excellent,6,gas,107000,automatic,fwd,sedan,black,id
9295,2014,chevrolet,good,4,gas,83310,other,unknown,sedan,black,nj
9299,2013,mini,excellent,4,gas,75200,automatic,fwd,hatchback,white,pa
9300,2006,toyota,excellent,6,gas,152000,automatic,unknown,truck,white,ca
9300,2012,honda,unknown,4,gas,100600,automatic,unknown,unknown,unknown,al
9300,2007,chevrolet,good,8,gas,150000,automatic,rwd,truck,white,tx
9300,2016,jeep,excellent,4,gas,106796,automatic,fwd,SUV,silver,ky
9300,2008,honda,excellent,4,gas,67000,automatic,4wd,SUV,blue,nj
9350,2013,bmw,excellent,4,gas,173000,automatic,4wd,sedan,black,ny
9372,2009,subaru,good,4,gas,78775,automatic,4wd,sedan,grey,wi
9375,2013,honda,unknown,4,hybrid,84972,automatic,unknown,unknown,unknown,nh
9390,2015,nissan,excellent,4,gas,81187,automatic,fwd,sedan,grey,nc
9395,2013,hyundai,unknown,4,gas,91107,automatic,unknown,sedan,black,ca
9399,2011,chevrolet,excellent,6,gas,93022,automatic,fwd,SUV,grey,az
9400,2012,toyota,like new,4,gas,69000,automatic,fwd,sedan,red,ca
9450,2015,jeep,excellent,4,gas,119879,automatic,4wd,SUV,grey,ma
9450,2012,subaru,good,4,gas,136760,automatic,4wd,wagon,custom,nc
9490,2009,toyota,good,4,gas,148587,automatic,fwd,sedan,black,tn
9495,2012,gmc,excellent,8,gas,179241,automatic,4wd,unknown,red,ri
9495,2012,toyota,excellent,6,gas,199777,automatic,fwd,van,silver,tx
9495,2006,ram,unknown,6,gas,108246,automatic,rwd,truck,black,fl
9495,2013,bmw,unknown,4,gas,150225,automatic,4wd,sedan,black,md
9495,2002,chevrolet,excellent,8,gas,119107,automatic,unknown,SUV,unknown,ca
9495,2014,jeep,unknown,4,gas,129030,automatic,fwd,SUV,white,oh
9495,2015,ford,excellent,4,gas,44234,automatic,fwd,sedan,silver,tn
9495,2009,chevrolet,good,8,gas,145889,automatic,rwd,van,white,wi
9495,2015,nissan,like new,4,gas,80000,automatic,fwd,sedan,white,fl
9495,2009,toyota,unknown,6,gas,178053,automatic,unknown,unknown,unknown,nc
9495,2013,honda,unknown,4,gas,122902,automatic,unknown,sedan,black,dc
9499,2016,volkswagen,excellent,4,gas,71750,automatic,fwd,sedan,unknown,az
9499,2009,toyota,unknown,4,unknown,147953,automatic,fwd,wagon,silver,hi
9499,2016,ford,unknown,4,gas,111857,automatic,fwd,sedan,white,or
9499,2010,ford,good,6,gas,90000,automatic,fwd,sedan,red,az
9499,2007,ford,unknown,8,gas,146800,automatic,unknown,other,red,tn
9499,2013,hyundai,unknown,4,gas,92685,automatic,fwd,sedan,black,nv
9499,2010,toyota,excellent,4,gas,116500,automatic,fwd,sedan,unknown,or
9500,2003,ford,like new,8,gas,73000,automatic,rwd,truck,grey,tx
9500,2007,ford,good,8,gas,121200,automatic,rwd,truck,white,nc
9500,2012,volvo,excellent,5,gas,85397,automatic,fwd,sedan,black,mn
9500,2014,nissan,like new,4,gas,103260,automatic,fwd,wagon,white,va
9500,2010,bmw,unknown,6,diesel,61000,automatic,unknown,unknown,unknown,ca
9500,2015,chevrolet,unknown,4,gas,78853,automatic,unknown,unknown,unknown,co
9500,2001,toyota,excellent,6,gas,166437,automatic,rwd,truck,white,nm
9500,2012,dodge,excellent,6,gas,88461,automatic,fwd,mini-van,black,il
9500,2011,volkswagen,excellent,4,gas,124184,manual,unknown,unknown,grey,nm
9500,2009,gmc,excellent,6,gas,123000,automatic,unknown,unknown,white,fl
9500,2013,chevrolet,unknown,4,gas,105808,automatic,fwd,sedan,custom,mo
9500,2000,ford,unknown,8,diesel,267000,manual,unknown,unknown,unknown,nm
9500,2014,subaru,like new,4,gas,132117,automatic,4wd,other,grey,va
9500,2015,ford,good,4,gas,89000,automatic,fwd,SUV,silver,ky
9500,2005,ford,excellent,8,diesel,175318,automatic,rwd,truck,white,tx
9500,2016,ford,excellent,4,gas,43900,automatic,fwd,unknown,silver,ma
9500,2007,lexus,unknown,6,gas,114000,manual,unknown,unknown,unknown,oh
9500,2015,dodge,good,4,gas,65000,manual,fwd,other,custom,oh
9500,2011,audi,excellent,4,gas,111000,automatic,fwd,hatchback,black,ca
9500,2005,porsche,good,8,gas,146000,automatic,4wd,SUV,black,ny
9500,2000,unknown,unknown,8,diesel,33000,manual,rwd,unknown,unknown,ca
9500,2013,chevrolet,unknown,8,gas,142700,automatic,fwd,SUV,black,oh
9500,2012,chevrolet,good,8,gas,239800,automatic,4wd,truck,silver,pa
9500,2013,ford,unknown,4,hybrid,49000,automatic,unknown,unknown,unknown,or
9500,2011,jeep,excellent,6,gas,135000,automatic,4wd,SUV,black,tx
9500,2013,hyundai,excellent,6,gas,105000,automatic,fwd,sedan,custom,tx
9500,2019,chevrolet,new,4,gas,36000,automatic,fwd,hatchback,black,il
9500,2011,honda,excellent,4,gas,134000,automatic,fwd,SUV,unknown,nc
9500,2014,audi,like new,4,gas,63000,automatic,4wd,sedan,grey,ct
9500,2014,honda,like new,4,gas,105000,automatic,fwd,sedan,brown,fl
9500,2011,dodge,good,6,gas,38000,automatic,unknown,coupe,yellow,ca
9500,2012,honda,excellent,4,gas,89000,automatic,unknown,unknown,unknown,tn
9500,2015,volkswagen,unknown,4,gas,103630,automatic,fwd,sedan,white,al
9500,2009,ford,fair,8,diesel,245500,automatic,4wd,truck,unknown,ny
9500,2014,dodge,excellent,8,gas,118000,automatic,4wd,sedan,black,co
9500,2011,bmw,unknown,6,gas,76000,automatic,rwd,unknown,unknown,ca
9500,2012,cadillac,excellent,6,gas,50000,automatic,4wd,sedan,white,pa
9500,2011,ram,unknown,8,gas,165000,automatic,rwd,pickup,black,mi
9500,2000,mercedes-benz,excellent,8,gas,122000,automatic,rwd,convertible,silver,fl
9500,2011,lincoln,unknown,6,gas,104140,manual,unknown,unknown,unknown,mi
9500,2006,dodge,like new,8,gas,81200,automatic,rwd,sedan,blue,nv
9500,2012,toyota,excellent,4,gas,121600,automatic,unknown,sedan,black,ca
9500,2009,mercedes-benz,unknown,6,gas,187000,automatic,unknown,unknown,unknown,nc
9500,2006,chevrolet,excellent,8,gas,193999,automatic,rwd,truck,white,fl
9500,2005,ford,excellent,8,diesel,117822,automatic,rwd,truck,white,wa
9500,2011,subaru,unknown,4,gas,126535,automatic,4wd,SUV,black,mi
9500,2012,infiniti,excellent,6,gas,120000,automatic,unknown,SUV,black,ca
9500,2007,ram,like new,8,gas,150614,automatic,unknown,truck,red,sc
9500,2013,volkswagen,good,4,gas,115500,automatic,4wd,SUV,white,tn
9500,2007,honda,like new,4,gas,98769,automatic,4wd,SUV,red,va
9500,2015,toyota,excellent,4,gas,99000,automatic,unknown,unknown,silver,fl
9514,2017,chevrolet,unknown,4,gas,87037,automatic,fwd,hatchback,unknown,il
9569,2007,chevrolet,unknown,5,gas,147853,other,4wd,truck,white,mt
9588,2011,kia,unknown,4,gas,130012,automatic,unknown,SUV,unknown,ga
9588,2008,bmw,excellent,8,gas,108000,automatic,4wd,SUV,grey,ca
9590,2014,hyundai,good,4,other,135855,automatic,fwd,sedan,blue,ga
9599,2015,volkswagen,excellent,4,gas,83500,automatic,fwd,sedan,silver,tx
9599,2010,acura,excellent,4,gas,91000,automatic,fwd,sedan,red,pa
9600,2012,jeep,unknown,6,gas,228000,automatic,rwd,SUV,white,ca
9600,2014,mazda,good,4,gas,134305,automatic,fwd,sedan,white,ca
9600,1999,ram,good,6,diesel,307000,automatic,4wd,unknown,unknown,or
9600,2008,ford,good,10,gas,288000,automatic,rwd,truck,white,oh
9651,2016,ford,unknown,8,gas,55215,automatic,unknown,unknown,unknown,il
9661,2013,honda,unknown,4,gas,167700,automatic,unknown,unknown,unknown,tn
9694,2012,honda,unknown,6,gas,193707,automatic,fwd,van,grey,ga
9700,2012,volkswagen,good,4,gas,104304,manual,fwd,sedan,silver,ga
9700,1995,nissan,excellent,6,gas,117000,automatic,rwd,convertible,purple,fl
9700,2015,mitsubishi,excellent,4,gas,74605,automatic,unknown,SUV,unknown,va
9700,2016,ford,good,4,gas,72055,automatic,fwd,hatchback,black,nc
9750,2011,ford,good,10,gas,259700,automatic,fwd,bus,white,mn
9750,2008,dodge,good,6,gas,114000,automatic,unknown,unknown,black,wi
9750,2012,ford,good,8,gas,119211,automatic,rwd,van,white,oh
9750,2013,cadillac,unknown,6,gas,122455,automatic,unknown,sedan,unknown,or
9750,2011,bmw,like new,6,gas,108055,automatic,4wd,SUV,black,fl
9750,2013,hyundai,excellent,4,gas,79705,automatic,unknown,sedan,unknown,va
9795,2015,hyundai,good,4,gas,90386,automatic,fwd,hatchback,blue,tx
9795,2015,chevrolet,unknown,4,gas,90722,automatic,unknown,other,blue,nj
9797,2010,chrysler,unknown,6,gas,85078,automatic,fwd,van,grey,ky
9800,2015,unknown,excellent,4,gas,50343,automatic,unknown,unknown,unknown,tn
9800,2011,honda,unknown,4,gas,135700,automatic,unknown,unknown,unknown,ny
9800,2012,audi,unknown,4,gas,120030,automatic,unknown,sedan,black,va
9800,2008,honda,excellent,4,gas,93000,automatic,4wd,SUV,unknown,ca
9800,2007,lexus,good,8,gas,159500,automatic,unknown,unknown,unknown,tx
9800,2006,mercedes-benz,excellent,6,gas,71052,automatic,unknown,convertible,red,fl
9800,2012,honda,good,4,gas,85000,automatic,fwd,unknown,black,mi
9800,2009,nissan,excellent,6,gas,109827,automatic,fwd,sedan,grey,in
9800,2012,ford,good,6,gas,176840,automatic,fwd,SUV,white,ca
9850,2013,nissan,excellent,4,gas,79870,automatic,fwd,unknown,unknown,tx
9850,2011,honda,unknown,4,gas,133000,automatic,unknown,SUV,grey,nm
9850,2011,toyota,excellent,4,gas,114000,automatic,4wd,unknown,brown,oh
9855,2012,volkswagen,unknown,4,gas,55120,automatic,unknown,other,blue,ny
9888,2009,honda,unknown,6,gas,198242,automatic,fwd,SUV,black,tn
9888,2015,chevrolet,good,4,other,85291,automatic,fwd,sedan,red,ar
9888,2012,honda,unknown,4,gas,126710,automatic,fwd,unknown,unknown,ca
9895,2004,ford,unknown,8,gas,74662,automatic,rwd,convertible,black,ut
9895,2014,nissan,unknown,4,gas,148687,automatic,fwd,wagon,grey,tn
9900,2016,toyota,excellent,4,gas,21000,automatic,fwd,sedan,blue,al
9900,2013,ford,excellent,8,gas,177000,automatic,fwd,truck,white,tx
9900,2016,ford,unknown,6,hybrid,144000,automatic,fwd,unknown,black,il
9900,2013,gmc,unknown,6,gas,148285,automatic,fwd,unknown,black,al
9900,2015,honda,excellent,4,gas,88000,automatic,fwd,sedan,grey,tn
9900,2011,gmc,good,6,gas,94200,automatic,fwd,SUV,grey,ma
9900,2004,mercedes-benz,excellent,8,gas,102645,automatic,unknown,unknown,unknown,fl
9900,2015,toyota,excellent,4,hybrid,115000,automatic,fwd,hatchback,grey,ca
9900,2014,ford,unknown,6,gas,107726,automatic,unknown,other,brown,in
9900,2014,gmc,unknown,4,gas,126557,automatic,fwd,SUV,silver,mi
9900,2008,nissan,excellent,4,gas,129000,automatic,4wd,hatchback,yellow,ak
9900,2015,kia,good,4,gas,67888,other,unknown,wagon,black,id
9900,2014,honda,unknown,4,gas,73455,automatic,fwd,sedan,black,pa
9900,2010,volvo,excellent,6,gas,95674,automatic,fwd,unknown,unknown,fl
9900,2017,ford,unknown,4,gas,112000,automatic,unknown,unknown,unknown,sd
9900,2012,toyota,excellent,4,gas,87432,automatic,fwd,sedan,white,ca
9900,2013,kia,excellent,4,gas,75985,automatic,fwd,SUV,white,ky
9900,2010,bmw,good,6,gas,80899,automatic,4wd,sedan,grey,ny
9900,2011,mercedes-benz,like new,6,gas,120000,automatic,4wd,sedan,black,ny
9900,2015,dodge,unknown,6,gas,95936,automatic,fwd,unknown,white,tn
9900,2008,chevrolet,unknown,6,diesel,241502,automatic,unknown,unknown,unknown,tn
9921,2016,toyota,excellent,4,gas,81172,automatic,unknown,unknown,unknown,ok
9926,2011,nissan,excellent,6,gas,125475,automatic,4wd,SUV,unknown,mi
9950,2012,honda,good,4,gas,123378,automatic,fwd,sedan,silver,nc
9950,2005,ford,excellent,8,gas,197237,automatic,4wd,pickup,grey,ca
9950,2010,ford,excellent,8,gas,177000,automatic,rwd,van,white,in
9950,2012,toyota,excellent,4,gas,102000,automatic,fwd,sedan,silver,nm
9950,2016,toyota,good,4,gas,91555,automatic,fwd,sedan,black,ok
9950,2015,honda,good,4,gas,55000,automatic,fwd,sedan,red,ia
9950,2012,mazda,excellent,6,gas,110393,automatic,4wd,SUV,red,oh
9952,2015,nissan,unknown,4,electric,56175,automatic,fwd,hatchback,red,ga
9962,2007,honda,unknown,6,gas,57679,automatic,fwd,sedan,blue,id
9977,2005,ford,excellent,10,gas,110815,automatic,rwd,bus,white,or
9979,2015,ford,unknown,4,gas,157923,automatic,4wd,unknown,unknown,wi
9979,2012,chevrolet,unknown,4,unknown,165554,automatic,unknown,SUV,silver,or
9980,2011,ford,excellent,8,gas,79183,automatic,rwd,sedan,black,wi
9980,2011,hyundai,unknown,6,gas,155898,automatic,4wd,SUV,white,id
9981,2014,ford,excellent,4,gas,106700,automatic,4wd,SUV,unknown,mi
9982,2013,chrysler,unknown,6,gas,122099,automatic,fwd,mini-van,red,oh
9983,2012,chevrolet,excellent,4,gas,124466,automatic,4wd,unknown,unknown,oh
9988,2003,ford,unknown,6,gas,239934,automatic,4wd,truck,unknown,or
9988,2010,volkswagen,good,4,other,81893,automatic,fwd,hatchback,blue,mo
9988,2012,volkswagen,unknown,4,gas,75486,automatic,unknown,unknown,unknown,ks
9988,2013,mazda,good,4,gas,77096,automatic,fwd,sedan,red,oh
9988,2008,dodge,good,8,gas,174260,automatic,4wd,truck,black,pa
9988,2010,ford,unknown,8,gas,253232,automatic,unknown,unknown,unknown,wa
9988,2007,honda,unknown,4,gas,185551,automatic,fwd,SUV,silver,ca
9990,2009,jaguar,excellent,6,gas,99000,automatic,unknown,unknown,unknown,fl
9990,2017,hyundai,excellent,4,gas,59478,automatic,fwd,sedan,grey,or
9990,2011,chevrolet,excellent,6,gas,80036,automatic,fwd,sedan,silver,or
9990,2010,ford,unknown,4,gas,108210,automatic,unknown,unknown,unknown,wa
9990,2013,volkswagen,excellent,4,gas,84367,automatic,unknown,sedan,unknown,ca
9990,2013,hyundai,unknown,4,gas,105678,automatic,unknown,sedan,silver,or
9990,2008,toyota,unknown,6,gas,190888,automatic,unknown,unknown,unknown,nc
9990,2012,mini,unknown,4,other,78671,automatic,fwd,hatchback,unknown,az
9991,2013,honda,unknown,4,gas,103556,automatic,fwd,unknown,silver,or
9991,2003,ford,unknown,8,gas,84221,automatic,unknown,unknown,unknown,wa
9991,2006,subaru,unknown,4,gas,119741,automatic,4wd,wagon,unknown,wa
9991,2015,unknown,excellent,4,gas,115541,automatic,fwd,unknown,unknown,wi
9993,1999,jaguar,unknown,8,gas,86173,automatic,rwd,convertible,silver,id
9994,2012,kia,unknown,6,gas,98083,automatic,unknown,unknown,unknown,tn
9995,2015,nissan,excellent,4,gas,92444,automatic,fwd,sedan,black,id
9995,2013,honda,excellent,4,gas,99000,automatic,fwd,hatchback,silver,fl
9995,2011,chevrolet,excellent,6,gas,119997,automatic,4wd,SUV,unknown,ma
9995,2013,kia,good,4,gas,76884,automatic,fwd,wagon,red,id
9995,2014,nissan,unknown,6,gas,68247,automatic,fwd,sedan,red,ia
9995,1999,lexus,excellent,8,gas,91360,automatic,rwd,sedan,black,dc
9995,2001,ford,like new,8,gas,167899,automatic,4wd,truck,red,fl
9995,2013,lexus,unknown,4,gas,178904,automatic,fwd,hatchback,silver,wa
9995,2015,chevrolet,excellent,4,gas,143822,automatic,fwd,unknown,unknown,wi
9995,2017,hyundai,good,4,gas,83199,automatic,fwd,sedan,white,oh
9995,2008,bmw,good,6,gas,99000,automatic,rwd,coupe,grey,co
9995,2013,kia,excellent,4,gas,133849,automatic,fwd,SUV,silver,ca
9995,2013,chevrolet,excellent,4,gas,112363,automatic,unknown,sedan,black,ar
9995,2007,ford,excellent,8,gas,161928,automatic,rwd,SUV,black,nj
9995,2012,nissan,like new,4,gas,122292,automatic,4wd,unknown,black,id
9995,2004,chrysler,excellent,6,gas,47000,automatic,rwd,coupe,black,ia
9995,2005,chevrolet,unknown,8,gas,149604,automatic,fwd,pickup,unknown,fl
9995,2007,chevrolet,unknown,8,gas,184000,automatic,4wd,SUV,brown,mt
9995,2007,bmw,unknown,8,gas,145254,automatic,rwd,convertible,black,wi
9995,2007,gmc,unknown,8,gas,212075,automatic,unknown,other,silver,tn
9995,2010,nissan,unknown,4,gas,52961,automatic,fwd,unknown,red,wi
9995,1995,toyota,unknown,8,gas,255961,automatic,4wd,unknown,unknown,mt
9995,2014,kia,good,4,gas,94988,automatic,unknown,other,red,ar
9995,2020,mitsubishi,unknown,3,gas,19200,automatic,fwd,sedan,unknown,dc
9995,2006,toyota,excellent,4,gas,150963,automatic,4wd,SUV,grey,id
9995,2002,toyota,like new,4,gas,92202,automatic,fwd,SUV,brown,fl
9995,2014,subaru,fair,4,gas,104889,automatic,fwd,sedan,grey,hi
9995,2007,chevrolet,unknown,5,gas,186281,automatic,unknown,pickup,silver,nv
9995,2010,chevrolet,like new,6,gas,120306,automatic,fwd,unknown,blue,ky
9995,2014,kia,good,4,gas,94988,automatic,unknown,other,red,mo
9995,2015,honda,excellent,4,gas,44345,automatic,fwd,coupe,black,ia
9995,2004,chevrolet,good,8,gas,172742,automatic,4wd,unknown,black,ca
9995,2009,toyota,unknown,4,gas,124085,automatic,4wd,unknown,black,wi
9995,2010,acura,excellent,6,gas,132920,automatic,4wd,sedan,unknown,va
9995,2013,toyota,good,4,gas,116697,automatic,unknown,sedan,silver,ia
9995,2013,ford,unknown,4,gas,124228,automatic,unknown,other,unknown,tn
9995,2010,chevrolet,unknown,8,other,201192,automatic,fwd,truck,black,fl
9995,2014,jeep,excellent,4,gas,97000,automatic,fwd,SUV,blue,az
9995,2014,ford,good,6,gas,71296,automatic,4wd,SUV,black,ny
9995,2010,honda,excellent,6,gas,175215,automatic,rwd,SUV,silver,tn
9995,2012,nissan,unknown,6,gas,74751,automatic,4wd,SUV,black,ma
9995,2016,ford,excellent,4,gas,117138,automatic,fwd,sedan,unknown,ny
9995,2016,jeep,unknown,4,gas,120002,unknown,unknown,other,grey,tn
9995,2008,dodge,excellent,6,gas,91611,automatic,4wd,wagon,grey,ny
9995,2008,chevrolet,excellent,8,gas,182700,automatic,4wd,SUV,black,ks
9995,2014,subaru,unknown,4,gas,125638,automatic,unknown,sedan,red,nh
9995,2011,mercedes-benz,like new,6,gas,118263,automatic,rwd,sedan,black,nc
9995,2013,ford,excellent,6,gas,111124,automatic,unknown,truck,unknown,oh
9995,2014,nissan,unknown,4,gas,58861,automatic,fwd,sedan,brown,va
9995,2013,honda,unknown,4,gas,123508,automatic,fwd,sedan,custom,md
9995,2016,kia,unknown,4,gas,58270,manual,unknown,other,white,va
9995,2015,jeep,good,4,gas,87878,automatic,4wd,SUV,black,pa
9995,2009,chrysler,unknown,6,gas,56180,automatic,fwd,unknown,red,in
9995,2010,toyota,unknown,8,gas,186691,automatic,unknown,truck,black,tx
9995,2009,lexus,good,6,gas,150000,automatic,4wd,SUV,unknown,ca
9995,2012,volkswagen,excellent,5,gas,112000,automatic,fwd,sedan,white,ca
9995,2011,kia,unknown,4,gas,142332,automatic,4wd,SUV,silver,co
9995,2011,chevrolet,excellent,6,gas,126299,automatic,fwd,SUV,silver,il
9998,2012,chevrolet,unknown,6,gas,132010,automatic,fwd,SUV,black,sc
9998,2013,honda,unknown,4,gas,84683,automatic,fwd,hatchback,black,tx
9998,2012,honda,unknown,4,gas,133024,automatic,fwd,sedan,silver,oh
9998,2011,subaru,unknown,4,gas,100009,automatic,unknown,SUV,silver,ma
9999,2007,toyota,unknown,8,gas,380033,automatic,4wd,truck,unknown,co
9999,2010,chevrolet,unknown,4,gas,79000,automatic,unknown,unknown,unknown,ca
9999,2012,buick,excellent,6,gas,142504,automatic,4wd,SUV,silver,il
9999,2016,jeep,unknown,4,gas,127912,manual,fwd,SUV,blue,ca
9999,2016,volkswagen,unknown,4,gas,105026,automatic,unknown,sedan,white,tn
9999,2007,gmc,unknown,8,gas,193835,automatic,4wd,SUV,custom,co
9999,2007,audi,excellent,8,gas,123603,automatic,4wd,sedan,black,nj
9999,2006,ford,good,8,gas,135376,automatic,rwd,other,black,ct
9999,2011,ford,unknown,6,gas,137325,automatic,4wd,SUV,silver,ne
9999,2011,chevrolet,unknown,6,gas,100000,automatic,unknown,unknown,unknown,ny
9999,2009,honda,unknown,4,gas,64515,automatic,fwd,sedan,unknown,co
9999,2011,cadillac,like new,8,gas,115000,automatic,unknown,sedan,unknown,ga
9999,2015,ford,unknown,4,gas,85000,other,4wd,SUV,grey,wv
9999,2010,lincoln,unknown,8,other,168345,automatic,4wd,SUV,red,sc
9999,2015,volvo,excellent,4,gas,94307,automatic,fwd,sedan,blue,fl
9999,2013,nissan,excellent,4,gas,115805,automatic,4wd,SUV,black,va
9999,2005,cadillac,excellent,8,gas,142143,automatic,4wd,SUV,white,wa
9999,2017,volkswagen,unknown,4,gas,102000,automatic,unknown,unknown,unknown,ar
9999,2012,buick,like new,6,gas,74000,automatic,fwd,sedan,white,pa
9999,2012,honda,excellent,4,gas,213441,automatic,fwd,sedan,white,sc
9999,2009,chevrolet,unknown,8,gas,80000,automatic,unknown,unknown,unknown,ca
9999,2009,audi,excellent,4,gas,130000,automatic,4wd,sedan,silver,ct
9999,2008,toyota,good,6,gas,145533,automatic,fwd,SUV,blue,mn
9999,2014,ford,unknown,4,gas,144566,automatic,unknown,mini-van,white,wi
10000,2004,subaru,excellent,4,gas,169000,automatic,4wd,sedan,black,il
10000,2011,mazda,unknown,4,gas,74500,automatic,fwd,SUV,silver,ca
10000,2016,volkswagen,excellent,4,gas,40400,automatic,fwd,sedan,blue,nv
10000,2010,toyota,excellent,6,gas,146000,automatic,4wd,SUV,red,ar
10000,1998,chevrolet,excellent,8,gas,170000,automatic,unknown,unknown,unknown,mi
10000,2008,ford,unknown,8,gas,180000,automatic,unknown,unknown,unknown,il
10000,2007,toyota,unknown,8,gas,168000,automatic,unknown,unknown,unknown,mi
10000,2014,lincoln,excellent,4,gas,114200,automatic,4wd,sedan,silver,ia
10000,2001,ford,good,10,gas,187284,automatic,4wd,SUV,black,nm
10000,2012,honda,excellent,4,gas,154100,automatic,unknown,unknown,silver,oh
10000,2010,honda,unknown,4,gas,145115,automatic,4wd,SUV,grey,va
10000,2005,unknown,unknown,6,diesel,156000,manual,unknown,unknown,unknown,tx
10000,2011,bmw,excellent,6,gas,79495,automatic,4wd,sedan,grey,nj
10000,2004,audi,excellent,6,gas,101000,manual,4wd,wagon,grey,nm
10000,2013,kia,unknown,6,gas,164323,automatic,4wd,wagon,silver,wa
10000,2013,kia,excellent,4,gas,46000,automatic,unknown,hatchback,custom,wi
10000,2002,chevrolet,salvage,8,gas,204500,automatic,4wd,truck,black,ca
10000,2002,ford,good,8,diesel,230000,automatic,4wd,truck,blue,mo
10000,2006,jeep,excellent,6,gas,115000,automatic,fwd,SUV,black,ny
10000,2009,mercedes-benz,excellent,6,gas,20235,automatic,rwd,other,silver,fl
10000,2007,toyota,excellent,6,gas,174879,manual,4wd,SUV,silver,pa
10000,2004,gmc,excellent,8,gas,177000,automatic,4wd,truck,unknown,ia
10000,2000,chevrolet,unknown,8,gas,80619,automatic,unknown,unknown,unknown,co
10000,2006,gmc,excellent,8,gas,111800,automatic,fwd,van,white,nc
10000,2004,jeep,excellent,6,gas,280000,automatic,4wd,unknown,green,nc
10000,2014,chevrolet,excellent,4,gas,68024,automatic,unknown,sedan,unknown,ma
10000,2000,ford,good,8,diesel,227000,automatic,4wd,truck,white,sc
10199,2017,hyundai,like new,4,gas,65557,automatic,fwd,sedan,silver,ia
10199,2013,rover,like new,4,gas,95636,automatic,unknown,unknown,unknown,ma
10200,2015,volkswagen,excellent,4,gas,88000,automatic,unknown,unknown,unknown,fl
10200,2016,toyota,excellent,4,gas,67000,automatic,fwd,sedan,black,fl
10250,2016,nissan,salvage,6,gas,69000,automatic,unknown,unknown,red,tx
10250,2014,jeep,like new,4,gas,120000,automatic,4wd,SUV,blue,fl
10253,2014,ford,excellent,4,gas,84142,automatic,fwd,sedan,grey,ms
10272,2014,toyota,unknown,6,other,174592,automatic,fwd,unknown,white,ms
10298,2016,chevrolet,good,4,gas,95953,automatic,unknown,SUV,white,nc
10299,2016,nissan,unknown,4,gas,61692,automatic,fwd,sedan,black,fl
10300,2014,dodge,unknown,4,unknown,54811,automatic,fwd,sedan,unknown,oh
10300,2016,honda,excellent,4,gas,92000,automatic,fwd,unknown,unknown,mn
10300,2013,jeep,good,6,gas,150000,automatic,unknown,unknown,unknown,tx
10300,2010,honda,unknown,4,gas,146323,automatic,4wd,SUV,unknown,va
10300,2012,honda,excellent,4,gas,138965,automatic,4wd,SUV,white,mi
10301,2014,chevrolet,unknown,4,gas,72056,automatic,fwd,SUV,custom,id
10338,2008,honda,good,6,gas,136978,automatic,fwd,other,silver,ca
10345,2006,unknown,unknown,5,gas,200660,automatic,4wd,unknown,blue,ks
10388,2013,ford,unknown,6,gas,173941,automatic,fwd,SUV,red,ga
10392,2014,chevrolet,excellent,4,gas,130913,automatic,unknown,SUV,unknown,mi
10395,2009,lexus,unknown,6,gas,132283,automatic,unknown,unknown,unknown,ne
10399,2015,toyota,excellent,4,gas,102443,automatic,fwd,sedan,grey,hi
10400,2015,ford,excellent,6,gas,114000,automatic,fwd,SUV,unknown,oh
10422,2014,chevrolet,good,4,other,116553,automatic,fwd,other,silver,ia
10433,2014,hyundai,unknown,4,gas,79110,automatic,fwd,unknown,red,oh
10450,2010,honda,excellent,6,gas,154364,automatic,4wd,sedan,white,ca
10454,2008,jeep,unknown,6,gas,170002,automatic,4wd,unknown,unknown,az
10455,2014,ford,unknown,6,gas,173569,automatic,fwd,SUV,silver,ca
10464,2011,nissan,excellent,8,gas,173000,automatic,4wd,SUV,unknown,ia
10472,2007,lexus,unknown,8,gas,152537,automatic,unknown,other,silver,pa
10482,2016,dodge,unknown,6,gas,110604,automatic,fwd,mini-van,black,oh
10487,2015,dodge,excellent,4,gas,71435,automatic,unknown,SUV,unknown,mi
10488,2005,cadillac,unknown,8,gas,127400,automatic,4wd,SUV,white,ca
10488,2013,nissan,unknown,4,gas,129437,automatic,4wd,SUV,unknown,wa
10490,2007,cadillac,excellent,8,gas,164126,automatic,4wd,SUV,black,me
10495,2011,volkswagen,excellent,4,gas,90042,automatic,fwd,sedan,black,nv
10495,2016,ford,unknown,4,gas,61770,automatic,unknown,sedan,silver,az
10495,2012,hyundai,excellent,6,gas,114989,automatic,4wd,SUV,black,nj
10495,2015,chrysler,good,4,gas,103600,automatic,fwd,sedan,blue,me
10495,2016,subaru,unknown,4,gas,205315,unknown,unknown,wagon,custom,ne
10495,2015,kia,unknown,4,gas,70000,automatic,unknown,unknown,unknown,wi
10495,2012,hyundai,excellent,4,gas,83946,automatic,fwd,SUV,blue,fl
10495,2012,toyota,good,4,other,104702,automatic,fwd,hatchback,white,nc
10495,2008,acura,excellent,6,gas,90000,automatic,fwd,sedan,white,va
10497,2013,ford,unknown,4,gas,117468,automatic,4wd,SUV,black,fl
10498,2003,jeep,excellent,6,gas,132198,automatic,4wd,SUV,unknown,ia
10499,2017,chevrolet,like new,4,gas,42000,automatic,fwd,sedan,silver,ok
10499,2015,honda,unknown,4,gas,129542,automatic,unknown,sedan,unknown,ca
10500,2003,ford,excellent,8,diesel,166794,automatic,rwd,pickup,black,wi
10500,2015,nissan,excellent,4,gas,80000,automatic,fwd,SUV,black,ca
10500,2018,nissan,excellent,4,gas,69000,automatic,fwd,sedan,unknown,oh
10500,2011,bmw,like new,6,gas,159400,automatic,rwd,SUV,grey,sc
10500,2012,honda,excellent,4,gas,114000,automatic,fwd,sedan,brown,tn
10500,2008,ford,like new,6,gas,18369,automatic,fwd,sedan,blue,nj
10500,2011,bmw,excellent,6,gas,133000,automatic,fwd,sedan,black,ca
10500,2015,nissan,good,6,gas,144100,automatic,4wd,SUV,blue,mn
10500,2013,ford,unknown,6,gas,105000,automatic,unknown,unknown,unknown,wi
10500,2014,gmc,excellent,4,gas,127375,automatic,4wd,unknown,white,co
10500,2006,mercedes-benz,unknown,6,gas,80000,automatic,unknown,unknown,unknown,ca
10500,2003,mercedes-benz,excellent,4,gas,60000,automatic,rwd,convertible,silver,nm
10500,2008,rover,good,8,gas,135392,automatic,4wd,unknown,silver,fl
10500,2006,jeep,excellent,6,gas,150000,automatic,4wd,unknown,silver,fl
10500,2015,volkswagen,unknown,4,gas,91085,automatic,4wd,SUV,red,pa
10500,2011,acura,unknown,6,gas,170904,automatic,unknown,other,grey,tn
10500,2003,gmc,excellent,8,gas,193476,automatic,rwd,SUV,white,tx
10500,2012,lincoln,excellent,6,gas,108000,automatic,fwd,unknown,grey,co
10500,2010,toyota,unknown,4,hybrid,102564,automatic,fwd,sedan,red,ca
10500,2011,ford,good,8,gas,170956,automatic,unknown,unknown,white,fl
10500,2010,bmw,excellent,6,gas,158000,automatic,rwd,sedan,blue,or
10500,2008,toyota,like new,4,gas,77000,automatic,fwd,pickup,white,tx
10527,2008,ford,excellent,8,gas,90000,automatic,4wd,SUV,white,ny
10563,2014,ford,excellent,4,gas,68873,automatic,fwd,sedan,grey,ms
10575,2009,gmc,unknown,6,gas,74239,automatic,unknown,unknown,unknown,ny
10598,2012,chevrolet,unknown,4,gas,129180,automatic,fwd,unknown,white,il
10600,2015,chevrolet,excellent,4,gas,87865,automatic,unknown,SUV,red,az
10638,2015,jeep,unknown,4,gas,95991,automatic,4wd,SUV,black,ia
10681,2015,chrysler,unknown,4,gas,83150,automatic,fwd,unknown,unknown,ma
10688,2016,hyundai,good,4,gas,101440,automatic,fwd,sedan,unknown,ca
10700,2008,toyota,unknown,6,gas,143214,automatic,4wd,SUV,red,va
10700,2016,hyundai,good,4,gas,30022,automatic,fwd,coupe,silver,or
10750,2016,toyota,unknown,4,gas,141781,automatic,fwd,sedan,green,al
10750,2013,honda,unknown,4,gas,162000,automatic,unknown,unknown,unknown,mn
10785,2010,acura,good,6,other,144550,automatic,unknown,other,unknown,ia
10788,2014,toyota,unknown,4,hybrid,135339,automatic,fwd,hatchback,grey,al
10790,2013,ford,excellent,6,gas,104122,automatic,fwd,SUV,black,wi
10799,2013,ford,like new,6,gas,72783,automatic,unknown,unknown,unknown,ca
10800,2012,honda,excellent,4,gas,96573,automatic,fwd,sedan,purple,mi
10823,2011,hyundai,unknown,4,gas,83067,automatic,unknown,other,unknown,ca
10823,2008,lexus,unknown,6,gas,141964,automatic,4wd,wagon,white,ca
10850,2015,ford,good,6,gas,81236,automatic,4wd,unknown,white,ma
10850,2010,subaru,unknown,4,gas,138000,automatic,unknown,wagon,grey,in
10850,1999,unknown,good,10,gas,158000,automatic,4wd,pickup,red,il
10880,2014,hyundai,unknown,4,gas,76023,automatic,fwd,sedan,blue,wi
10882,2015,unknown,excellent,4,gas,129000,automatic,unknown,unknown,white,ky
10888,2014,jeep,unknown,4,gas,112959,automatic,4wd,SUV,white,ca
10888,2006,toyota,good,4,gas,110885,automatic,4wd,SUV,silver,wa
10888,2017,ford,excellent,4,gas,45048,automatic,fwd,sedan,grey,co
10888,2007,cadillac,excellent,8,gas,190145,automatic,4wd,SUV,white,co
10900,2010,ram,unknown,8,gas,110380,automatic,fwd,pickup,silver,ok
10900,2012,bmw,excellent,6,gas,95000,automatic,unknown,unknown,unknown,ca
10900,2009,mini,new,4,gas,35235,manual,fwd,unknown,red,tn
10900,2014,nissan,good,4,gas,104121,automatic,rwd,truck,white,pa
10900,2013,volvo,like new,6,gas,163500,automatic,4wd,SUV,grey,va
10900,2015,chrysler,good,4,gas,49500,automatic,fwd,unknown,unknown,pa
10900,2011,toyota,excellent,4,hybrid,79567,automatic,fwd,sedan,blue,or
10900,2013,unknown,unknown,4,gas,74687,other,fwd,coupe,grey,fl
10900,2006,gmc,unknown,8,gas,120000,automatic,rwd,truck,green,ma
10900,2013,nissan,unknown,4,gas,83692,automatic,unknown,unknown,black,co
10900,2014,ford,unknown,6,gas,119000,automatic,unknown,unknown,unknown,tx
10900,2012,mini,excellent,4,gas,89000,manual,fwd,coupe,white,ca
10900,2014,nissan,unknown,4,gas,59265,automatic,fwd,SUV,black,ok
10900,2015,unknown,unknown,4,gas,98178,automatic,unknown,unknown,unknown,mi
10900,2017,kia,excellent,4,gas,107248,other,unknown,wagon,unknown,ca
10900,2008,ford,good,8,gas,108000,automatic,4wd,pickup,grey,ct
10900,2008,lexus,excellent,6,hybrid,103973,automatic,fwd,SUV,silver,la
10900,2009,ford,good,8,gas,153000,automatic,4wd,unknown,red,oh
10950,2011,hyundai,excellent,4,gas,87000,automatic,fwd,unknown,red,fl
10950,2008,chevrolet,excellent,6,gas,99000,automatic,unknown,unknown,white,fl
10950,2014,honda,excellent,4,gas,61000,automatic,fwd,sedan,silver,nj
10950,2012,nissan,good,6,gas,146299,automatic,4wd,wagon,silver,nm
10950,2004,cadillac,excellent,8,gas,76046,automatic,4wd,SUV,white,al
10950,2006,unknown,excellent,6,gas,97977,automatic,fwd,mini-van,white,oh
10950,2005,toyota,excellent,6,gas,183000,automatic,rwd,SUV,unknown,az
10950,2012,acura,good,4,gas,115162,automatic,fwd,sedan,white,ks
10950,2013,subaru,excellent,4,gas,48778,automatic,4wd,unknown,silver,nc
10950,2012,subaru,excellent,4,gas,128181,automatic,4wd,wagon,grey,nc
10977,2011,audi,unknown,4,gas,110574,automatic,rwd,SUV,grey,tn
10980,2010,mercedes-benz,good,6,gas,109413,automatic,rwd,sedan,red,tx
10981,2013,mazda,excellent,6,gas,101043,automatic,4wd,SUV,unknown,mi
10983,2012,toyota,unknown,4,gas,69730,automatic,fwd,sedan,silver,tx
10985,2007,bmw,excellent,6,gas,64216,automatic,rwd,sedan,grey,ca
10985,2013,audi,like new,4,gas,140000,automatic,4wd,unknown,unknown,ny
10988,2012,toyota,unknown,4,gas,68570,automatic,fwd,hatchback,unknown,id
10988,2011,ford,unknown,6,gas,133230,automatic,unknown,unknown,unknown,ia
10988,2013,hyundai,good,4,gas,119862,automatic,rwd,SUV,black,oh
10988,2013,hyundai,like new,4,gas,68926,automatic,unknown,unknown,unknown,tx
10990,2005,honda,excellent,4,gas,99000,automatic,4wd,SUV,silver,mo
10990,2014,ford,unknown,4,gas,93197,automatic,fwd,unknown,unknown,az
10990,2016,chevrolet,excellent,6,gas,76000,automatic,fwd,unknown,unknown,nh
10990,2015,toyota,excellent,4,gas,90873,automatic,unknown,hatchback,unknown,ca
10990,2013,nissan,good,4,gas,81557,other,fwd,sedan,red,nc
10990,2012,volkswagen,excellent,4,gas,95426,automatic,fwd,convertible,red,nd
10990,2014,dodge,excellent,8,gas,133310,automatic,rwd,sedan,black,va
10990,2009,lexus,good,6,gas,102078,automatic,fwd,sedan,silver,nj
10991,2008,honda,unknown,4,gas,57173,automatic,unknown,sedan,unknown,wa
10991,2012,subaru,excellent,4,gas,65000,automatic,4wd,sedan,blue,fl
10991,2009,infiniti,excellent,6,gas,116748,automatic,rwd,SUV,grey,fl
10992,2015,kia,unknown,4,gas,72593,automatic,fwd,SUV,blue,oh
10994,2009,audi,excellent,6,gas,122878,automatic,4wd,sedan,grey,wi
10995,2012,nissan,excellent,4,gas,106803,automatic,4wd,SUV,grey,il
10995,2014,kia,unknown,6,gas,111000,automatic,unknown,unknown,unknown,id
10995,2011,cadillac,good,6,gas,125176,automatic,4wd,SUV,silver,ia
10995,2011,ford,excellent,8,gas,183031,automatic,rwd,unknown,white,nc
10995,2011,chevrolet,excellent,8,hybrid,172000,automatic,4wd,SUV,black,mi
10995,2014,dodge,unknown,6,other,78000,automatic,fwd,van,blue,in
10995,2015,honda,unknown,4,gas,43553,automatic,fwd,sedan,silver,wa
10995,2010,ford,unknown,6,gas,133074,automatic,rwd,coupe,red,ks
10995,2010,ford,unknown,6,gas,121400,automatic,unknown,SUV,silver,id
10995,2010,dodge,good,6,gas,51000,automatic,rwd,sedan,black,ri
10995,2008,toyota,unknown,6,gas,165239,automatic,4wd,SUV,white,md
10995,2007,lexus,excellent,6,gas,129695,automatic,4wd,sedan,unknown,ca
10995,2015,fiat,like new,4,gas,37635,manual,fwd,unknown,unknown,tx
10995,2012,cadillac,unknown,6,gas,130000,automatic,rwd,sedan,black,id
10995,2017,ram,unknown,4,gas,133396,automatic,fwd,unknown,unknown,wi
10995,2014,dodge,unknown,6,gas,70637,automatic,rwd,sedan,white,ia
10995,2014,ford,excellent,6,gas,117055,automatic,4wd,SUV,white,ca
10995,2014,mercedes-benz,good,4,gas,92000,automatic,unknown,unknown,unknown,tx
10995,2013,lincoln,unknown,6,gas,128792,automatic,unknown,SUV,black,id
10995,2014,hyundai,excellent,4,gas,104706,automatic,fwd,sedan,silver,ny
10995,2014,ford,good,8,gas,127231,automatic,rwd,pickup,white,nj
10995,2013,chevrolet,unknown,8,other,174071,automatic,unknown,coupe,yellow,fl
10995,2012,volvo,unknown,6,gas,131823,automatic,4wd,SUV,red,oh
10995,2013,ford,unknown,8,gas,225671,automatic,unknown,unknown,unknown,fl
10995,2014,nissan,like new,4,gas,49462,automatic,fwd,sedan,unknown,ny
10995,2008,chevrolet,unknown,5,gas,90038,automatic,4wd,pickup,white,il
10995,2011,bmw,excellent,6,gas,52217,automatic,rwd,sedan,black,nc
10995,2013,chevrolet,excellent,4,gas,125797,automatic,4wd,SUV,grey,ma
10995,2016,toyota,unknown,4,gas,26504,automatic,unknown,unknown,unknown,nj
10995,2010,chevrolet,good,8,gas,123994,automatic,unknown,SUV,unknown,ks
10995,2015,chrysler,excellent,4,gas,103836,automatic,unknown,sedan,unknown,az
10995,2011,unknown,excellent,4,gas,95087,manual,fwd,unknown,black,ia
10995,2014,dodge,excellent,6,gas,90173,automatic,fwd,van,black,wi
10995,2007,honda,unknown,4,gas,64307,automatic,fwd,sedan,silver,ca
10995,2010,mazda,excellent,6,gas,73218,automatic,4wd,SUV,blue,va
10995,2017,dodge,excellent,6,gas,115100,automatic,fwd,SUV,black,az
10995,2013,toyota,excellent,4,gas,79000,automatic,fwd,sedan,black,ri
10995,2010,ford,excellent,8,gas,229700,automatic,4wd,pickup,blue,ca
10995,2014,chevrolet,unknown,4,gas,113189,automatic,fwd,sedan,white,tx
10995,2015,subaru,excellent,4,gas,109000,automatic,4wd,wagon,unknown,nh
10995,2011,jeep,unknown,6,gas,116000,automatic,unknown,unknown,unknown,ma
10995,2011,nissan,unknown,6,gas,128702,automatic,fwd,mini-van,white,or
10995,2013,mercedes-benz,unknown,4,gas,74235,automatic,unknown,other,black,pa
10995,2016,ford,like new,4,gas,73741,automatic,fwd,sedan,unknown,ca
10995,2013,subaru,excellent,4,gas,159814,automatic,4wd,unknown,unknown,ia
10995,2014,mini,excellent,4,gas,77600,automatic,unknown,hatchback,orange,ma
10995,2013,hyundai,unknown,4,gas,80559,unknown,unknown,hatchback,white,wa
10995,2010,kia,unknown,4,gas,87521,automatic,fwd,wagon,black,or
10995,2013,ford,good,4,other,93325,automatic,4wd,other,unknown,nc
10995,2012,mini,unknown,4,gas,74702,manual,fwd,other,green,co
10995,2014,unknown,good,4,gas,155809,automatic,unknown,unknown,black,fl
10995,2017,hyundai,excellent,4,gas,105000,automatic,fwd,sedan,brown,tx
10995,2015,hyundai,unknown,4,gas,111504,automatic,fwd,unknown,orange,tn
10995,2010,ford,unknown,8,gas,190138,automatic,unknown,unknown,unknown,ct
10995,2017,ram,unknown,4,gas,120435,automatic,fwd,unknown,unknown,wi
10995,2014,ram,excellent,8,gas,121503,automatic,unknown,van,unknown,ca
10995,2008,rover,excellent,8,gas,131739,automatic,4wd,SUV,silver,id
10995,2004,ford,unknown,8,gas,186650,automatic,4wd,pickup,unknown,tx
10995,2013,gmc,unknown,4,gas,155621,automatic,unknown,SUV,red,ks
10997,2011,bmw,unknown,6,gas,113000,automatic,unknown,unknown,unknown,va
10997,2017,nissan,excellent,4,gas,58729,automatic,fwd,sedan,unknown,tn
10997,2012,honda,unknown,4,gas,112000,automatic,unknown,unknown,unknown,va
10998,2008,lexus,unknown,6,gas,195307,automatic,fwd,sedan,silver,sc
10998,2013,toyota,unknown,4,gas,109795,automatic,fwd,sedan,custom,tx
10998,2016,chevrolet,excellent,4,gas,31791,automatic,fwd,sedan,black,ca
10998,2011,nissan,excellent,6,gas,150730,automatic,fwd,mini-van,white,nc
10998,2014,ford,like new,6,gas,92478,automatic,fwd,SUV,white,va
10999,2014,nissan,excellent,4,gas,94540,automatic,fwd,sedan,custom,nj
10999,2009,ford,good,8,diesel,228000,automatic,4wd,truck,white,nj
10999,2008,nissan,good,6,gas,139604,automatic,unknown,SUV,brown,wa
10999,2014,dodge,unknown,6,gas,87814,automatic,fwd,SUV,custom,wa
10999,2011,gmc,excellent,8,gas,187000,automatic,4wd,SUV,white,mn
10999,2014,volkswagen,unknown,4,gas,68998,manual,fwd,sedan,custom,wa
10999,2015,nissan,like new,4,gas,67446,automatic,unknown,unknown,unknown,fl
10999,2012,nissan,excellent,6,gas,144644,automatic,4wd,SUV,white,ks
10999,2014,ford,excellent,4,gas,68974,automatic,fwd,sedan,grey,ca
10999,2016,dodge,excellent,4,gas,65651,automatic,fwd,sedan,unknown,wa
10999,2016,subaru,excellent,4,gas,135000,automatic,4wd,hatchback,silver,vt
10999,2016,chevrolet,like new,4,gas,89000,automatic,fwd,sedan,white,ma
10999,2016,mazda,excellent,4,gas,79390,manual,unknown,sedan,unknown,ca
10999,2014,mazda,excellent,4,gas,121937,automatic,fwd,sedan,black,ri
10999,2014,chevrolet,unknown,4,diesel,108350,automatic,fwd,sedan,unknown,co
10999,2013,hyundai,excellent,4,gas,95664,automatic,4wd,SUV,black,ny
10999,2014,subaru,unknown,4,gas,149344,automatic,4wd,wagon,silver,ca
10999,2014,ford,new,6,hybrid,117881,automatic,fwd,sedan,grey,ga
10999,2007,lincoln,excellent,8,gas,120000,automatic,4wd,SUV,red,mi
10999,2014,ford,unknown,4,gas,127197,automatic,fwd,sedan,black,nh
10999,2013,jeep,excellent,6,gas,89141,automatic,4wd,SUV,blue,ga
10999,2010,acura,unknown,6,gas,167404,automatic,4wd,SUV,white,ca
10999,2014,chrysler,good,6,gas,27635,automatic,fwd,other,black,ct
10999,2009,honda,excellent,4,gas,154187,automatic,fwd,sedan,red,sc
10999,2014,toyota,excellent,4,gas,118661,automatic,fwd,sedan,unknown,ca
11000,2014,cadillac,good,6,gas,142700,automatic,4wd,SUV,red,tx
11000,1997,ford,good,8,gas,114083,automatic,rwd,unknown,white,ga
11000,2015,mazda,excellent,6,gas,127000,automatic,4wd,SUV,red,ma
11000,2018,toyota,unknown,4,gas,60773,unknown,fwd,sedan,red,fl
11000,2008,gmc,good,8,diesel,79785,automatic,unknown,bus,silver,wa
11000,2006,chrysler,like new,6,gas,129000,automatic,rwd,sedan,custom,oh
11000,2006,toyota,good,6,gas,292000,automatic,rwd,pickup,blue,ca
11000,2014,kia,excellent,4,gas,90280,automatic,fwd,sedan,silver,nv
11000,2000,unknown,excellent,6,gas,140006,automatic,4wd,SUV,grey,tx
11000,1999,unknown,good,8,gas,191000,automatic,rwd,coupe,silver,va
11000,2012,unknown,like new,4,gas,45200,automatic,fwd,hatchback,yellow,pa
11000,2011,cadillac,like new,6,gas,139000,automatic,rwd,coupe,black,fl
11000,2013,cadillac,excellent,6,gas,84926,automatic,fwd,SUV,unknown,tx
11000,2011,jeep,excellent,6,gas,105000,automatic,4wd,SUV,silver,co
11000,2017,dodge,unknown,6,gas,59061,automatic,fwd,SUV,blue,nj
11011,2013,hyundai,excellent,4,gas,105880,automatic,4wd,SUV,white,oh
11050,2013,honda,excellent,4,gas,101299,automatic,fwd,unknown,grey,id
11099,2011,mercedes-benz,like new,6,gas,112000,automatic,rwd,sedan,blue,tx
11136,2010,honda,good,4,gas,61590,automatic,fwd,coupe,black,ca
11188,2008,lexus,good,6,gas,155047,automatic,unknown,other,white,ca
11195,2015,chevrolet,unknown,4,gas,89717,automatic,unknown,unknown,unknown,il
11200,2011,honda,unknown,4,gas,100588,automatic,fwd,sedan,unknown,md
11200,2013,ford,excellent,8,gas,183000,automatic,rwd,pickup,white,tx
11250,2016,kia,excellent,4,gas,61235,manual,fwd,wagon,silver,sc
11250,2008,unknown,unknown,5,gas,150305,automatic,4wd,SUV,orange,mn
11252,2012,chevrolet,excellent,4,gas,39021,automatic,4wd,SUV,white,oh
11300,2001,toyota,excellent,6,gas,176000,automatic,4wd,SUV,grey,ca
11300,2009,chevrolet,excellent,5,gas,136000,automatic,4wd,truck,black,ok
11300,2012,subaru,good,4,gas,106185,automatic,4wd,SUV,silver,wi
11370,2014,jeep,unknown,4,gas,91494,automatic,fwd,unknown,blue,tn
11399,2010,buick,like new,6,gas,110000,automatic,4wd,SUV,unknown,ca
11400,2011,dodge,unknown,6,gas,41455,automatic,fwd,mini-van,unknown,va
11400,2014,buick,excellent,4,gas,117306,automatic,fwd,sedan,silver,ia
11450,2018,jeep,excellent,4,gas,42000,automatic,4wd,SUV,red,nm
11450,2011,subaru,unknown,4,gas,20744,automatic,unknown,unknown,unknown,pa
11468,2015,dodge,unknown,4,gas,101540,automatic,fwd,SUV,red,wa
11488,2013,acura,unknown,6,gas,149301,automatic,4wd,SUV,unknown,md
11490,2013,volkswagen,good,4,gas,63730,automatic,fwd,hatchback,black,nd
11491,2018,ford,unknown,4,gas,37032,automatic,fwd,sedan,black,oh
11495,2009,ford,good,6,gas,107402,automatic,4wd,SUV,custom,id
11495,2016,kia,excellent,4,gas,114843,automatic,fwd,wagon,white,ga
11495,2014,honda,unknown,4,hybrid,72976,other,fwd,sedan,grey,ri
11495,2012,nissan,unknown,4,gas,74337,automatic,4wd,SUV,white,nj
11498,2016,toyota,excellent,4,gas,92310,automatic,fwd,sedan,red,ca
11498,2015,nissan,good,4,gas,127554,automatic,4wd,SUV,black,vt
11499,2014,subaru,unknown,4,gas,141000,automatic,4wd,SUV,silver,ma
11499,2002,toyota,unknown,6,other,221112,automatic,4wd,wagon,unknown,wy
11500,2017,hyundai,good,4,gas,64000,automatic,fwd,sedan,silver,nj
11500,2013,unknown,excellent,4,gas,106000,automatic,4wd,sedan,black,ny
11500,2011,infiniti,excellent,6,gas,131000,automatic,4wd,sedan,white,in
11500,2001,gmc,good,8,gas,225000,automatic,4wd,truck,custom,fl
11500,2006,unknown,good,8,gas,65500,automatic,unknown,sedan,black,nc
11500,2012,lexus,unknown,4,gas,113152,automatic,fwd,hatchback,unknown,dc
11500,2010,honda,unknown,4,gas,17000,automatic,unknown,unknown,unknown,ny
11500,2006,bmw,excellent,6,gas,88000,automatic,unknown,convertible,unknown,ca
11500,2015,hyundai,unknown,4,gas,102699,automatic,fwd,sedan,silver,ca
11500,2014,chevrolet,excellent,4,gas,92448,automatic,fwd,sedan,unknown,mt
11500,2009,pontiac,good,8,gas,110000,automatic,fwd,sedan,black,fl
11500,2012,chevrolet,good,8,gas,175102,automatic,4wd,truck,black,wy
11500,2004,toyota,good,6,gas,136000,automatic,rwd,SUV,black,ca
11500,2016,hyundai,like new,4,gas,125588,automatic,unknown,unknown,silver,wa
11500,2003,ram,good,6,diesel,283324,automatic,4wd,truck,blue,mn
11500,2016,hyundai,excellent,4,gas,85876,automatic,fwd,coupe,orange,tn
11500,2000,porsche,like new,6,gas,54500,manual,rwd,convertible,grey,or
11500,2003,ford,excellent,8,diesel,93000,automatic,rwd,truck,white,tx
11500,2004,ford,excellent,8,diesel,125000,manual,rwd,truck,white,ia
11500,2005,chevrolet,excellent,8,gas,123147,automatic,4wd,SUV,blue,nc
11500,2009,ford,unknown,8,diesel,166000,automatic,rwd,pickup,unknown,fl
11500,2010,mercedes-benz,excellent,6,gas,106759,automatic,4wd,SUV,blue,ny
11500,2013,jeep,like new,6,gas,129000,automatic,unknown,unknown,blue,fl
11500,2010,infiniti,excellent,6,gas,86778,automatic,4wd,unknown,silver,pa
11500,2019,ford,like new,4,gas,23000,automatic,fwd,sedan,blue,az
11500,2008,ford,unknown,8,gas,91000,automatic,rwd,pickup,white,fl
11500,2004,jeep,good,6,gas,268000,manual,4wd,unknown,unknown,ak
11501,2016,subaru,good,4,gas,25500,manual,4wd,hatchback,grey,co
11505,2017,kia,unknown,4,gas,23723,automatic,fwd,sedan,unknown,or
11508,2015,kia,unknown,4,gas,93867,automatic,fwd,wagon,silver,mi
11515,2015,hyundai,excellent,4,gas,81171,automatic,fwd,coupe,black,ca
11574,2001,jeep,unknown,6,gas,155000,manual,4wd,SUV,red,ky
11580,2016,hyundai,unknown,4,gas,71533,automatic,fwd,sedan,grey,wa
11585,2016,kia,unknown,4,gas,61880,automatic,unknown,unknown,unknown,ca
11589,2012,cadillac,unknown,6,gas,69954,automatic,fwd,SUV,black,fl
11613,2011,honda,good,4,other,122137,automatic,unknown,other,black,co
11633,2016,mazda,excellent,4,gas,102004,automatic,fwd,wagon,brown,oh
11695,2013,volvo,unknown,6,gas,108008,automatic,unknown,SUV,silver,pa
11695,2017,dodge,unknown,4,gas,191119,automatic,unknown,unknown,unknown,il
11700,2007,chevrolet,good,8,gas,155000,automatic,4wd,pickup,black,al
11700,2011,lincoln,excellent,8,gas,180000,automatic,unknown,unknown,black,ca
11700,2008,toyota,excellent,4,gas,109841,automatic,fwd,SUV,white,ca
11700,2014,honda,good,4,gas,79552,automatic,fwd,sedan,white,ca
11750,2015,volkswagen,unknown,4,gas,106203,manual,unknown,unknown,unknown,or
11750,2007,gmc,excellent,8,gas,136000,automatic,4wd,SUV,black,nh
11750,2012,honda,excellent,4,gas,83324,automatic,4wd,SUV,grey,me
11781,2013,acura,unknown,4,gas,121542,automatic,fwd,unknown,grey,wa
11792,2011,ford,excellent,6,gas,106080,manual,4wd,truck,unknown,mi
11795,2017,kia,like new,4,gas,63746,automatic,fwd,sedan,grey,nj
11795,2012,volkswagen,unknown,4,gas,82531,automatic,unknown,other,black,nj
11795,2016,chevrolet,excellent,4,gas,92105,automatic,4wd,SUV,black,me
11797,2011,mercedes-benz,excellent,6,gas,128096,automatic,4wd,SUV,white,nh
11800,2007,toyota,fair,8,gas,156000,manual,4wd,truck,black,nh
11800,2016,lexus,excellent,8,gas,46429,automatic,unknown,unknown,unknown,co
11800,2006,subaru,like new,4,gas,27850,automatic,4wd,wagon,blue,wi
11890,2015,kia,excellent,4,hybrid,65280,automatic,fwd,sedan,white,fl
11896,2017,hyundai,unknown,4,gas,73208,automatic,unknown,unknown,unknown,il
11899,2011,cadillac,unknown,8,other,191398,automatic,4wd,SUV,black,nj
11899,2017,ford,unknown,4,gas,36121,automatic,unknown,unknown,white,in
11900,2006,mercedes-benz,excellent,6,gas,116000,automatic,4wd,SUV,white,ca
11900,2012,honda,excellent,6,gas,136919,automatic,fwd,mini-van,grey,tn
11900,2015,dodge,unknown,6,gas,66794,automatic,unknown,unknown,unknown,tx
11900,2011,cadillac,excellent,6,gas,79930,automatic,rwd,sedan,black,sc
11900,2012,bmw,unknown,6,gas,120000,automatic,unknown,unknown,unknown,ak
11900,2012,chevrolet,unknown,6,gas,145459,automatic,fwd,unknown,white,sc
11900,2014,honda,excellent,4,gas,125000,automatic,unknown,unknown,unknown,nh
11900,2014,ford,excellent,4,gas,70426,automatic,fwd,sedan,orange,ny
11900,2012,volkswagen,excellent,4,gas,81942,manual,fwd,hatchback,unknown,ca
11900,2018,ford,unknown,4,gas,30000,automatic,unknown,unknown,unknown,ny
11900,2007,pontiac,excellent,4,gas,78000,automatic,unknown,unknown,silver,ny
11900,2013,infiniti,excellent,6,gas,78000,automatic,fwd,sedan,silver,dc
11900,2006,ram,good,8,gas,117325,automatic,4wd,pickup,grey,ny
11900,2005,mercedes-benz,excellent,8,gas,121787,automatic,rwd,convertible,silver,ca
11900,2006,chrysler,good,6,gas,52322,automatic,fwd,van,silver,co
11900,2011,ford,good,6,gas,110625,automatic,rwd,truck,white,tn
11900,2013,ford,excellent,4,gas,125598,automatic,fwd,unknown,silver,tx
11900,2004,unknown,excellent,6,diesel,191210,automatic,rwd,truck,white,fl
11901,2015,ford,excellent,4,gas,131087,automatic,fwd,sedan,white,mo
11950,2019,ford,unknown,8,gas,20320,automatic,rwd,pickup,white,ne
11950,2006,unknown,unknown,4,diesel,175412,automatic,unknown,unknown,unknown,nv
11950,2016,mazda,unknown,4,gas,71000,automatic,unknown,sedan,unknown,ca
11950,2015,ford,unknown,4,gas,72342,automatic,4wd,SUV,silver,nv
11950,2016,dodge,unknown,6,gas,113000,automatic,fwd,SUV,silver,mi
11950,2012,honda,excellent,6,gas,158883,automatic,fwd,mini-van,grey,mi
11950,2009,chevrolet,good,8,gas,162000,automatic,4wd,unknown,unknown,oh
11950,2011,chevrolet,unknown,6,other,59173,automatic,unknown,sedan,red,tx
11950,2011,acura,excellent,4,gas,98614,automatic,fwd,sedan,black,ok
11950,2015,ford,unknown,4,gas,72342,automatic,4wd,SUV,silver,wy
11950,2015,volkswagen,excellent,4,gas,99999,automatic,fwd,sedan,white,il
11950,2012,ford,excellent,6,gas,116000,automatic,4wd,SUV,silver,mi
11950,2018,ford,like new,4,gas,54708,automatic,fwd,hatchback,white,nm
11970,2017,hyundai,excellent,4,gas,58000,automatic,unknown,other,unknown,ca
11975,2009,ford,good,8,diesel,200000,manual,rwd,truck,red,ny
11984,2017,subaru,unknown,4,gas,119149,manual,unknown,sedan,red,mt
11985,2012,dodge,excellent,6,gas,167796,automatic,rwd,sedan,grey,ca
11987,2011,chevrolet,good,8,gas,88405,other,unknown,other,unknown,id
11987,2014,toyota,excellent,4,gas,108579,automatic,fwd,unknown,unknown,va
11988,2010,mazda,excellent,4,gas,72984,automatic,unknown,hatchback,unknown,ca
11988,2013,chrysler,excellent,6,gas,138200,automatic,rwd,sedan,white,ca
11988,2013,ford,unknown,4,gas,115935,automatic,4wd,SUV,white,md
11988,2015,nissan,unknown,4,gas,60974,automatic,4wd,wagon,unknown,co
11988,2013,honda,like new,4,gas,45819,manual,fwd,unknown,unknown,me
11988,2016,kia,unknown,4,gas,64393,automatic,unknown,sedan,yellow,co
11990,2014,toyota,excellent,4,gas,119000,automatic,fwd,unknown,unknown,ma
11990,2011,rover,excellent,8,gas,154085,automatic,4wd,SUV,white,mn
11990,2017,hyundai,like new,4,gas,39348,automatic,unknown,unknown,unknown,tx
11990,2011,honda,excellent,6,gas,105311,automatic,fwd,SUV,blue,fl
11990,2013,audi,unknown,4,gas,112000,automatic,unknown,unknown,unknown,fl
11990,2015,chevrolet,good,8,electric,60742,other,fwd,hatchback,white,tx
11995,2014,nissan,good,4,gas,100000,automatic,4wd,SUV,blue,md
11995,2010,lincoln,unknown,6,gas,132196,unknown,unknown,SUV,black,ok
11995,2015,chevrolet,excellent,8,gas,208869,automatic,rwd,unknown,unknown,me
11995,2010,gmc,unknown,6,gas,154241,automatic,unknown,unknown,unknown,tx
11995,2009,chevrolet,excellent,8,gas,189611,automatic,unknown,pickup,black,ga
11995,2008,chevrolet,excellent,8,gas,164320,automatic,4wd,truck,white,in
11995,2013,ford,excellent,4,gas,114418,automatic,4wd,SUV,black,ca
11995,2006,nissan,excellent,8,gas,146650,automatic,4wd,truck,blue,ca
11995,2009,mercedes-benz,excellent,6,gas,112,automatic,4wd,SUV,black,ma
11995,2012,lexus,unknown,6,gas,128115,automatic,fwd,other,black,ma
11995,2008,toyota,excellent,8,gas,136000,automatic,unknown,pickup,blue,me
11995,2016,ford,good,10,other,168829,automatic,unknown,unknown,unknown,in
11995,2013,bmw,excellent,6,gas,78123,automatic,4wd,SUV,unknown,ca
11995,2015,ford,excellent,4,hybrid,77850,automatic,unknown,unknown,white,ca
11995,2016,kia,excellent,4,gas,78600,automatic,fwd,sedan,grey,ca
11995,2011,ford,unknown,6,gas,234107,automatic,unknown,unknown,unknown,co
11995,2014,nissan,good,4,gas,22722,automatic,fwd,SUV,white,hi
11995,2009,cadillac,unknown,8,other,195366,automatic,4wd,SUV,black,nj
11995,2012,honda,good,4,hybrid,74309,manual,fwd,coupe,unknown,id
11995,2019,nissan,unknown,4,gas,62576,automatic,fwd,sedan,black,pa
11995,2011,honda,unknown,4,gas,48555,automatic,unknown,unknown,unknown,ny
11995,2013,dodge,excellent,6,gas,179753,automatic,4wd,SUV,black,wi
11995,2012,cadillac,excellent,4,gas,135000,automatic,fwd,SUV,white,ok
11995,2011,infiniti,unknown,6,gas,104321,automatic,rwd,sedan,silver,tn
11995,2005,lincoln,unknown,8,gas,220000,automatic,unknown,unknown,unknown,pa
11995,2012,gmc,good,6,gas,103125,automatic,4wd,SUV,silver,ma
11995,2010,toyota,excellent,4,gas,96575,automatic,fwd,wagon,silver,nj
11995,2013,cadillac,unknown,6,gas,79667,automatic,unknown,other,silver,va
11995,2008,unknown,good,4,diesel,206666,automatic,rwd,truck,white,nv
11995,2012,subaru,excellent,4,gas,71580,automatic,4wd,SUV,green,nh
11995,2011,bmw,excellent,6,gas,69755,automatic,rwd,coupe,black,md
11995,2008,chevrolet,excellent,8,gas,161936,automatic,rwd,truck,white,nm
11995,2010,chevrolet,good,8,gas,207793,automatic,4wd,unknown,grey,mn
11995,2015,nissan,excellent,4,gas,93112,automatic,fwd,sedan,red,ca
11995,2013,infiniti,good,6,gas,71820,automatic,4wd,sedan,grey,co
11995,2016,toyota,unknown,4,gas,129043,automatic,fwd,sedan,unknown,ca
11995,2012,subaru,excellent,4,gas,134607,manual,4wd,SUV,red,wa
11995,2014,ford,excellent,4,gas,101802,automatic,fwd,other,custom,tx
11995,2007,chevrolet,unknown,8,gas,170865,automatic,4wd,unknown,silver,ga
11995,2017,dodge,unknown,6,gas,107755,automatic,unknown,unknown,unknown,wi
11995,2014,ford,unknown,4,gas,77843,manual,unknown,unknown,unknown,ne
11995,2013,subaru,unknown,4,gas,74050,automatic,4wd,sedan,custom,id
11995,2016,chevrolet,unknown,4,gas,117905,automatic,unknown,unknown,unknown,mi
11995,2003,chevrolet,excellent,8,gas,68000,automatic,rwd,coupe,silver,va
11995,2013,subaru,unknown,4,gas,104403,automatic,4wd,unknown,red,in
11995,2014,honda,excellent,4,gas,124000,automatic,fwd,sedan,black,ma
11995,2017,toyota,excellent,4,gas,66313,automatic,unknown,sedan,unknown,ca
11995,2014,nissan,excellent,6,gas,102225,automatic,4wd,SUV,black,va
11995,2014,mercedes-benz,unknown,4,gas,81445,automatic,unknown,sedan,white,ca
11997,2012,unknown,unknown,8,unknown,236810,automatic,rwd,unknown,blue,fl
11998,2014,hyundai,excellent,4,gas,101085,automatic,unknown,unknown,blue,al
11998,2007,ford,excellent,8,gas,107353,automatic,4wd,pickup,unknown,oh
11998,2016,hyundai,excellent,4,hybrid,119998,automatic,fwd,sedan,silver,ca
11998,2006,ford,unknown,8,gas,91806,automatic,rwd,truck,white,mi
11998,2017,kia,excellent,4,gas,71325,automatic,fwd,wagon,silver,ca
11999,2011,unknown,excellent,6,gas,131000,automatic,rwd,SUV,black,tx
11999,2012,chevrolet,unknown,6,gas,125331,automatic,unknown,SUV,silver,wa
11999,2014,jeep,unknown,4,gas,96548,other,4wd,SUV,silver,mt
11999,2015,honda,unknown,4,gas,79797,unknown,unknown,coupe,blue,nj
11999,2010,toyota,good,4,gas,82025,automatic,4wd,SUV,blue,ny
11999,2008,honda,excellent,6,gas,138400,automatic,4wd,pickup,silver,pa
11999,2013,cadillac,good,10,gas,68786,automatic,4wd,coupe,white,ga
11999,2013,toyota,good,4,gas,27980,automatic,unknown,sedan,unknown,ca
11999,2012,ford,excellent,6,gas,168255,automatic,4wd,SUV,grey,mn
11999,2008,ford,excellent,6,gas,101550,automatic,4wd,SUV,red,ak
11999,2017,ford,unknown,4,other,43055,automatic,unknown,hatchback,blue,oh
11999,2016,nissan,excellent,4,gas,127293,automatic,fwd,sedan,unknown,ca
11999,2018,chevrolet,unknown,4,gas,27319,automatic,fwd,other,red,fl
11999,2013,mitsubishi,unknown,4,gas,63986,automatic,4wd,SUV,unknown,ma
11999,2015,hyundai,unknown,4,gas,57297,automatic,fwd,sedan,silver,co
11999,1999,jeep,excellent,6,gas,113000,manual,4wd,other,custom,tx
11999,2014,ford,unknown,8,other,153068,automatic,unknown,van,white,il
11999,2013,nissan,unknown,4,gas,201932,automatic,4wd,SUV,silver,tn
11999,2013,volvo,like new,6,gas,127000,automatic,4wd,SUV,grey,vt
11999,2011,mercedes-benz,good,6,gas,74436,automatic,rwd,coupe,unknown,wa
11999,2004,ford,unknown,8,diesel,182917,automatic,4wd,pickup,unknown,md
11999,2007,acura,good,6,gas,95054,automatic,unknown,SUV,white,wa
11999,2015,kia,unknown,4,other,71410,automatic,unknown,unknown,unknown,ca
12000,1996,toyota,unknown,4,diesel,40472,automatic,4wd,other,silver,hi
12000,2006,unknown,good,4,diesel,149843,automatic,rwd,other,white,az
12000,2013,honda,like new,4,gas,41950,automatic,unknown,sedan,grey,wa
12000,2009,ford,excellent,8,gas,98800,manual,rwd,coupe,silver,ca
12000,2001,ram,good,8,diesel,150000,automatic,4wd,truck,white,or
12000,2007,jaguar,excellent,8,gas,151000,automatic,rwd,convertible,silver,tx
12000,2016,nissan,excellent,4,gas,30760,automatic,fwd,unknown,white,az
12000,1997,ford,good,6,diesel,71341,manual,unknown,truck,white,nv
12000,2008,toyota,unknown,4,unknown,198425,automatic,4wd,pickup,unknown,va
12000,2004,gmc,good,8,gas,144200,automatic,rwd,unknown,unknown,nc
12000,2016,ford,excellent,4,gas,115000,manual,fwd,hatchback,white,wy
12000,2013,lincoln,excellent,6,gas,120000,automatic,fwd,SUV,brown,nc
12000,2010,gmc,good,6,gas,110655,automatic,4wd,SUV,silver,mn
12000,2014,jeep,like new,4,gas,86554,automatic,fwd,unknown,black,ca
12000,2016,dodge,unknown,6,gas,106000,manual,unknown,mini-van,unknown,tn
12000,2012,hyundai,excellent,4,gas,91400,automatic,rwd,SUV,white,ca
12000,2014,dodge,excellent,6,gas,63956,automatic,rwd,coupe,white,sc
12000,1997,bmw,unknown,6,gas,189000,manual,unknown,unknown,unknown,nj
12000,2012,ford,good,8,gas,172000,automatic,4wd,truck,silver,wa
12000,2012,toyota,good,4,gas,109000,automatic,fwd,sedan,silver,or
12098,2017,ford,unknown,4,gas,103563,unknown,unknown,sedan,unknown,tn
12100,2017,nissan,excellent,4,gas,74000,automatic,fwd,sedan,white,ca
12100,2013,subaru,good,4,gas,123386,automatic,4wd,wagon,white,wi
12199,2002,jeep,unknown,6,gas,139000,manual,4wd,unknown,black,fl
12200,2011,toyota,excellent,4,gas,140209,automatic,4wd,SUV,unknown,ia
12200,2016,subaru,good,4,gas,161469,automatic,4wd,wagon,white,wi
12200,2013,chevrolet,excellent,6,gas,126691,automatic,4wd,SUV,black,ne
12250,2004,jeep,excellent,6,gas,179,automatic,4wd,convertible,white,fl
12250,2013,ford,like new,6,gas,154915,automatic,fwd,SUV,green,va
12295,2019,toyota,excellent,4,gas,18490,automatic,unknown,sedan,silver,ny
12295,2012,kia,excellent,4,gas,88000,automatic,4wd,SUV,red,ny
12295,2007,lexus,good,6,gas,137989,automatic,4wd,SUV,white,ca
12300,2012,toyota,excellent,4,gas,135123,automatic,4wd,SUV,blue,tn
12321,2013,ford,excellent,6,gas,147864,automatic,fwd,SUV,unknown,in
12395,2010,nissan,excellent,8,gas,184000,automatic,4wd,SUV,black,wi
12395,2015,kia,unknown,6,gas,131396,automatic,unknown,unknown,unknown,il
12400,2007,lincoln,excellent,8,gas,126000,automatic,4wd,pickup,unknown,fl
12400,2016,honda,excellent,4,gas,130725,automatic,fwd,sedan,grey,in
12415,2013,buick,good,6,other,82615,automatic,unknown,sedan,blue,nc
12440,2017,chevrolet,good,4,gas,98778,automatic,fwd,sedan,black,az
12450,2017,kia,excellent,4,gas,21000,automatic,fwd,sedan,black,il
12450,2012,jeep,unknown,6,gas,135000,automatic,4wd,SUV,unknown,sc
12495,2017,ford,unknown,4,gas,135396,automatic,unknown,van,yellow,md
12495,2012,chevrolet,good,4,gas,39021,automatic,fwd,SUV,white,oh
12495,2014,ford,excellent,4,gas,96857,automatic,unknown,SUV,unknown,ca
12495,2010,ford,unknown,8,gas,97635,manual,unknown,coupe,red,ny
12495,2014,acura,good,6,gas,145769,automatic,4wd,SUV,black,ca
12495,2013,ford,unknown,8,gas,254853,automatic,unknown,other,silver,nc
12495,2019,honda,like new,4,gas,15300,automatic,fwd,sedan,silver,in
12497,2010,ford,unknown,8,gas,153419,automatic,rwd,van,white,fl
12498,2017,nissan,excellent,4,gas,32817,automatic,fwd,sedan,white,mn
12499,2013,hyundai,unknown,4,gas,97092,automatic,unknown,SUV,white,tx
12499,2011,infiniti,unknown,6,gas,127671,automatic,fwd,sedan,black,ca
12500,2016,ram,like new,4,gas,115000,automatic,fwd,van,white,oh
12500,2018,hyundai,like new,4,gas,7200,automatic,fwd,sedan,blue,az
12500,2009,jeep,excellent,6,gas,158011,manual,4wd,offroad,blue,tx
12500,2012,mercedes-benz,unknown,8,unknown,77000,automatic,4wd,sedan,unknown,pa
12500,2013,volkswagen,unknown,4,gas,51860,automatic,unknown,hatchback,blue,nv
12500,2014,ford,good,4,gas,100000,automatic,fwd,unknown,white,wi
12500,2019,kia,unknown,4,gas,103295,automatic,unknown,sedan,unknown,nc
12500,2016,nissan,excellent,4,gas,88570,automatic,fwd,SUV,silver,fl
12500,2017,nissan,excellent,4,gas,44158,automatic,unknown,unknown,unknown,me
12500,2017,toyota,good,4,hybrid,110500,automatic,fwd,wagon,black,nj
12500,2014,honda,unknown,6,gas,136000,automatic,4wd,SUV,black,ny
12500,2012,bmw,excellent,6,gas,63000,manual,4wd,coupe,white,dc
12500,2002,ram,good,8,gas,84540,automatic,unknown,unknown,white,pa
12500,2013,dodge,excellent,6,gas,168000,automatic,fwd,mini-van,silver,mn
12500,2011,mercedes-benz,excellent,6,gas,155000,automatic,fwd,sedan,black,ar
12500,2000,ford,good,8,diesel,250000,automatic,4wd,truck,brown,fl
12500,2017,jeep,excellent,4,gas,77000,automatic,4wd,SUV,silver,sd
12500,2011,ford,good,8,gas,90332,manual,rwd,coupe,grey,ne
12500,2006,jeep,excellent,6,gas,113000,automatic,4wd,SUV,silver,me
12500,2008,gmc,excellent,8,gas,147353,automatic,4wd,truck,grey,mn
12500,2014,jeep,excellent,4,gas,102175,automatic,fwd,SUV,black,tn
12500,2005,unknown,good,8,gas,91300,manual,rwd,unknown,black,az
12500,2011,ford,unknown,6,gas,173604,automatic,unknown,unknown,unknown,mo
12500,2013,cadillac,excellent,6,gas,100000,automatic,4wd,sedan,black,co
12500,2004,ram,excellent,8,gas,116449,automatic,unknown,truck,black,mn
12500,2007,honda,good,6,gas,147000,automatic,fwd,other,white,sc
12500,2014,dodge,like new,8,gas,129000,automatic,4wd,sedan,grey,tn
12500,2011,toyota,good,6,gas,184000,automatic,4wd,SUV,grey,nh
12500,2011,bmw,unknown,6,gas,130576,automatic,unknown,sedan,custom,il
12500,2008,lexus,unknown,8,gas,165000,automatic,unknown,unknown,unknown,ca
12590,2012,unknown,good,6,gas,60589,other,fwd,hatchback,white,sc
12598,2016,mitsubishi,unknown,4,gas,76888,automatic,fwd,wagon,grey,az
12600,2012,lexus,unknown,6,gas,119123,unknown,fwd,sedan,unknown,fl
12650,2014,nissan,excellent,6,gas,114726,automatic,4wd,SUV,grey,mo
12650,2015,ford,excellent,6,gas,334396,automatic,rwd,van,white,mn
12675,2011,gmc,good,8,gas,174737,automatic,4wd,SUV,white,ut
12695,2015,honda,excellent,4,gas,68081,automatic,unknown,sedan,grey,ca
12699,2013,chevrolet,unknown,6,gas,121148,automatic,4wd,SUV,grey,co
12700,2013,chevrolet,unknown,6,other,127886,automatic,fwd,unknown,unknown,ms
12700,2011,cadillac,unknown,8,gas,145203,automatic,unknown,unknown,unknown,mi
12700,2005,lexus,unknown,8,gas,115000,automatic,rwd,sedan,black,tn
12700,2008,porsche,excellent,8,gas,101900,automatic,4wd,SUV,grey,pa
12750,2017,hyundai,unknown,4,other,78609,automatic,unknown,sedan,white,ok
12755,2012,mercedes-benz,unknown,6,gas,93500,automatic,4wd,sedan,black,il
12795,2016,nissan,like new,6,gas,135003,automatic,unknown,unknown,black,la
12799,2012,mercedes-benz,excellent,8,gas,118000,automatic,4wd,sedan,grey,dc
12800,2012,jeep,excellent,6,gas,105000,automatic,4wd,SUV,red,nj
12800,2007,cadillac,good,8,gas,109000,automatic,4wd,SUV,white,mi
12800,2016,infiniti,excellent,6,gas,163507,automatic,unknown,unknown,unknown,fl
12800,2011,toyota,good,6,gas,126895,automatic,4wd,SUV,silver,me
12850,2010,chevrolet,excellent,8,gas,144759,automatic,4wd,SUV,red,ne
12850,2011,ford,unknown,6,gas,125000,automatic,fwd,SUV,unknown,in
12867,2003,ford,unknown,8,unknown,169077,automatic,4wd,pickup,custom,or
12880,2012,chevrolet,unknown,8,other,177376,automatic,unknown,other,black,ga
12899,2014,bmw,unknown,4,gas,109948,automatic,rwd,sedan,black,tx
12900,2007,chevrolet,unknown,8,gas,147385,automatic,4wd,pickup,white,ky
12900,2003,ford,unknown,8,gas,240000,automatic,unknown,unknown,unknown,tx
12900,2015,ford,excellent,4,gas,125000,manual,fwd,hatchback,grey,fl
12900,2006,chevrolet,unknown,8,diesel,230000,automatic,unknown,unknown,unknown,wi
12900,2013,chevrolet,excellent,4,gas,83187,automatic,unknown,SUV,unknown,ca
12900,2014,bmw,unknown,4,electric,41000,automatic,unknown,unknown,unknown,ca
12900,2012,ford,excellent,8,gas,208000,automatic,4wd,unknown,silver,ct
12900,2007,lexus,excellent,8,gas,150824,automatic,rwd,sedan,unknown,ga
12900,2014,ford,excellent,6,gas,118200,automatic,fwd,sedan,black,fl
12900,2010,chevrolet,good,8,gas,168300,automatic,4wd,unknown,blue,pa
12900,2016,ford,excellent,4,gas,50868,automatic,fwd,sedan,red,pa
12900,2002,ford,good,8,gas,78640,automatic,rwd,convertible,red,ca
12900,2015,volkswagen,excellent,4,diesel,74400,automatic,fwd,sedan,white,al
12900,2009,chevrolet,good,8,gas,60032,automatic,4wd,SUV,white,az
12900,2008,chevrolet,like new,8,gas,202149,automatic,4wd,SUV,black,ky
12900,1999,ford,excellent,10,gas,165000,automatic,4wd,truck,grey,ca
12900,2013,ford,excellent,6,gas,178576,automatic,rwd,pickup,white,ks
12949,2016,buick,unknown,4,gas,88406,automatic,fwd,sedan,custom,tx
12950,2005,toyota,good,8,gas,162000,automatic,4wd,truck,grey,mt
12950,2013,lexus,good,4,gas,77000,automatic,fwd,unknown,black,sc
12950,2008,ford,good,8,diesel,131789,automatic,rwd,truck,red,fl
12950,2013,honda,excellent,4,gas,103053,automatic,4wd,SUV,blue,oh
12950,2012,mercedes-benz,unknown,8,gas,84783,automatic,unknown,unknown,unknown,il
12950,2013,bmw,unknown,6,gas,83000,automatic,unknown,sedan,black,ca
12950,2017,nissan,like new,4,gas,39136,automatic,fwd,sedan,black,ny
12960,2014,ford,good,4,gas,74387,automatic,unknown,unknown,unknown,il
12970,2003,chevrolet,excellent,8,gas,93567,manual,unknown,coupe,unknown,ca
12988,2014,cadillac,unknown,4,gas,64786,automatic,rwd,sedan,black,fl
12988,2014,chrysler,good,6,gas,107172,automatic,fwd,van,white,oh
12988,2015,subaru,unknown,4,gas,119748,other,4wd,wagon,white,me
12988,2016,jeep,unknown,4,gas,129674,unknown,4wd,hatchback,white,sc
12988,2011,ram,unknown,6,gas,221374,automatic,4wd,unknown,white,wa
12990,2017,ford,unknown,4,gas,95530,automatic,fwd,sedan,unknown,il
12990,2015,toyota,unknown,4,gas,81688,automatic,fwd,hatchback,black,fl
12990,2015,ram,good,4,gas,101360,automatic,fwd,mini-van,black,nd
12990,2013,kia,good,4,gas,70825,automatic,fwd,sedan,black,wi
12990,2008,nissan,excellent,8,gas,118975,automatic,4wd,truck,green,fl
12990,2009,ram,good,8,gas,143653,automatic,4wd,pickup,silver,pa
12990,2012,ram,excellent,8,gas,156867,automatic,4wd,truck,white,oh
12990,2016,dodge,good,6,gas,81900,other,fwd,sedan,black,ga
12990,2011,chevrolet,good,8,gas,169400,automatic,4wd,truck,grey,wi
12990,2014,ford,excellent,4,gas,109274,automatic,4wd,SUV,grey,il
12990,2013,chrysler,good,6,other,57792,other,fwd,sedan,silver,co
12991,2014,toyota,unknown,4,gas,45213,automatic,fwd,sedan,custom,dc
12991,2017,nissan,unknown,4,gas,70652,automatic,fwd,sedan,blue,ny
12992,2019,hyundai,excellent,4,gas,34981,automatic,unknown,sedan,unknown,ny
12994,2014,chevrolet,unknown,4,gas,89424,automatic,fwd,SUV,unknown,mi
12995,2017,hyundai,excellent,4,gas,7759,automatic,fwd,sedan,black,or
12995,2015,nissan,good,4,gas,38984,automatic,4wd,SUV,grey,nv
12995,2017,hyundai,unknown,4,gas,75855,automatic,fwd,sedan,white,ca
12995,2015,jeep,unknown,6,gas,90948,automatic,4wd,SUV,black,ny
12995,2014,ford,excellent,4,gas,75691,automatic,4wd,SUV,white,ca
12995,2012,dodge,unknown,6,gas,120000,automatic,rwd,coupe,black,ca
12995,2018,ford,excellent,4,gas,30000,automatic,4wd,SUV,blue,or
12995,2010,ford,unknown,8,gas,117952,automatic,unknown,unknown,unknown,mi
12995,2009,chevrolet,good,8,gas,161441,automatic,4wd,truck,blue,wi
12995,2007,ford,excellent,8,gas,170510,automatic,4wd,pickup,unknown,ca
12995,2011,dodge,unknown,6,gas,125949,automatic,4wd,SUV,black,pa
12995,2014,honda,unknown,4,gas,87201,automatic,fwd,other,black,or
12995,2012,chevrolet,unknown,8,gas,98000,automatic,4wd,unknown,unknown,pa
12995,2017,kia,unknown,4,electric,14847,other,fwd,wagon,white,fl
12995,2011,toyota,unknown,6,gas,114537,automatic,unknown,SUV,unknown,fl
12995,2012,toyota,good,4,other,116401,automatic,rwd,pickup,red,ia
12995,2007,toyota,unknown,6,gas,93587,other,rwd,pickup,white,ma
12995,2011,ford,unknown,10,hybrid,80000,automatic,unknown,unknown,unknown,ca
12995,2013,buick,excellent,6,gas,119000,automatic,4wd,SUV,grey,ma
12995,2017,subaru,unknown,4,gas,83105,automatic,unknown,SUV,silver,ia
12995,2008,ford,excellent,8,gas,93725,automatic,4wd,pickup,red,wi
12995,2017,ford,like new,4,hybrid,109000,automatic,fwd,sedan,black,mi
12995,2015,subaru,good,4,gas,117885,automatic,4wd,SUV,blue,ny
12995,2001,toyota,excellent,6,gas,217899,automatic,rwd,pickup,grey,ca
12995,2017,kia,unknown,4,gas,18357,automatic,unknown,unknown,unknown,nj
12995,2011,toyota,unknown,6,gas,131168,automatic,fwd,wagon,green,co
12995,2014,ford,excellent,4,gas,74919,automatic,fwd,SUV,white,mn
12995,2014,buick,excellent,4,gas,77700,automatic,4wd,SUV,custom,ny
12995,2006,ram,unknown,6,diesel,259119,automatic,unknown,unknown,unknown,il
12995,2015,lincoln,unknown,8,gas,84518,automatic,unknown,unknown,unknown,sd
12995,2016,toyota,good,4,gas,96097,automatic,fwd,sedan,white,ca
12995,2013,gmc,like new,4,gas,69000,automatic,fwd,SUV,red,co
12995,2014,ford,excellent,4,gas,84000,automatic,fwd,sedan,white,az
12995,2010,ford,unknown,8,gas,91413,automatic,unknown,unknown,unknown,mi
12995,2011,ford,excellent,6,gas,166267,automatic,fwd,SUV,purple,ga
12995,2015,chrysler,unknown,4,gas,85011,automatic,unknown,sedan,black,oh
12995,2007,gmc,unknown,8,gas,171900,automatic,4wd,SUV,blue,id
12995,2011,ford,good,8,gas,264000,automatic,4wd,unknown,silver,wa
12995,2012,honda,excellent,6,gas,159736,automatic,fwd,mini-van,black,fl
12995,2018,nissan,excellent,4,gas,46126,automatic,fwd,sedan,blue,tn
12995,2011,infiniti,like new,6,gas,114933,automatic,4wd,sedan,grey,ma
12996,2016,chevrolet,unknown,4,gas,57995,automatic,fwd,sedan,grey,tx
12997,2016,buick,excellent,4,gas,54578,automatic,unknown,unknown,unknown,oh
12998,2015,chevrolet,unknown,6,gas,168635,automatic,4wd,SUV,unknown,wa
12998,2014,buick,unknown,4,gas,111278,other,4wd,sedan,blue,or
12999,2011,honda,unknown,4,gas,65706,automatic,4wd,SUV,unknown,ma
12999,2013,nissan,excellent,4,gas,53053,automatic,fwd,sedan,custom,nj
12999,2012,chevrolet,excellent,8,gas,112000,automatic,4wd,unknown,red,mn
12999,2011,unknown,like new,4,gas,111944,automatic,unknown,unknown,unknown,ma
12999,2011,hyundai,excellent,6,gas,55000,automatic,4wd,SUV,silver,ma
12999,2015,nissan,excellent,6,gas,93380,automatic,fwd,mini-van,silver,wa
12999,2015,volvo,excellent,4,gas,57841,automatic,unknown,sedan,unknown,nc
12999,2009,toyota,unknown,6,gas,125182,automatic,unknown,wagon,black,wa
12999,2013,jeep,excellent,6,gas,159900,automatic,4wd,SUV,black,mi
12999,2015,mazda,like new,4,gas,73011,automatic,fwd,unknown,black,fl
12999,2015,ford,unknown,6,gas,76603,automatic,fwd,sedan,unknown,co
12999,2011,chevrolet,unknown,8,gas,128916,automatic,unknown,van,white,il
12999,2012,chevrolet,good,8,gas,184374,automatic,4wd,pickup,black,mi
12999,2014,ford,unknown,6,gas,221408,automatic,4wd,SUV,black,co
12999,2014,ford,like new,8,gas,139000,automatic,unknown,SUV,white,fl
12999,2018,unknown,unknown,6,gas,74000,manual,unknown,unknown,unknown,vt
12999,2017,nissan,excellent,4,gas,92435,automatic,unknown,sedan,unknown,nc
12999,2015,hyundai,unknown,4,gas,110640,automatic,4wd,wagon,silver,ca
12999,2000,unknown,unknown,6,diesel,127008,automatic,unknown,truck,yellow,wi
12999,2011,toyota,good,6,gas,195159,automatic,4wd,SUV,silver,mn
12999,2014,mazda,unknown,4,gas,144272,automatic,4wd,SUV,unknown,co
12999,2004,ford,unknown,8,gas,119000,automatic,rwd,truck,white,ca
12999,2000,unknown,unknown,8,diesel,38398,automatic,unknown,truck,yellow,wi
12999,2010,nissan,unknown,8,gas,99684,automatic,fwd,SUV,red,nv
12999,2016,dodge,unknown,6,gas,86000,automatic,unknown,unknown,unknown,nv
12999,2014,kia,unknown,4,gas,89110,automatic,4wd,SUV,red,ma
13000,2003,ford,excellent,8,gas,59600,automatic,rwd,convertible,grey,va
13000,2012,mercedes-benz,unknown,6,diesel,144000,automatic,unknown,unknown,unknown,nj
13000,2016,honda,unknown,4,gas,46125,automatic,unknown,sedan,blue,fl
13000,2014,ford,excellent,8,other,171000,automatic,4wd,unknown,white,id
13000,2012,hyundai,good,4,gas,46600,manual,rwd,coupe,black,ia
13000,2017,honda,good,4,gas,55877,automatic,unknown,unknown,black,nj
13000,2014,mazda,unknown,4,gas,49518,automatic,unknown,unknown,unknown,hi
13000,2006,chevrolet,unknown,8,gas,77000,automatic,unknown,unknown,unknown,ak
13000,1997,jeep,good,6,gas,114000,automatic,4wd,unknown,grey,co
13000,2009,lexus,excellent,8,gas,165000,automatic,rwd,unknown,black,ri
13000,2008,chevrolet,good,8,gas,110700,automatic,rwd,truck,white,ca
13000,2004,ford,unknown,8,diesel,114000,automatic,unknown,unknown,unknown,or
13000,2013,infiniti,good,6,gas,100543,automatic,unknown,sedan,blue,az
13000,2014,honda,unknown,4,gas,142979,unknown,unknown,SUV,black,fl
13000,2004,ford,good,8,gas,209000,automatic,4wd,truck,black,ca
13000,2018,ford,excellent,4,gas,55000,automatic,fwd,sedan,black,ia
13000,2011,honda,excellent,4,gas,80000,manual,fwd,sedan,red,ak
13150,2013,ford,excellent,6,gas,106356,automatic,fwd,SUV,black,ca
13200,2014,nissan,excellent,4,gas,105000,automatic,rwd,truck,blue,tx
13200,2013,ford,good,8,gas,148500,automatic,fwd,pickup,white,pa
13225,2012,honda,good,6,gas,125230,automatic,4wd,SUV,grey,in
13295,2018,nissan,excellent,4,gas,42266,automatic,unknown,other,red,ny
13307,2016,chevrolet,excellent,4,gas,110284,automatic,unknown,truck,unknown,mi
13361,2017,dodge,excellent,6,gas,84362,automatic,unknown,van,unknown,ca
13400,2014,honda,like new,6,gas,129373,automatic,unknown,SUV,black,pa
13443,2015,dodge,good,6,gas,142341,automatic,rwd,sedan,silver,ca
13444,2015,honda,unknown,4,gas,66286,automatic,fwd,wagon,red,hi
13476,2009,chevrolet,unknown,8,gas,164059,automatic,4wd,truck,unknown,mi
13488,2013,honda,unknown,4,gas,102139,automatic,unknown,sedan,unknown,wa
13490,2008,ford,excellent,8,gas,124112,automatic,rwd,truck,white,va
13495,2016,hyundai,excellent,4,gas,70272,automatic,unknown,unknown,black,ca
13495,2017,ford,like new,4,gas,44165,automatic,fwd,sedan,red,mn
13495,2014,buick,excellent,4,gas,62000,automatic,fwd,SUV,brown,sc
13495,2016,kia,unknown,4,gas,15078,automatic,unknown,unknown,unknown,vt
13495,2016,kia,unknown,6,gas,122369,automatic,fwd,van,black,co
13495,2004,ford,unknown,8,gas,165150,automatic,unknown,unknown,unknown,nd
13499,2014,mazda,good,4,gas,77500,automatic,fwd,SUV,black,ok
13500,2013,fiat,like new,4,gas,51000,manual,fwd,hatchback,grey,hi
13500,2012,bmw,unknown,6,gas,82900,automatic,4wd,unknown,unknown,co
13500,2011,bmw,like new,6,diesel,120000,automatic,4wd,SUV,white,fl
13500,2016,honda,excellent,4,gas,42331,manual,fwd,sedan,black,fl
13500,2013,jeep,like new,4,gas,45900,automatic,4wd,SUV,white,nj
13500,2013,bmw,unknown,4,gas,71678,automatic,rwd,sedan,black,hi
13500,2012,bmw,excellent,6,gas,112000,automatic,rwd,sedan,white,ca
13500,2013,ford,unknown,6,gas,69210,automatic,4wd,sedan,white,nj
13500,2002,pontiac,good,8,gas,108565,manual,rwd,coupe,silver,tx
13500,2006,toyota,good,6,gas,270000,manual,4wd,truck,grey,id
13500,2007,lexus,excellent,8,gas,212000,automatic,4wd,SUV,grey,nc
13500,2005,ford,unknown,8,diesel,129000,automatic,unknown,unknown,unknown,nv
13500,2013,ford,like new,4,gas,42400,automatic,fwd,sedan,silver,id
13500,2015,volkswagen,unknown,4,gas,33700,automatic,unknown,unknown,white,ca
13500,2017,ford,unknown,4,gas,27000,automatic,unknown,unknown,unknown,ny
13500,1995,ram,excellent,6,gas,270000,manual,4wd,pickup,custom,or
13500,2013,bmw,excellent,4,gas,77000,automatic,4wd,sedan,grey,mi
13500,2014,honda,excellent,4,gas,106061,automatic,4wd,SUV,black,va
13500,2013,nissan,excellent,6,gas,133000,automatic,4wd,SUV,white,ak
13500,2000,ford,unknown,10,other,119482,automatic,4wd,SUV,green,fl
13500,2013,ford,unknown,6,gas,107000,automatic,unknown,unknown,unknown,ca
13500,2012,volvo,unknown,6,gas,79658,automatic,4wd,unknown,blue,me
13500,1999,chevrolet,excellent,8,gas,100000,automatic,rwd,coupe,red,nm
13500,2005,mercedes-benz,excellent,8,gas,91000,automatic,rwd,sedan,silver,ks
13500,2018,ford,excellent,6,gas,31000,automatic,unknown,unknown,white,az
13500,2010,chevrolet,good,8,gas,111857,automatic,4wd,truck,black,ct
13500,2004,ford,excellent,8,diesel,195000,automatic,4wd,truck,unknown,nj
13500,2002,unknown,excellent,8,gas,128500,manual,rwd,convertible,silver,mi
13500,1996,unknown,fair,8,diesel,59803,manual,rwd,truck,white,oh
13500,2015,honda,unknown,6,gas,109150,automatic,unknown,unknown,unknown,va
13590,2013,ford,good,8,gas,76279,other,fwd,wagon,red,tn
13590,2015,volkswagen,good,4,gas,90671,automatic,fwd,sedan,white,tx
13590,2013,ford,good,8,gas,76279,other,fwd,wagon,red,ny
13590,2015,chevrolet,good,4,hybrid,41899,other,fwd,hatchback,black,va
13590,2015,volkswagen,good,4,gas,90671,automatic,fwd,sedan,white,in
13621,2020,kia,good,4,other,26466,automatic,fwd,hatchback,red,tn
13642,2016,hyundai,unknown,4,gas,40628,automatic,unknown,unknown,unknown,il
13650,2019,nissan,excellent,4,gas,3878,automatic,fwd,sedan,silver,fl
13685,2015,dodge,unknown,6,gas,78124,automatic,fwd,unknown,unknown,ar
13691,2001,toyota,unknown,8,gas,217769,automatic,4wd,SUV,silver,ca
13695,2007,cadillac,unknown,8,gas,144492,automatic,4wd,SUV,black,ct
13700,2010,ford,excellent,8,gas,182000,automatic,4wd,truck,red,sc
13700,2006,subaru,excellent,4,gas,72811,automatic,4wd,sedan,custom,co
13750,2012,chevrolet,unknown,8,other,190250,automatic,4wd,SUV,blue,ok
13750,2015,hyundai,excellent,4,gas,90422,manual,4wd,SUV,silver,ca
13750,2014,honda,excellent,4,gas,46000,automatic,fwd,sedan,grey,oh
13785,2010,gmc,unknown,8,gas,147002,automatic,rwd,SUV,custom,tn
13791,2014,volkswagen,unknown,4,gas,51131,automatic,unknown,SUV,black,ny
13795,2013,honda,unknown,6,gas,79224,automatic,fwd,mini-van,silver,va
13800,2018,ford,like new,4,gas,39500,manual,fwd,hatchback,black,nc
13800,2016,honda,excellent,4,gas,84000,automatic,fwd,sedan,silver,mi
13850,2017,kia,unknown,4,gas,54880,manual,fwd,unknown,white,tn
13850,2007,ford,unknown,8,gas,63000,automatic,unknown,unknown,unknown,or
13875,2015,nissan,unknown,4,gas,36763,automatic,fwd,sedan,unknown,tx
13880,2008,cadillac,unknown,8,gas,137745,automatic,unknown,SUV,white,sc
13887,2019,toyota,unknown,4,unknown,45659,automatic,fwd,sedan,custom,nj
13888,2013,buick,unknown,4,gas,61836,automatic,4wd,SUV,unknown,wi
13888,2015,hyundai,excellent,4,gas,96666,automatic,4wd,SUV,grey,ma
13899,2016,kia,good,6,gas,84817,automatic,fwd,van,white,nc
13900,2020,jeep,excellent,4,gas,7312,automatic,fwd,SUV,blue,tx
13900,2013,honda,excellent,4,gas,95874,automatic,4wd,SUV,black,wi
13900,2016,kia,excellent,4,gas,76050,automatic,fwd,sedan,unknown,fl
13900,2013,lexus,unknown,6,gas,121303,automatic,fwd,sedan,silver,mi
13900,2011,bmw,unknown,6,gas,82586,automatic,unknown,unknown,unknown,nj
13900,2016,toyota,unknown,4,gas,129881,automatic,4wd,wagon,black,ny
13900,2013,dodge,unknown,6,gas,112089,other,rwd,coupe,black,fl
13900,2015,dodge,unknown,6,gas,156673,automatic,fwd,unknown,white,nm
13900,2015,kia,like new,4,gas,27910,automatic,fwd,sedan,brown,ma
13900,2016,dodge,good,6,gas,99950,automatic,unknown,mini-van,silver,ak
13900,2016,nissan,unknown,4,gas,80235,automatic,4wd,SUV,unknown,ma
13900,2015,toyota,unknown,4,gas,63222,automatic,fwd,sedan,black,fl
13900,2012,ford,good,6,gas,116000,automatic,4wd,truck,silver,ky
13900,2014,mercedes-benz,excellent,4,gas,96505,automatic,rwd,coupe,white,ca
13900,2015,dodge,unknown,6,gas,156673,automatic,fwd,unknown,white,ne
13900,2014,bmw,excellent,4,gas,79000,automatic,4wd,unknown,black,oh
13900,2013,toyota,excellent,6,gas,130000,automatic,fwd,sedan,white,ks
13900,2008,jeep,excellent,6,gas,187730,automatic,4wd,SUV,black,tx
13900,2011,toyota,good,8,gas,177401,automatic,rwd,truck,white,tn
13900,2014,chevrolet,excellent,6,gas,144166,automatic,fwd,unknown,black,nc
13900,2011,mercedes-benz,unknown,6,gas,120000,automatic,unknown,unknown,unknown,ny
13900,2015,buick,good,4,gas,61671,automatic,4wd,SUV,black,ky
13900,2009,ford,excellent,8,gas,155833,automatic,4wd,truck,red,ky
13900,2012,acura,unknown,6,gas,155344,automatic,unknown,SUV,unknown,ca
13906,2016,chevrolet,unknown,4,gas,33226,automatic,fwd,sedan,blue,tx
13910,2011,ford,unknown,6,gas,102149,automatic,4wd,SUV,black,tn
13913,2017,ford,unknown,4,gas,61744,automatic,fwd,unknown,red,ca
13919,2015,toyota,unknown,4,gas,103696,automatic,fwd,SUV,custom,tx
13928,1999,ford,unknown,8,unknown,146957,automatic,4wd,pickup,silver,or
13950,2017,nissan,unknown,4,gas,28709,automatic,4wd,SUV,black,id
13950,2013,toyota,excellent,4,gas,158774,automatic,4wd,SUV,silver,nc
13950,2008,gmc,excellent,8,gas,120116,automatic,4wd,SUV,brown,ca
13950,2012,dodge,like new,8,gas,150000,automatic,rwd,coupe,black,ca
13950,2016,kia,excellent,4,gas,94050,automatic,fwd,SUV,purple,in
13950,2013,toyota,like new,4,gas,111400,automatic,fwd,SUV,black,az
13950,2007,chevrolet,excellent,8,gas,135700,automatic,unknown,SUV,blue,fl
13975,2016,jeep,unknown,4,gas,75743,automatic,4wd,SUV,black,ny
13977,2015,subaru,good,4,gas,173648,automatic,4wd,sedan,blue,ia
13978,2016,kia,excellent,4,gas,71291,automatic,4wd,SUV,unknown,mt
13980,2012,audi,excellent,4,gas,105335,automatic,4wd,unknown,unknown,mt
13980,2009,ram,unknown,8,gas,114544,automatic,rwd,pickup,black,tx
13983,2015,bmw,unknown,4,gas,103000,automatic,unknown,unknown,unknown,mt
13988,2014,nissan,unknown,4,gas,36733,automatic,fwd,SUV,blue,fl
13988,2013,gmc,like new,6,gas,152055,automatic,unknown,unknown,unknown,ks
13990,2014,honda,unknown,4,gas,96858,automatic,unknown,coupe,white,md
13990,2015,jeep,like new,6,gas,112000,automatic,4wd,SUV,unknown,fl
13990,2013,ford,good,8,other,23916,other,fwd,wagon,white,ca
13990,2016,buick,unknown,4,gas,86620,automatic,fwd,unknown,blue,il
13990,2015,chevrolet,unknown,6,gas,9850,automatic,unknown,sedan,white,hi
13990,2009,chevrolet,excellent,8,gas,160817,automatic,4wd,pickup,blue,me
13990,2019,hyundai,good,4,gas,44225,automatic,fwd,sedan,black,ky
13990,2011,volkswagen,good,4,diesel,93883,automatic,fwd,wagon,unknown,ny
13990,2016,dodge,excellent,6,gas,98567,automatic,unknown,unknown,unknown,wi
13990,2008,chevrolet,unknown,8,gas,219000,automatic,4wd,unknown,unknown,mi
13990,2011,bmw,unknown,8,gas,93900,automatic,4wd,SUV,unknown,pa
13990,2014,ford,unknown,4,gas,92706,automatic,unknown,unknown,unknown,al
13990,2014,ford,excellent,4,gas,77546,automatic,unknown,SUV,unknown,wi
13990,2010,chevrolet,excellent,8,gas,154318,automatic,4wd,pickup,silver,vt
13990,2010,volvo,good,6,gas,87506,other,unknown,SUV,silver,ny
13991,2018,hyundai,good,4,other,106104,automatic,fwd,SUV,white,mo
13995,2017,toyota,excellent,4,gas,74795,automatic,4wd,sedan,black,ny
13995,2007,chevrolet,unknown,8,gas,120012,automatic,4wd,SUV,unknown,vt
13995,2015,bmw,unknown,4,gas,177846,automatic,4wd,wagon,grey,or
13995,2010,ram,good,8,gas,158615,automatic,rwd,pickup,white,nm
13995,2015,volkswagen,unknown,4,gas,94078,automatic,fwd,hatchback,unknown,co
13995,2012,buick,excellent,6,gas,65530,automatic,fwd,sedan,silver,tx
13995,2011,jeep,unknown,6,gas,147445,automatic,4wd,SUV,black,or
13995,2012,chevrolet,good,8,gas,143884,automatic,rwd,truck,white,ca
13995,2014,buick,excellent,4,gas,73000,automatic,4wd,SUV,white,ia
13995,2015,hyundai,good,4,gas,115098,automatic,fwd,sedan,black,wi
13995,2017,volkswagen,unknown,4,gas,27876,automatic,unknown,unknown,unknown,nj
13995,2015,chevrolet,unknown,6,gas,119935,automatic,fwd,sedan,silver,ca
13995,2017,nissan,like new,4,gas,61841,automatic,fwd,sedan,red,ma
13995,2007,gmc,excellent,8,gas,97753,automatic,4wd,unknown,white,id
13995,2004,ford,excellent,8,gas,61667,automatic,rwd,convertible,silver,ca
13995,2015,mazda,unknown,4,gas,91431,automatic,unknown,SUV,white,oh
13995,2010,bmw,unknown,8,gas,77255,automatic,4wd,SUV,white,id
13995,2013,rover,unknown,8,gas,143944,automatic,4wd,SUV,black,dc
13995,2015,volkswagen,like new,4,gas,118499,automatic,fwd,hatchback,white,nh
13995,2010,infiniti,unknown,8,gas,117000,automatic,4wd,unknown,unknown,pa
13995,2014,acura,good,6,gas,114669,automatic,fwd,sedan,black,mi
13995,2015,gmc,excellent,4,gas,120456,automatic,unknown,SUV,silver,ia
13995,2013,bmw,excellent,4,gas,77000,automatic,4wd,sedan,unknown,vt
13995,2015,nissan,unknown,6,gas,54607,automatic,4wd,SUV,blue,ia
13995,2017,dodge,unknown,4,gas,54105,automatic,fwd,SUV,unknown,id
13995,2012,audi,excellent,6,gas,105000,automatic,4wd,SUV,blue,ny
13995,2011,ford,excellent,8,gas,145000,automatic,4wd,pickup,black,oh
13995,2010,hyundai,unknown,6,gas,130821,unknown,unknown,other,black,il
13995,2008,ford,unknown,8,gas,42255,automatic,4wd,pickup,white,ia
13995,2013,mercedes-benz,excellent,4,gas,84896,automatic,rwd,sedan,black,ri
13995,2018,honda,unknown,4,gas,18144,automatic,unknown,unknown,unknown,ny
13995,2013,mini,excellent,4,gas,46150,manual,fwd,hatchback,red,az
13995,2007,lexus,unknown,8,gas,95159,automatic,fwd,sedan,unknown,fl
13995,2005,jaguar,unknown,8,gas,37526,automatic,rwd,coupe,red,id
13995,2012,audi,excellent,4,gas,99695,automatic,4wd,SUV,black,co
13995,2018,chevrolet,excellent,4,gas,90351,automatic,fwd,sedan,black,ca
13995,2017,nissan,unknown,6,gas,118677,automatic,fwd,sedan,grey,fl
13995,2017,nissan,unknown,6,gas,39091,automatic,fwd,sedan,white,ia
13995,2014,nissan,unknown,6,gas,62994,automatic,4wd,SUV,blue,ia
13995,2015,nissan,unknown,4,gas,85137,automatic,fwd,sedan,silver,mo
13995,2011,honda,unknown,4,gas,86325,automatic,4wd,SUV,black,or
13995,2013,gmc,excellent,8,gas,158000,automatic,4wd,SUV,silver,pa
13995,2013,ford,good,6,gas,123019,automatic,unknown,other,silver,ny
13995,2016,honda,unknown,4,gas,80545,automatic,fwd,sedan,black,id
13995,2016,jeep,unknown,4,gas,73629,automatic,fwd,SUV,blue,co
13995,2015,chevrolet,like new,4,gas,31432,automatic,fwd,sedan,grey,ca
13995,2015,nissan,unknown,4,gas,79841,automatic,4wd,hatchback,black,nd
13997,2011,ford,unknown,8,unknown,184624,manual,rwd,van,white,fl
13997,2010,subaru,unknown,6,gas,90915,automatic,4wd,wagon,grey,co
13998,2017,subaru,excellent,4,gas,81876,automatic,4wd,sedan,grey,vt
13998,2008,toyota,good,6,gas,181805,automatic,4wd,SUV,white,nm
13999,2010,lexus,excellent,6,gas,132250,automatic,4wd,SUV,white,mn
13999,2009,chevrolet,unknown,8,gas,124353,automatic,4wd,pickup,custom,id
13999,2012,dodge,unknown,6,gas,134000,automatic,unknown,unknown,unknown,ca
13999,2006,gmc,unknown,8,diesel,242000,automatic,4wd,unknown,unknown,ca
13999,2010,honda,good,4,gas,71584,automatic,unknown,SUV,grey,wa
13999,2017,ford,unknown,4,gas,72749,automatic,fwd,sedan,black,ca
13999,2015,ford,unknown,4,gas,72409,automatic,fwd,SUV,blue,wa
13999,2013,bmw,excellent,4,gas,88460,automatic,4wd,sedan,blue,ca
13999,2013,dodge,unknown,6,gas,150582,automatic,4wd,SUV,white,or
13999,2015,honda,unknown,4,gas,72830,automatic,unknown,sedan,black,oh
13999,2014,chevrolet,unknown,4,gas,69900,automatic,unknown,unknown,unknown,ca
13999,2015,mercedes-benz,like new,4,gas,85000,automatic,fwd,unknown,red,fl
13999,2012,kia,unknown,4,hybrid,64611,automatic,unknown,sedan,white,ca
13999,2014,mazda,excellent,6,gas,133054,automatic,fwd,SUV,white,tx
13999,2015,ford,unknown,8,gas,72409,automatic,fwd,SUV,blue,mt
13999,2014,honda,unknown,4,gas,105978,automatic,fwd,SUV,white,nc
13999,2011,honda,like new,6,gas,113000,automatic,4wd,SUV,brown,nj
13999,2017,kia,unknown,6,gas,97370,automatic,unknown,van,unknown,ca
13999,2015,ford,unknown,8,gas,128116,automatic,4wd,SUV,black,mt
13999,2017,subaru,unknown,4,gas,107757,automatic,4wd,sedan,white,ca
14000,2010,cadillac,unknown,8,other,158371,automatic,fwd,SUV,black,va
14000,1996,ford,excellent,8,gas,96000,manual,rwd,coupe,red,vt
14000,2014,jeep,excellent,4,gas,61500,automatic,4wd,SUV,grey,nh
14000,2014,subaru,good,4,gas,97000,automatic,4wd,SUV,white,ca
14000,1995,ram,unknown,6,diesel,205000,manual,unknown,unknown,unknown,wy
14000,2014,acura,excellent,6,gas,124000,automatic,4wd,SUV,white,ny
14000,2015,volkswagen,unknown,4,diesel,98500,automatic,fwd,hatchback,silver,tx
14000,2005,jeep,good,6,gas,101296,manual,4wd,offroad,blue,wa
14000,2019,fiat,excellent,4,gas,6888,automatic,unknown,hatchback,grey,ok
14000,2006,chevrolet,unknown,8,diesel,292395,automatic,4wd,unknown,red,sc
14000,2015,ford,excellent,4,gas,128000,automatic,rwd,coupe,custom,ca
14000,2016,honda,excellent,4,gas,62100,automatic,fwd,sedan,grey,ma
14000,1996,ram,excellent,6,diesel,235000,manual,4wd,pickup,white,va
14000,2014,volkswagen,good,4,diesel,92128,automatic,fwd,unknown,blue,ca
14000,2002,ford,like new,8,diesel,163800,automatic,rwd,pickup,white,nm
14000,2016,acura,good,4,gas,91269,automatic,unknown,sedan,grey,nj
14000,2012,bmw,excellent,6,gas,39000,automatic,rwd,convertible,white,ca
14000,2009,chevrolet,excellent,8,gas,151503,automatic,4wd,truck,red,ne
14000,2003,ram,excellent,8,gas,145000,automatic,4wd,pickup,grey,or
14000,2006,unknown,excellent,4,diesel,138000,automatic,unknown,unknown,unknown,nj
14065,2016,kia,unknown,4,gas,53998,automatic,unknown,unknown,unknown,tn
14069,2018,chevrolet,unknown,4,gas,48899,automatic,4wd,SUV,white,ky
14120,2017,chevrolet,unknown,4,gas,39177,automatic,4wd,SUV,white,oh
14133,2015,mitsubishi,excellent,4,gas,48039,automatic,fwd,SUV,red,tn
14197,2013,lexus,unknown,6,gas,119898,automatic,unknown,other,black,fl
14200,2015,chevrolet,excellent,6,gas,91000,automatic,fwd,SUV,unknown,mi
14200,2012,jeep,good,6,gas,112000,automatic,rwd,unknown,unknown,ca
14200,2017,ford,excellent,4,hybrid,51000,automatic,fwd,SUV,grey,wi
14200,2017,volkswagen,unknown,4,gas,96932,automatic,fwd,sedan,custom,or
14250,2011,nissan,excellent,8,gas,173196,automatic,4wd,truck,black,mt
14288,2014,honda,good,4,gas,141523,automatic,fwd,sedan,white,ca
14388,2015,hyundai,unknown,4,gas,72486,automatic,fwd,SUV,white,tn
14431,2017,chevrolet,unknown,4,gas,74572,automatic,unknown,sedan,blue,mi
14480,2014,jeep,unknown,6,gas,106000,automatic,4wd,SUV,green,oh
14490,2008,jeep,excellent,6,gas,103970,automatic,4wd,SUV,red,nd
14495,2014,mercedes-benz,unknown,6,gas,165632,automatic,rwd,sedan,white,il
14495,2015,toyota,like new,4,gas,56878,automatic,fwd,sedan,black,nj
14495,2016,honda,unknown,4,gas,41873,automatic,fwd,sedan,red,nj
14495,2012,ram,good,8,gas,142783,automatic,4wd,truck,silver,mn
14495,2017,chevrolet,unknown,4,gas,105124,automatic,unknown,unknown,unknown,mn
14495,2011,lexus,excellent,4,hybrid,50094,automatic,fwd,hatchback,yellow,or
14497,2014,honda,excellent,6,gas,80071,automatic,4wd,SUV,black,ma
14499,2016,nissan,unknown,4,gas,69870,automatic,fwd,wagon,grey,fl
14499,2008,toyota,unknown,6,gas,140723,automatic,4wd,SUV,black,md
14499,2014,bmw,excellent,4,gas,111000,automatic,unknown,coupe,white,fl
14499,2010,rover,excellent,8,gas,121600,automatic,4wd,unknown,unknown,id
14499,2008,honda,excellent,6,gas,68323,automatic,unknown,pickup,unknown,ct
14499,2020,hyundai,excellent,4,gas,13145,automatic,unknown,unknown,unknown,co
14499,2014,chevrolet,unknown,6,gas,79055,automatic,unknown,sedan,blue,hi
14499,2007,ford,excellent,6,gas,54080,automatic,unknown,pickup,black,ct
14500,2015,unknown,excellent,8,gas,183938,automatic,unknown,van,white,co
14500,2008,ford,excellent,8,gas,204000,automatic,4wd,pickup,white,nc
14500,2013,unknown,excellent,6,diesel,112000,automatic,rwd,truck,silver,az
14500,2002,ford,unknown,8,diesel,165000,automatic,unknown,unknown,unknown,az
14500,2009,porsche,unknown,6,gas,82274,automatic,4wd,SUV,white,nj
14500,2004,unknown,like new,8,gas,44000,automatic,rwd,coupe,black,ga
14500,2012,ford,good,8,gas,132000,automatic,rwd,truck,black,fl
14500,2003,unknown,good,8,gas,104000,automatic,4wd,SUV,white,mn
14500,2010,unknown,like new,6,diesel,112000,automatic,rwd,bus,yellow,tn
14500,2011,toyota,like new,4,gas,59777,automatic,fwd,sedan,silver,mn
14500,2017,chevrolet,unknown,4,gas,86813,automatic,fwd,sedan,unknown,ca
14500,2017,volkswagen,excellent,4,gas,68000,automatic,4wd,hatchback,silver,wi
14500,2004,ford,good,8,diesel,175000,automatic,4wd,pickup,red,ak
14500,2013,nissan,unknown,6,gas,103500,manual,unknown,unknown,unknown,tn
14500,2014,ford,excellent,4,gas,59000,automatic,fwd,sedan,black,oh
14500,2013,acura,excellent,6,gas,108100,automatic,4wd,SUV,red,oh
14500,2008,mazda,like new,4,gas,27385,manual,rwd,convertible,red,wi
14500,2017,ford,excellent,4,hybrid,42321,automatic,fwd,hatchback,unknown,ia
14500,2012,toyota,unknown,4,unknown,98567,automatic,4wd,SUV,black,pa
14500,2016,cadillac,like new,6,gas,60000,automatic,fwd,sedan,black,mi
14500,2016,hyundai,unknown,4,unknown,52197,automatic,fwd,sedan,grey,nj
14500,2016,mini,unknown,3,gas,42420,automatic,fwd,wagon,grey,ca
14500,2004,unknown,excellent,8,gas,173000,automatic,4wd,SUV,white,sc
14500,1995,mitsubishi,like new,4,diesel,136000,automatic,4wd,mini-van,black,nc
14555,2014,hyundai,unknown,4,gas,65475,automatic,fwd,SUV,silver,nj
14588,2012,ford,like new,8,gas,150000,automatic,unknown,unknown,unknown,tx
14590,2012,bmw,good,6,other,80465,other,unknown,coupe,black,ok
14590,2014,toyota,good,4,other,89981,automatic,fwd,hatchback,white,pa
14590,2012,bmw,good,6,other,80465,other,unknown,coupe,black,ny
14590,2012,bmw,good,6,other,80465,other,unknown,coupe,black,ky
14590,2012,kia,good,6,other,82307,other,fwd,SUV,silver,tx
14590,2012,hyundai,good,4,other,49704,other,fwd,coupe,white,mo
14590,2016,chevrolet,good,4,gas,82797,other,fwd,hatchback,black,tn
14590,2016,unknown,good,4,other,58041,other,unknown,sedan,red,tx
14590,2012,bmw,good,6,other,80465,other,unknown,coupe,black,mi
14590,2012,bmw,good,6,other,80465,other,unknown,coupe,black,oh
14599,2016,ford,unknown,4,gas,57014,automatic,fwd,sedan,white,nj
14599,2018,mitsubishi,unknown,4,gas,95392,automatic,fwd,SUV,blue,tx
14600,2005,unknown,like new,8,gas,35664,automatic,rwd,sedan,custom,me
14649,2015,dodge,unknown,6,gas,46906,automatic,fwd,unknown,unknown,fl
14685,2013,volkswagen,unknown,6,gas,96715,automatic,4wd,SUV,black,oh
14695,2014,chevrolet,excellent,6,gas,136477,automatic,4wd,unknown,black,ia
14695,2012,audi,unknown,4,gas,99418,automatic,unknown,SUV,blue,nj
14697,2015,honda,unknown,6,gas,146502,automatic,fwd,sedan,white,nc
14700,2018,infiniti,unknown,6,gas,26000,automatic,unknown,unknown,unknown,ca
14745,2015,gmc,good,6,gas,96092,automatic,fwd,SUV,grey,nc
14750,2014,chevrolet,unknown,8,other,137525,automatic,unknown,SUV,silver,ok
14750,2015,unknown,excellent,6,gas,81000,automatic,rwd,coupe,white,fl
14772,2016,ram,excellent,6,gas,113983,automatic,rwd,pickup,white,fl
14778,2014,bmw,like new,4,gas,108000,automatic,rwd,sedan,white,tx
14800,2011,chevrolet,unknown,8,gas,117768,automatic,fwd,van,white,ma
14800,2004,ford,good,8,gas,177786,automatic,unknown,van,white,or
14800,2014,cadillac,excellent,6,gas,129492,automatic,fwd,unknown,red,mn
14818,2017,kia,unknown,4,gas,99007,automatic,fwd,SUV,black,al
14823,2014,jeep,unknown,6,gas,94365,automatic,fwd,SUV,blue,ca
14843,2017,gmc,excellent,4,gas,51102,automatic,4wd,SUV,blue,mn
14848,2014,toyota,good,4,gas,113910,automatic,unknown,other,white,ca
14872,2013,toyota,unknown,6,other,134381,automatic,fwd,unknown,black,ms
14890,2015,chevrolet,excellent,8,gas,167675,automatic,rwd,van,white,ms
14895,2014,audi,good,4,other,93821,automatic,unknown,other,black,nj
14895,2019,nissan,unknown,4,gas,34970,automatic,fwd,sedan,blue,pa
14897,2012,jeep,unknown,6,gas,112510,other,rwd,SUV,silver,al
14899,2012,bmw,unknown,6,gas,45156,unknown,unknown,coupe,black,nj
14900,2002,ram,excellent,6,diesel,309260,automatic,4wd,unknown,unknown,tx
14900,2013,dodge,excellent,8,gas,60000,automatic,rwd,sedan,black,il
14900,2012,chevrolet,excellent,6,gas,98800,automatic,rwd,unknown,orange,fl
14900,2008,chevrolet,unknown,4,gas,130468,automatic,4wd,pickup,unknown,ia
14900,2014,toyota,unknown,4,hybrid,103002,automatic,fwd,wagon,unknown,ca
14900,2008,jeep,like new,6,gas,107000,automatic,4wd,SUV,black,tx
14900,2012,ram,good,8,gas,113478,automatic,rwd,truck,black,wi
14900,2015,nissan,unknown,6,gas,79200,automatic,unknown,unknown,unknown,sc
14900,2010,chevrolet,good,8,gas,179273,automatic,4wd,truck,grey,nc
14900,2002,ford,excellent,8,diesel,186000,automatic,rwd,truck,white,ut
14900,2010,ford,excellent,6,gas,123640,manual,4wd,pickup,grey,nj
14900,1999,lexus,good,8,gas,258000,automatic,4wd,SUV,black,ca
14900,2017,dodge,excellent,6,gas,89000,automatic,fwd,mini-van,white,mn
14900,2017,honda,excellent,4,gas,36123,automatic,fwd,unknown,blue,sc
14900,2018,kia,excellent,4,gas,45438,automatic,unknown,other,unknown,ca
14900,2012,ram,excellent,8,gas,159000,automatic,4wd,pickup,unknown,ia
14900,2007,toyota,unknown,6,gas,162000,automatic,unknown,unknown,unknown,va
14900,2010,ford,excellent,8,gas,118501,automatic,4wd,pickup,black,tx
14900,2016,ford,excellent,4,gas,129866,automatic,4wd,wagon,silver,me
14900,2016,nissan,unknown,8,diesel,62000,automatic,4wd,unknown,unknown,wa
14900,2014,cadillac,good,6,gas,115000,automatic,fwd,unknown,black,mi
14901,2010,gmc,unknown,8,gas,158723,automatic,unknown,unknown,unknown,tn
14903,2016,ford,excellent,6,gas,215306,automatic,unknown,unknown,white,fl
14914,2015,kia,unknown,4,gas,71512,automatic,fwd,SUV,red,ca
14917,2014,chevrolet,unknown,6,gas,94675,automatic,fwd,SUV,custom,fl
14950,2015,kia,like new,4,gas,70000,automatic,fwd,unknown,grey,il
14950,2016,kia,unknown,4,gas,63722,automatic,unknown,unknown,unknown,wi
14950,2010,honda,unknown,6,gas,113000,automatic,fwd,pickup,unknown,sc
14950,2012,ram,excellent,8,gas,109000,automatic,4wd,truck,blue,oh
14950,2016,toyota,unknown,4,gas,85690,automatic,rwd,pickup,white,la
14950,2013,honda,like new,4,gas,29000,automatic,4wd,SUV,blue,ny
14975,2008,chevrolet,excellent,8,gas,182000,automatic,4wd,truck,brown,ca
14977,2007,toyota,good,6,gas,179586,automatic,4wd,unknown,unknown,wi
14984,2015,chevrolet,unknown,4,gas,75875,automatic,fwd,sedan,unknown,ky
14988,2014,bmw,unknown,4,gas,101528,automatic,unknown,unknown,unknown,ks
14988,2012,chevrolet,good,8,gas,174354,automatic,4wd,van,black,mi
14988,2018,hyundai,excellent,4,gas,34918,automatic,unknown,hatchback,unknown,ca
14988,2018,hyundai,excellent,4,gas,77644,automatic,unknown,sedan,unknown,nj
14989,2012,audi,unknown,6,diesel,164360,automatic,unknown,SUV,white,al
14990,2013,ford,good,8,other,40332,other,fwd,wagon,white,pa
14990,2012,ford,good,8,gas,67820,automatic,rwd,truck,white,de
14990,2001,toyota,unknown,6,gas,170884,automatic,fwd,pickup,white,or
14990,2019,mitsubishi,good,4,gas,10443,other,fwd,sedan,black,ny
14990,2008,toyota,unknown,6,other,165607,unknown,4wd,wagon,black,vt
14990,2016,volkswagen,good,4,gas,35415,other,fwd,sedan,unknown,in
14990,2012,ford,good,8,gas,67820,automatic,rwd,truck,white,ny
14990,2012,honda,good,4,gas,32960,other,fwd,hatchback,unknown,ri
14990,2014,buick,good,4,other,60451,other,unknown,SUV,brown,ca
14990,2013,cadillac,good,6,gas,83745,automatic,fwd,SUV,brown,mn
14990,2013,cadillac,good,6,gas,83745,automatic,fwd,SUV,brown,nd
14990,2012,lexus,good,6,other,86712,automatic,fwd,hatchback,unknown,oh
14991,2017,ford,unknown,6,gas,65788,automatic,fwd,sedan,white,tx
14991,2013,infiniti,unknown,6,gas,140032,automatic,rwd,unknown,black,sc
14995,2009,chevrolet,good,8,gas,107053,automatic,4wd,truck,blue,ct
14995,2012,nissan,good,6,gas,77644,automatic,4wd,truck,black,ct
14995,2014,mercedes-benz,unknown,4,gas,91459,automatic,fwd,sedan,grey,fl
14995,2012,chevrolet,unknown,4,gas,156909,automatic,4wd,pickup,white,ny
14995,2019,hyundai,unknown,4,gas,34355,automatic,unknown,sedan,silver,id
14995,2010,lexus,unknown,4,gas,72145,automatic,rwd,unknown,unknown,wi
14995,2017,dodge,unknown,6,gas,86879,automatic,unknown,hatchback,green,ma
14995,2011,nissan,unknown,8,gas,117000,automatic,4wd,SUV,unknown,vt
14995,2016,hyundai,like new,4,hybrid,98000,automatic,fwd,sedan,black,ga
14995,2012,jeep,unknown,8,gas,101000,automatic,unknown,unknown,unknown,ny
14995,2005,gmc,unknown,8,gas,172404,automatic,rwd,unknown,unknown,fl
14995,2014,gmc,unknown,6,gas,149492,automatic,unknown,SUV,white,ok
14995,2018,jeep,unknown,4,gas,51409,automatic,unknown,unknown,unknown,nj
14995,2018,ford,like new,4,gas,69545,automatic,fwd,hatchback,grey,ma
14995,2008,ford,unknown,8,gas,107000,automatic,unknown,unknown,unknown,ma
14995,2008,toyota,unknown,8,gas,182143,automatic,4wd,pickup,custom,ak
14995,2013,bmw,excellent,6,gas,81918,automatic,rwd,unknown,unknown,or
14995,2018,honda,unknown,4,gas,29000,manual,fwd,coupe,black,az
14995,2011,porsche,excellent,6,gas,167465,automatic,4wd,unknown,grey,ok
14995,2012,mercedes-benz,excellent,6,gas,95295,automatic,4wd,sedan,grey,wi
14995,2010,ram,excellent,8,gas,175567,automatic,4wd,truck,black,in
14995,2014,chevrolet,unknown,4,hybrid,112615,automatic,fwd,hatchback,black,ca
14995,2010,chevrolet,like new,8,gas,181000,automatic,unknown,unknown,unknown,ct
14995,2008,toyota,good,6,gas,144000,automatic,rwd,pickup,red,tn
14995,2014,toyota,excellent,4,gas,58070,automatic,fwd,SUV,silver,mn
14995,2012,chrysler,excellent,8,gas,105,automatic,unknown,sedan,silver,ma
14995,2007,jeep,excellent,6,gas,187350,automatic,4wd,SUV,green,nj
14995,2010,ford,unknown,8,gas,132094,automatic,rwd,unknown,unknown,sc
14995,2015,dodge,excellent,6,gas,85000,automatic,4wd,hatchback,black,mi
14995,2014,bmw,excellent,4,gas,79944,automatic,rwd,sedan,grey,tx
14995,2013,toyota,unknown,4,gas,146016,automatic,4wd,wagon,black,ca
14995,2014,mercedes-benz,good,4,gas,89715,automatic,rwd,sedan,white,ca
14995,2016,ford,excellent,4,gas,113500,automatic,4wd,SUV,red,mi
14995,2016,jeep,unknown,6,gas,122807,automatic,unknown,unknown,unknown,ny
14995,2010,toyota,excellent,6,gas,193000,automatic,4wd,pickup,black,vt
14995,2015,ford,good,4,gas,53797,automatic,fwd,SUV,red,wi
14995,2017,toyota,unknown,4,hybrid,124153,automatic,fwd,sedan,black,co
14995,2014,ford,excellent,6,gas,160000,automatic,rwd,truck,white,ca
14995,2017,honda,excellent,4,gas,49084,automatic,fwd,hatchback,grey,ky
14995,2010,ford,unknown,8,gas,98000,automatic,unknown,unknown,unknown,pa
14995,2010,mercedes-benz,excellent,6,gas,128053,automatic,rwd,SUV,purple,tx
14995,2014,jeep,like new,6,gas,79800,automatic,4wd,SUV,black,me
14995,2011,mercedes-benz,unknown,6,gas,94040,automatic,unknown,sedan,black,ca
14995,2013,bmw,unknown,6,gas,99135,automatic,unknown,sedan,blue,tx
14995,2008,chevrolet,unknown,8,gas,130000,automatic,unknown,unknown,unknown,nc
14995,2012,ram,unknown,8,gas,162773,automatic,unknown,unknown,unknown,sc
14995,2011,gmc,excellent,8,gas,148700,automatic,4wd,pickup,white,ri
14996,2017,kia,unknown,4,gas,74738,automatic,fwd,SUV,black,fl
14997,2005,toyota,excellent,6,gas,73449,automatic,4wd,pickup,red,va
14997,2014,nissan,unknown,6,gas,93283,automatic,4wd,SUV,unknown,wi
14997,2018,ford,excellent,4,gas,66099,automatic,fwd,SUV,unknown,tn
14997,2015,mazda,excellent,4,gas,110450,automatic,fwd,SUV,blue,ok
14997,2009,chevrolet,good,8,gas,143923,automatic,rwd,pickup,white,mi
14998,2010,chevrolet,unknown,8,gas,154684,automatic,4wd,unknown,unknown,mt
14998,2013,bmw,unknown,4,gas,81671,automatic,4wd,sedan,black,md
14998,2014,subaru,unknown,4,gas,63497,automatic,unknown,sedan,silver,wa
14998,2016,ford,good,6,gas,136123,automatic,rwd,truck,black,ar
14999,2013,bmw,good,4,gas,70957,automatic,unknown,SUV,unknown,wa
14999,2012,chevrolet,excellent,8,hybrid,144395,automatic,4wd,truck,white,az
14999,2010,audi,unknown,4,diesel,156355,automatic,unknown,SUV,black,tn
14999,2009,chevrolet,excellent,8,gas,188959,automatic,4wd,pickup,white,nc
14999,2013,chevrolet,excellent,8,gas,99570,automatic,rwd,convertible,black,az
14999,2016,kia,unknown,4,gas,49262,automatic,unknown,unknown,black,tn
14999,2001,unknown,fair,8,diesel,94000,manual,rwd,truck,white,az
14999,2009,ford,unknown,8,other,144906,automatic,unknown,van,white,wi
14999,2003,mercedes-benz,good,8,gas,67904,automatic,rwd,unknown,unknown,wa
14999,2016,chevrolet,like new,4,gas,67512,automatic,4wd,SUV,black,ia
14999,2002,porsche,excellent,6,gas,81675,automatic,rwd,convertible,black,or
15000,2010,mercedes-benz,unknown,6,gas,74000,automatic,unknown,unknown,unknown,ny
15000,2014,audi,excellent,4,gas,93839,automatic,unknown,sedan,white,ny
15000,2005,gmc,good,8,gas,121804,automatic,rwd,unknown,grey,ca
15000,2013,volkswagen,excellent,4,gas,72000,manual,4wd,coupe,red,ma
15000,1999,ford,excellent,8,diesel,220000,manual,4wd,truck,white,pa
15000,2016,buick,excellent,6,gas,50087,automatic,4wd,sedan,unknown,ky
15000,2000,chevrolet,excellent,8,gas,61500,automatic,unknown,unknown,unknown,nc
15000,2005,ram,good,6,diesel,307000,automatic,4wd,pickup,custom,il
15000,2006,ford,good,8,diesel,155000,automatic,4wd,truck,unknown,tx
15000,1995,gmc,fair,8,diesel,265000,manual,rwd,unknown,white,oh
15000,1999,ford,good,10,gas,62300,automatic,4wd,truck,unknown,pa
15000,2010,gmc,good,8,gas,145000,automatic,4wd,pickup,silver,or
15000,2006,ram,good,8,gas,144000,automatic,4wd,unknown,silver,ca
15000,2005,chevrolet,unknown,8,gas,115532,automatic,unknown,unknown,unknown,ca
15000,2012,gmc,like new,6,gas,60000,automatic,4wd,SUV,blue,ca
15000,2001,chevrolet,excellent,8,diesel,122000,automatic,4wd,truck,red,ma
15000,1999,jeep,excellent,6,gas,69349,manual,4wd,convertible,custom,va
15000,2001,porsche,excellent,6,gas,157000,automatic,unknown,unknown,blue,ca
15000,2010,rover,excellent,8,gas,73631,automatic,rwd,SUV,brown,fl
15000,2006,chevrolet,unknown,8,gas,199604,automatic,4wd,truck,blue,ca
15000,2019,kia,like new,4,gas,3000,automatic,fwd,sedan,red,nh
15000,2010,mitsubishi,unknown,4,gas,72500,automatic,unknown,unknown,unknown,mt
15000,2002,jeep,excellent,8,gas,145000,automatic,4wd,unknown,white,ca
15000,2008,pontiac,excellent,8,gas,132000,automatic,unknown,unknown,unknown,wi
15000,2007,toyota,excellent,6,gas,154000,automatic,4wd,SUV,grey,wa
15099,2016,ford,unknown,6,gas,59163,automatic,fwd,sedan,black,mn
15172,2019,toyota,good,4,other,32742,other,fwd,sedan,black,co
15249,2013,mercedes-benz,excellent,6,gas,51120,automatic,4wd,sedan,black,co
15288,2017,ford,unknown,4,other,13752,automatic,unknown,hatchback,white,co
15295,2013,cadillac,unknown,6,gas,78000,automatic,unknown,unknown,unknown,fl
15299,2015,audi,like new,4,gas,102000,automatic,4wd,sedan,silver,me
15300,2015,chevrolet,like new,6,gas,94000,automatic,rwd,coupe,white,ia
15300,2012,chevrolet,good,8,gas,129500,automatic,4wd,truck,silver,oh
15394,2015,ford,unknown,4,gas,53469,manual,fwd,hatchback,custom,wa
15400,2015,jeep,excellent,4,gas,66000,automatic,4wd,SUV,custom,fl
15449,2019,mitsubishi,unknown,4,gas,76670,automatic,4wd,wagon,unknown,id
15450,2014,toyota,unknown,6,gas,64671,automatic,fwd,pickup,white,fl
15472,2010,lexus,unknown,6,gas,92415,automatic,unknown,other,white,oh
15485,2012,gmc,good,6,gas,107744,automatic,4wd,SUV,white,mt
15489,2016,jeep,excellent,4,gas,61784,automatic,4wd,SUV,red,il
15495,2016,jeep,good,4,gas,114117,automatic,4wd,SUV,white,co
15495,2006,dodge,unknown,8,gas,159979,automatic,rwd,wagon,black,oh
15495,2016,infiniti,like new,6,gas,999,automatic,rwd,SUV,silver,tx
15495,2011,ford,good,6,gas,78000,automatic,4wd,truck,blue,pa
15495,2014,acura,like new,6,gas,95000,automatic,4wd,sedan,grey,la
15495,2018,nissan,unknown,4,unknown,60272,automatic,rwd,unknown,black,oh
15495,2004,ford,excellent,8,diesel,149500,automatic,4wd,truck,blue,fl
15495,2011,chevrolet,unknown,8,other,123655,automatic,4wd,truck,blue,ct
15499,2016,chevrolet,unknown,4,gas,65373,automatic,fwd,unknown,grey,mn
15499,2014,jeep,excellent,4,gas,74000,automatic,4wd,SUV,black,wi
15500,1998,ram,excellent,6,diesel,175027,automatic,4wd,truck,white,nm
15500,2015,kia,unknown,6,gas,118000,automatic,unknown,unknown,unknown,co
15500,2013,bmw,unknown,6,gas,152758,automatic,unknown,unknown,unknown,nj
15500,2013,ford,unknown,8,gas,198957,automatic,4wd,unknown,silver,mi
15500,2013,chevrolet,good,8,gas,199000,automatic,4wd,SUV,black,mi
15500,2015,audi,excellent,4,gas,50000,automatic,unknown,sedan,black,ks
15500,2012,unknown,excellent,6,gas,99316,automatic,unknown,SUV,black,ca
15500,2016,nissan,excellent,6,gas,55000,automatic,fwd,unknown,white,md
15500,2012,honda,unknown,6,gas,59000,automatic,unknown,unknown,unknown,mi
15500,2013,ford,excellent,8,gas,155103,automatic,rwd,truck,white,pa
15500,2015,ford,good,6,gas,146534,automatic,fwd,wagon,silver,fl
15500,2013,ford,excellent,6,gas,104000,automatic,rwd,unknown,white,ca
15500,2019,volkswagen,like new,4,gas,7300,automatic,fwd,sedan,white,hi
15500,2015,subaru,excellent,4,gas,94996,automatic,4wd,SUV,unknown,il
15500,2013,infiniti,like new,6,gas,57456,automatic,4wd,sedan,white,pa
15500,2015,subaru,excellent,4,gas,94996,automatic,4wd,SUV,unknown,wi
15500,2015,toyota,excellent,4,gas,77400,automatic,unknown,unknown,silver,wi
15500,2009,chevrolet,excellent,8,hybrid,89000,automatic,fwd,SUV,black,mi
15500,1998,unknown,unknown,8,diesel,258848,manual,unknown,unknown,unknown,tn
15500,2014,audi,unknown,4,gas,124000,automatic,unknown,unknown,unknown,oh
15500,2015,toyota,excellent,4,hybrid,51720,automatic,fwd,sedan,silver,ca
15500,2017,toyota,like new,4,gas,32000,automatic,fwd,sedan,white,ky
15500,2018,chevrolet,unknown,4,gas,53763,automatic,fwd,sedan,white,ia
15588,2013,acura,unknown,6,gas,79710,automatic,unknown,SUV,silver,ma
15590,2011,buick,good,6,other,40374,other,fwd,sedan,white,ma
15590,2015,hyundai,good,4,gas,32182,automatic,fwd,sedan,unknown,tx
15590,2015,nissan,good,4,gas,63911,other,fwd,hatchback,white,ca
15590,2013,acura,good,6,other,62370,automatic,fwd,sedan,black,ca
15590,2010,honda,good,6,hybrid,57754,other,fwd,coupe,black,ca
15590,2016,chevrolet,good,8,gas,7076,automatic,fwd,sedan,blue,sc
15590,2016,chevrolet,good,4,gas,69316,other,fwd,sedan,silver,ny
15590,2013,acura,good,6,other,69626,other,fwd,sedan,unknown,mi
15590,2012,mitsubishi,good,4,gas,55110,automatic,4wd,SUV,blue,al
15590,2018,ford,good,6,gas,15099,other,fwd,sedan,silver,co
15590,2020,hyundai,good,4,gas,18336,automatic,fwd,sedan,red,ks
15590,2017,volkswagen,good,4,gas,44116,automatic,fwd,sedan,blue,mo
15590,2013,toyota,good,4,gas,82700,other,fwd,wagon,silver,pa
15590,2016,chevrolet,good,8,gas,7076,automatic,fwd,sedan,blue,ma
15590,2012,toyota,good,4,other,31907,other,unknown,sedan,silver,nv
15590,2010,bmw,good,6,gas,70955,other,rwd,convertible,black,tn
15590,2014,nissan,good,6,gas,60022,automatic,fwd,sedan,red,md
15590,2011,hyundai,good,8,gas,75547,other,rwd,sedan,silver,wi
15590,2016,chevrolet,good,8,gas,45387,other,fwd,sedan,white,mi
15590,2016,unknown,good,4,gas,32573,other,fwd,hatchback,green,ok
15590,2013,toyota,good,4,other,88506,other,fwd,wagon,unknown,tx
15590,2013,toyota,good,4,hybrid,54844,other,fwd,hatchback,green,tn
15590,2020,hyundai,good,4,gas,18336,automatic,fwd,sedan,red,mn
15590,2013,volkswagen,good,4,gas,67547,other,fwd,sedan,unknown,ca
15595,2014,ford,unknown,6,other,102292,automatic,unknown,pickup,unknown,mo
15599,2015,jeep,unknown,6,gas,59067,automatic,4wd,SUV,black,ma
15685,2015,buick,unknown,6,gas,56334,automatic,unknown,sedan,unknown,tn
15689,2017,ford,unknown,4,gas,69166,automatic,fwd,sedan,black,tn
15699,2014,gmc,excellent,6,gas,105189,automatic,fwd,SUV,white,oh
15700,2013,bmw,excellent,4,gas,69523,automatic,4wd,SUV,custom,nm
15718,2018,nissan,excellent,4,gas,10931,automatic,fwd,sedan,silver,ia
15744,2013,chevrolet,unknown,8,gas,183061,automatic,4wd,truck,black,mi
15750,2018,ford,unknown,4,gas,59221,automatic,fwd,sedan,unknown,tx
15793,2015,ford,excellent,4,gas,101169,automatic,4wd,SUV,silver,tn
15798,2012,jeep,unknown,8,gas,126677,automatic,4wd,SUV,black,wa
15800,2018,mazda,good,4,gas,42000,automatic,fwd,unknown,white,wa
15800,2015,honda,unknown,6,gas,150000,automatic,unknown,unknown,unknown,ok
15800,2013,ford,excellent,6,gas,95900,automatic,rwd,unknown,yellow,oh
15800,2016,chevrolet,unknown,8,gas,159600,automatic,unknown,unknown,white,mi
15818,2017,chevrolet,unknown,8,gas,41778,automatic,fwd,sedan,red,id
15823,2017,kia,like new,4,gas,74088,automatic,4wd,SUV,brown,ca
15874,2015,dodge,unknown,4,gas,84885,automatic,fwd,SUV,black,or
15875,2014,infiniti,unknown,6,gas,120793,automatic,unknown,sedan,silver,mn
15877,2019,honda,like new,4,gas,48500,automatic,fwd,SUV,orange,tx
15890,2015,gmc,excellent,8,gas,181006,automatic,rwd,van,white,fl
15895,2011,chevrolet,unknown,8,gas,138000,automatic,unknown,unknown,unknown,ne
15895,2016,chevrolet,like new,4,gas,67507,automatic,4wd,SUV,unknown,ny
15895,2011,chevrolet,unknown,8,gas,138000,automatic,unknown,unknown,unknown,co
15898,2014,ford,unknown,6,gas,102777,automatic,4wd,SUV,white,mn
15900,2013,ford,unknown,8,gas,155000,automatic,unknown,unknown,unknown,ca
15900,2017,ford,unknown,6,gas,80000,automatic,unknown,unknown,unknown,nm
15900,2012,gmc,excellent,8,gas,65000,automatic,4wd,pickup,white,il
15900,2011,ford,unknown,6,gas,157698,automatic,4wd,unknown,unknown,wy
15900,2007,lincoln,excellent,8,gas,141089,automatic,rwd,truck,white,tn
15900,2014,chrysler,excellent,6,gas,98425,automatic,fwd,unknown,silver,mn
15900,2013,chevrolet,excellent,6,gas,112000,automatic,rwd,convertible,white,il
15900,2015,mazda,excellent,4,gas,89700,automatic,fwd,SUV,silver,nv
15900,2013,cadillac,like new,6,gas,109633,automatic,fwd,sedan,grey,fl
15900,2019,hyundai,unknown,4,gas,24319,automatic,fwd,sedan,grey,il
15900,2014,honda,unknown,4,gas,76802,automatic,fwd,sedan,black,tx
15900,2014,toyota,excellent,6,gas,189451,automatic,fwd,mini-van,grey,tn
15900,2012,jeep,excellent,6,gas,112935,automatic,4wd,SUV,black,tn
15900,2016,jeep,excellent,6,gas,55441,automatic,fwd,unknown,unknown,az
15900,2009,ford,good,8,gas,115000,automatic,4wd,truck,silver,mt
15900,2013,toyota,unknown,4,other,91500,unknown,unknown,coupe,black,fl
15900,2015,nissan,excellent,6,gas,106056,automatic,fwd,SUV,unknown,fl
15900,2014,ford,unknown,4,gas,91000,manual,fwd,unknown,unknown,il
15900,2017,jeep,unknown,4,gas,51698,automatic,4wd,SUV,blue,fl
15900,2015,chrysler,unknown,6,other,106072,automatic,unknown,sedan,white,ca
15917,2016,chevrolet,unknown,4,gas,34217,automatic,fwd,sedan,white,tx
15921,2016,nissan,excellent,4,gas,51468,automatic,unknown,unknown,unknown,ok
15921,2018,chevrolet,good,4,gas,34475,automatic,fwd,sedan,unknown,wa
15937,2011,ford,unknown,8,gas,163000,automatic,unknown,unknown,unknown,va
15950,2015,chevrolet,excellent,4,gas,103415,automatic,rwd,unknown,unknown,tx
15950,2011,toyota,unknown,6,gas,195416,automatic,rwd,SUV,white,al
15950,2013,chevrolet,excellent,6,gas,92142,automatic,4wd,SUV,grey,ak
15950,2011,unknown,like new,8,gas,108000,automatic,4wd,SUV,black,fl
15950,2015,hyundai,excellent,4,gas,47727,automatic,fwd,sedan,brown,ca
15962,2020,toyota,excellent,4,gas,22650,other,unknown,sedan,unknown,oh
15974,2015,chevrolet,unknown,4,gas,78496,automatic,4wd,SUV,custom,tx
15977,2014,nissan,excellent,4,gas,58457,automatic,4wd,SUV,white,ca
15981,2012,infiniti,unknown,6,gas,60762,automatic,rwd,sedan,grey,ca
15985,2015,mini,unknown,4,gas,48360,automatic,unknown,hatchback,blue,tx
15987,2019,mitsubishi,excellent,4,gas,46812,automatic,fwd,SUV,unknown,ok
15988,2004,unknown,like new,6,gas,178607,automatic,4wd,unknown,unknown,ca
15988,2012,ram,like new,8,gas,149440,automatic,4wd,unknown,unknown,ks
15988,2008,lexus,unknown,8,gas,74030,automatic,unknown,unknown,unknown,ks
15988,2012,ram,like new,8,gas,149440,automatic,4wd,unknown,unknown,tx
15988,2017,hyundai,unknown,4,gas,55016,automatic,unknown,sedan,silver,ca
15990,2010,ford,good,6,gas,48055,other,unknown,pickup,silver,tn
15990,2017,ford,good,4,electric,15884,other,fwd,hatchback,black,fl
15990,2018,kia,good,4,other,20080,other,fwd,wagon,white,ny
15990,2017,nissan,good,4,other,19148,other,fwd,sedan,white,ca
15990,2014,volvo,good,6,gas,46169,other,fwd,sedan,white,fl
15990,2012,dodge,good,6,gas,83617,automatic,rwd,coupe,silver,oh
15990,2015,volkswagen,good,4,gas,75780,other,fwd,sedan,white,dc
15990,2016,unknown,good,4,gas,40668,other,fwd,hatchback,red,ky
15990,2017,volkswagen,good,4,gas,20667,automatic,fwd,sedan,blue,ca
15990,2017,ford,good,8,hybrid,48195,other,fwd,wagon,blue,dc
15990,2016,unknown,good,4,gas,40668,other,fwd,hatchback,red,nc
15990,2017,ford,good,8,hybrid,48195,other,fwd,wagon,blue,ks
15990,2012,lincoln,good,6,hybrid,53270,other,fwd,sedan,white,il
15990,2017,ford,good,8,gas,43168,automatic,fwd,sedan,black,nm
15990,2016,kia,good,4,gas,12508,other,fwd,wagon,silver,ny
15990,2014,hyundai,excellent,4,gas,96762,automatic,4wd,SUV,unknown,ca
15990,2012,audi,good,4,gas,87295,other,unknown,sedan,black,ma
15990,2015,toyota,good,4,gas,42121,other,fwd,sedan,green,wy
15990,2016,ford,good,8,hybrid,31911,automatic,fwd,wagon,unknown,nm
15990,2017,nissan,excellent,4,gas,62029,automatic,unknown,sedan,unknown,ca
15990,2017,jeep,good,6,gas,64655,automatic,fwd,other,silver,ga
15990,2015,mazda,good,6,gas,98754,automatic,4wd,unknown,grey,pa
15990,2013,mini,good,4,gas,36382,other,fwd,hatchback,black,sc
15990,2016,unknown,good,4,gas,29652,other,fwd,hatchback,blue,pa
15990,2016,unknown,good,4,gas,34439,other,fwd,hatchback,green,sc
15990,2010,ford,good,6,gas,48055,other,unknown,pickup,silver,ma
15990,2015,volvo,good,6,gas,71782,other,fwd,sedan,black,fl
15990,2014,hyundai,good,4,gas,18491,other,fwd,sedan,silver,ca
15990,2014,gmc,excellent,6,gas,128834,automatic,4wd,SUV,silver,mn
15990,2014,toyota,good,4,hybrid,44298,other,fwd,hatchback,blue,nc
15990,2020,mitsubishi,good,4,gas,11852,other,fwd,hatchback,red,tx
15990,2017,volkswagen,good,4,gas,20667,automatic,fwd,sedan,blue,ny
15991,2014,nissan,excellent,6,gas,102942,automatic,unknown,wagon,grey,ny
15994,2014,ford,good,8,gas,105851,automatic,rwd,van,white,nc
15995,2018,chevrolet,like new,4,gas,20843,automatic,4wd,SUV,black,vt
15995,2001,ford,unknown,8,diesel,147053,automatic,4wd,pickup,green,il
15995,2017,kia,unknown,4,gas,965,automatic,fwd,sedan,blue,wi
15995,2008,toyota,excellent,8,gas,83000,automatic,4wd,pickup,white,me
15995,2014,chrysler,unknown,6,gas,106258,automatic,unknown,sedan,unknown,va
15995,2013,honda,unknown,4,unknown,77777,automatic,fwd,sedan,silver,ut
15995,2011,chevrolet,unknown,8,other,145446,automatic,unknown,other,silver,pa
15995,2005,ford,unknown,8,gas,16000,automatic,4wd,pickup,green,ny
15995,2017,toyota,excellent,4,gas,77000,automatic,fwd,truck,white,nv
15995,2018,dodge,excellent,6,gas,54830,automatic,fwd,mini-van,unknown,mn
15995,2013,lexus,like new,6,gas,134406,automatic,fwd,SUV,silver,fl
15995,2018,kia,unknown,4,gas,25986,automatic,fwd,sedan,blue,id
15995,2010,acura,unknown,6,gas,71883,automatic,4wd,SUV,grey,id
15995,2013,bmw,unknown,6,gas,68694,automatic,unknown,SUV,white,tx
15995,2013,rover,excellent,8,gas,125096,automatic,unknown,SUV,grey,va
15995,2017,nissan,good,4,gas,71372,automatic,fwd,other,unknown,ca
15995,2017,toyota,like new,4,gas,61500,automatic,fwd,sedan,black,id
15995,2019,kia,excellent,4,gas,49237,automatic,fwd,sedan,silver,il
15995,2008,ford,excellent,8,diesel,251667,automatic,4wd,pickup,unknown,tx
15995,2018,hyundai,like new,4,gas,21238,automatic,fwd,sedan,black,fl
15995,2012,chevrolet,unknown,8,gas,100160,automatic,unknown,convertible,silver,dc
15995,2013,toyota,good,6,gas,116346,automatic,unknown,van,silver,mo
15995,2014,ford,unknown,4,gas,71784,automatic,4wd,SUV,silver,or
15995,2012,mercedes-benz,unknown,4,gas,55000,automatic,unknown,sedan,red,ca
15995,2011,bmw,unknown,8,gas,86701,automatic,unknown,sedan,silver,dc
15995,2015,nissan,excellent,6,gas,61123,automatic,4wd,SUV,blue,sc
15995,2016,buick,unknown,6,gas,26372,automatic,fwd,sedan,blue,ia
15995,2015,audi,like new,4,gas,114490,automatic,4wd,sedan,black,ny
15995,2011,chevrolet,unknown,8,gas,99731,automatic,unknown,unknown,unknown,wv
15995,2013,bmw,excellent,6,gas,46000,automatic,rwd,coupe,black,sc
15995,2017,chevrolet,excellent,4,gas,33384,automatic,4wd,SUV,white,ia
15995,2015,honda,excellent,6,gas,145006,automatic,4wd,SUV,white,id
15995,2017,hyundai,excellent,4,gas,40243,automatic,fwd,sedan,black,or
15995,2016,nissan,unknown,4,gas,21915,automatic,unknown,SUV,red,ia
15995,2015,honda,unknown,4,gas,65261,automatic,unknown,other,unknown,ca
15995,2014,honda,good,4,gas,94417,automatic,4wd,wagon,white,wi
15995,2005,gmc,unknown,6,diesel,70871,automatic,rwd,unknown,white,oh
15995,2014,audi,good,6,gas,49012,automatic,unknown,sedan,unknown,wa
15996,2013,ford,unknown,6,gas,92727,automatic,unknown,SUV,silver,tx
15997,2015,lexus,good,6,gas,122551,automatic,unknown,SUV,unknown,nc
15997,2018,subaru,good,4,gas,87168,automatic,4wd,SUV,white,mi
15998,2020,volkswagen,unknown,4,gas,5784,manual,fwd,unknown,white,wa
15998,2013,toyota,unknown,4,gas,81851,automatic,4wd,SUV,custom,nv
15998,2017,chevrolet,unknown,4,gas,71207,automatic,fwd,unknown,unknown,ok
15998,2014,chevrolet,excellent,6,gas,111376,automatic,rwd,coupe,yellow,fl
15999,2007,chevrolet,excellent,8,gas,148871,automatic,4wd,SUV,white,ca
15999,2014,bmw,good,4,gas,51453,automatic,unknown,sedan,unknown,wa
15999,2012,mercedes-benz,excellent,6,gas,109002,automatic,unknown,SUV,silver,or
15999,2018,toyota,unknown,4,hybrid,104494,automatic,fwd,hatchback,blue,al
15999,2010,toyota,unknown,6,gas,128742,automatic,4wd,SUV,silver,wa
15999,2016,chevrolet,unknown,4,gas,61338,automatic,unknown,sedan,unknown,wa
15999,2011,ford,excellent,8,gas,152711,automatic,4wd,SUV,white,or
15999,2009,ford,good,8,gas,104752,other,rwd,truck,grey,fl
15999,2011,ford,good,6,gas,151300,manual,4wd,truck,grey,mi
15999,2007,cadillac,unknown,8,gas,121568,automatic,4wd,unknown,unknown,ca
15999,2016,ram,excellent,4,gas,86626,automatic,unknown,van,unknown,ca
15999,2015,volkswagen,unknown,4,gas,62417,automatic,4wd,SUV,red,tn
16000,2014,audi,good,4,gas,84000,automatic,4wd,SUV,black,de
16000,2011,bmw,excellent,6,gas,64000,automatic,4wd,coupe,red,ny
16000,2016,dodge,like new,6,gas,104598,automatic,rwd,sedan,silver,ms
16000,2007,toyota,good,6,gas,225000,manual,4wd,SUV,blue,sc
16000,1999,jeep,excellent,6,gas,100573,automatic,4wd,unknown,yellow,mi
16000,1998,ford,good,8,gas,55070,automatic,rwd,convertible,white,nv
16000,2009,toyota,excellent,6,gas,262000,automatic,4wd,truck,red,nm
16000,2015,jeep,excellent,4,gas,31500,automatic,fwd,unknown,white,nm
16000,2016,volkswagen,excellent,4,gas,24089,automatic,fwd,sedan,silver,md
16100,2017,jeep,unknown,4,gas,38987,automatic,fwd,SUV,grey,ca
16200,2017,subaru,unknown,4,gas,129015,automatic,4wd,SUV,silver,ca
16250,2000,chevrolet,excellent,4,gas,87695,automatic,rwd,unknown,unknown,il
16300,2012,honda,like new,6,gas,59000,automatic,fwd,mini-van,white,nj
16337,2015,ford,unknown,8,gas,134609,automatic,4wd,SUV,unknown,co
16337,2011,ram,unknown,8,gas,82760,automatic,rwd,unknown,unknown,co
16350,2013,bmw,excellent,6,gas,77750,automatic,fwd,SUV,black,or
16381,2019,nissan,unknown,4,gas,39585,automatic,fwd,sedan,white,tx
16388,2014,acura,unknown,6,gas,79854,automatic,unknown,SUV,white,fl
16395,2015,jeep,like new,6,gas,82236,automatic,4wd,SUV,unknown,ny
16400,2007,chevrolet,excellent,8,gas,141420,automatic,4wd,pickup,green,ny
16421,2007,gmc,good,8,gas,146518,automatic,4wd,pickup,green,dc
16429,2017,kia,unknown,4,gas,77614,automatic,fwd,SUV,custom,ca
16450,2007,bmw,excellent,6,gas,39960,automatic,rwd,convertible,unknown,fl
16490,2018,toyota,unknown,4,gas,26838,automatic,fwd,sedan,custom,fl
16491,2013,honda,excellent,4,gas,107320,automatic,4wd,SUV,black,or
16495,2011,rover,unknown,8,gas,117275,automatic,unknown,SUV,white,ct
16495,2013,jeep,excellent,8,other,90878,automatic,4wd,other,white,nj
16499,2011,gmc,excellent,8,gas,181930,automatic,4wd,truck,white,co
16499,2019,nissan,excellent,4,gas,31796,automatic,fwd,sedan,black,ca
16499,2016,toyota,unknown,4,gas,75811,automatic,fwd,unknown,unknown,ar
16500,2015,chevrolet,excellent,4,gas,136712,automatic,4wd,pickup,white,ca
16500,2007,pontiac,excellent,4,gas,18707,manual,rwd,convertible,red,il
16500,2013,toyota,unknown,4,gas,80732,automatic,fwd,SUV,unknown,mn
16500,2016,ford,excellent,4,gas,66500,manual,fwd,hatchback,white,az
16500,1997,ford,excellent,8,gas,105000,automatic,unknown,unknown,white,ca
16500,2016,unknown,excellent,8,gas,60000,automatic,rwd,sedan,silver,nj
16500,2011,mitsubishi,good,3,gas,22404,manual,4wd,truck,white,co
16500,2017,kia,unknown,4,gas,101758,automatic,4wd,SUV,silver,oh
16500,2003,bmw,like new,6,gas,60000,manual,rwd,convertible,silver,ma
16500,2012,lexus,excellent,6,gas,77000,automatic,4wd,SUV,unknown,va
16500,2010,chevrolet,excellent,8,gas,98700,automatic,4wd,truck,silver,ia
16500,2003,jeep,excellent,6,gas,125356,manual,4wd,SUV,black,il
16500,2018,subaru,excellent,4,gas,57000,automatic,4wd,SUV,orange,ca
16500,2015,gmc,good,8,gas,87500,automatic,unknown,unknown,blue,ma
16500,2019,honda,like new,4,gas,11000,automatic,unknown,hatchback,white,ca
16500,2015,chevrolet,excellent,6,gas,86912,automatic,fwd,unknown,white,id
16539,2017,ford,unknown,4,gas,35589,automatic,fwd,sedan,unknown,id
16550,2006,ford,excellent,8,gas,41935,manual,rwd,convertible,unknown,az
16590,2013,honda,good,4,other,81552,other,fwd,coupe,silver,va
16590,2019,hyundai,good,4,gas,29475,other,fwd,sedan,white,tx
16590,2009,dodge,excellent,6,gas,150850,automatic,unknown,van,unknown,tx
16590,2017,ford,good,4,other,37190,automatic,fwd,sedan,unknown,mi
16590,2013,acura,good,4,gas,85699,other,fwd,sedan,unknown,tx
16590,2012,acura,good,4,gas,71294,other,fwd,sedan,unknown,nm
16590,2018,ford,good,6,hybrid,42749,other,fwd,wagon,blue,nv
16590,2014,mercedes-benz,good,6,other,36421,other,fwd,hatchback,blue,co
16590,2017,toyota,good,4,other,12341,other,fwd,sedan,silver,oh
16590,2016,hyundai,good,4,gas,39763,other,fwd,sedan,white,il
16595,2009,lexus,good,8,gas,99915,automatic,rwd,sedan,unknown,az
16599,2018,nissan,like new,4,gas,37588,automatic,unknown,unknown,unknown,ks
16599,2012,toyota,like new,4,gas,81219,automatic,fwd,SUV,black,nv
16599,2016,subaru,unknown,4,gas,92789,automatic,4wd,wagon,custom,ga
16650,2015,chevrolet,good,4,gas,67000,automatic,rwd,truck,white,in
16693,2018,kia,unknown,4,gas,39136,automatic,fwd,sedan,custom,nc
16700,2019,mitsubishi,excellent,4,gas,48885,automatic,4wd,SUV,white,tn
16749,2014,acura,excellent,6,gas,103436,automatic,fwd,SUV,unknown,wi
16750,2013,chevrolet,excellent,6,gas,45500,automatic,4wd,SUV,red,pa
16750,2019,chevrolet,unknown,4,gas,13894,automatic,fwd,SUV,unknown,de
16771,2018,chevrolet,unknown,4,gas,46214,automatic,fwd,unknown,silver,il
16774,2017,nissan,unknown,4,gas,74050,automatic,4wd,wagon,black,ny
16777,2008,chevrolet,unknown,8,gas,134562,automatic,unknown,unknown,blue,co
16788,2014,honda,like new,4,gas,71000,automatic,4wd,SUV,white,ny
16799,2014,toyota,unknown,6,gas,97670,automatic,unknown,unknown,unknown,mn
16800,2014,gmc,excellent,8,gas,98000,automatic,unknown,unknown,white,in
16800,2003,chevrolet,unknown,8,gas,89000,automatic,unknown,unknown,unknown,tx
16800,2016,honda,unknown,4,gas,118423,automatic,unknown,unknown,unknown,nc
16800,2013,bmw,good,6,gas,58400,automatic,4wd,unknown,unknown,md
16800,2005,ram,unknown,8,gas,31000,automatic,unknown,unknown,unknown,ia
16800,2015,ford,like new,4,gas,80066,automatic,rwd,coupe,blue,fl
16811,2018,ford,unknown,4,gas,40566,automatic,unknown,unknown,unknown,ga
16875,2015,ford,like new,4,gas,44065,automatic,fwd,sedan,grey,in
16895,2018,volkswagen,excellent,4,gas,22000,automatic,fwd,sedan,black,ia
16895,2014,ram,excellent,8,gas,128086,automatic,4wd,truck,silver,ma
16900,2012,chevrolet,excellent,8,gas,114590,automatic,4wd,unknown,white,wi
16900,2012,cadillac,good,8,gas,158808,automatic,4wd,SUV,black,wi
16900,2018,kia,unknown,4,gas,23185,automatic,fwd,sedan,white,ok
16900,2009,porsche,excellent,6,gas,157000,automatic,rwd,coupe,white,ca
16900,2013,infiniti,excellent,6,gas,48000,automatic,rwd,coupe,custom,wa
16900,2005,ford,unknown,8,gas,42000,automatic,unknown,unknown,unknown,ar
16900,2008,toyota,excellent,6,gas,88706,automatic,fwd,SUV,grey,hi
16900,2012,cadillac,like new,8,gas,78000,automatic,rwd,SUV,black,tx
16900,2013,gmc,excellent,8,gas,126646,automatic,4wd,SUV,unknown,ak
16900,2008,ford,fair,8,diesel,85000,automatic,4wd,truck,white,il
16900,2012,dodge,excellent,6,gas,79800,automatic,rwd,unknown,grey,oh
16900,2013,ford,unknown,8,gas,198000,automatic,unknown,unknown,unknown,tn
16900,2004,ford,excellent,8,diesel,121000,automatic,4wd,truck,unknown,or
16900,2013,lincoln,excellent,8,gas,121000,automatic,unknown,unknown,black,mi
16900,2014,jeep,excellent,8,gas,137000,automatic,4wd,SUV,silver,co
16900,2007,toyota,unknown,6,gas,180000,automatic,unknown,unknown,unknown,va
16940,2015,ford,unknown,6,gas,123816,automatic,4wd,SUV,grey,mi
16942,2016,mini,unknown,4,gas,52488,automatic,fwd,coupe,grey,fl
16950,2016,honda,unknown,6,gas,116753,automatic,unknown,unknown,unknown,nc
16952,2016,honda,unknown,6,gas,117859,automatic,fwd,van,white,az
16980,2016,honda,excellent,4,gas,97105,automatic,fwd,sedan,red,va
16983,2018,subaru,unknown,4,gas,78050,manual,unknown,sedan,silver,mt
16985,2018,subaru,unknown,4,gas,73398,manual,unknown,other,blue,nj
16985,2012,nissan,good,6,gas,30540,automatic,4wd,SUV,blue,nh
16988,2017,chevrolet,like new,4,gas,15215,automatic,unknown,unknown,unknown,tx
16988,2014,kia,unknown,4,gas,55063,automatic,4wd,SUV,unknown,or
16988,2006,ford,unknown,8,diesel,69516,automatic,fwd,other,white,az
16988,2013,honda,unknown,4,gas,95480,automatic,unknown,SUV,black,ca
16988,2014,dodge,unknown,8,gas,128017,automatic,unknown,unknown,purple,fl
16988,2014,bmw,unknown,4,gas,99771,automatic,unknown,other,white,nc
16990,2008,ford,good,8,gas,147476,automatic,4wd,unknown,white,il
16990,2013,ford,excellent,8,gas,126000,automatic,4wd,truck,grey,co
16990,2017,toyota,good,4,gas,36736,other,fwd,sedan,blue,va
16990,2017,audi,unknown,4,gas,72187,automatic,unknown,other,black,nj
16990,2004,ford,good,8,gas,213563,automatic,4wd,unknown,black,la
16990,2017,kia,good,4,gas,34723,other,fwd,hatchback,blue,nh
16990,2018,hyundai,good,4,gas,31871,other,fwd,sedan,red,tn
16990,2018,kia,good,4,gas,10205,other,fwd,wagon,unknown,md
16990,2015,kia,good,4,gas,28630,other,fwd,sedan,white,or
16990,2007,jeep,good,6,gas,156940,automatic,4wd,SUV,blue,mn
16990,2004,ford,good,8,gas,213563,automatic,4wd,unknown,black,nj
16990,2016,dodge,excellent,6,gas,48023,automatic,unknown,van,unknown,fl
16990,2018,nissan,good,4,gas,22904,other,fwd,hatchback,unknown,nm
16990,2011,gmc,good,6,gas,39219,other,unknown,pickup,black,oh
16990,2015,infiniti,good,6,gas,68962,automatic,rwd,sedan,unknown,ga
16990,2018,kia,good,4,gas,10205,other,fwd,wagon,unknown,tx
16990,2015,volkswagen,good,4,gas,49203,automatic,fwd,wagon,red,tx
16990,2004,ford,good,8,gas,213563,automatic,4wd,unknown,black,ia
16990,2012,acura,good,4,gas,69148,other,fwd,sedan,silver,pa
16990,2013,lexus,good,6,gas,101373,other,fwd,sedan,silver,pa
16990,2013,volkswagen,good,4,other,62013,other,fwd,hatchback,silver,ga
16990,2015,toyota,good,4,hybrid,37300,other,fwd,hatchback,black,fl
16990,2017,ford,good,8,hybrid,26566,other,fwd,wagon,unknown,md
16990,2012,volvo,good,5,other,72709,other,fwd,other,blue,ga
16990,2018,hyundai,good,4,other,30948,other,unknown,sedan,blue,al
16990,2017,chevrolet,good,8,gas,120835,automatic,rwd,unknown,white,ks
16990,2011,gmc,good,6,gas,39219,other,unknown,pickup,black,nh
16990,2014,subaru,good,4,gas,98341,other,unknown,hatchback,green,ks
16990,2017,toyota,good,4,gas,36736,other,fwd,sedan,blue,nc
16990,2016,hyundai,good,4,gas,23724,automatic,fwd,sedan,silver,nj
16990,2014,acura,good,6,other,44473,other,unknown,sedan,silver,sc
16990,2015,lexus,good,6,gas,82764,other,fwd,hatchback,black,nm
16990,2013,infiniti,good,6,gas,80442,other,rwd,sedan,unknown,ny
16991,2018,toyota,unknown,4,gas,43248,automatic,fwd,sedan,silver,fl
16991,2014,mercedes-benz,unknown,6,gas,124288,automatic,unknown,sedan,blue,fl
16991,2011,mercedes-benz,unknown,8,unknown,119263,automatic,unknown,unknown,white,mn
16991,2015,bmw,unknown,6,gas,78789,automatic,unknown,sedan,white,dc
16991,2016,chevrolet,unknown,4,gas,70263,automatic,4wd,SUV,black,az
16994,2018,honda,unknown,4,gas,51632,automatic,fwd,sedan,silver,oh
16995,2011,ford,good,6,gas,125625,automatic,4wd,pickup,white,wi
16995,2009,jeep,excellent,6,gas,127000,manual,4wd,SUV,orange,ma
16995,2012,ford,excellent,8,gas,108000,automatic,4wd,truck,white,az
16995,2018,ford,unknown,4,gas,70927,automatic,4wd,SUV,white,co
16995,2017,chevrolet,unknown,6,gas,127749,automatic,unknown,SUV,white,mo
16995,2016,ford,unknown,6,gas,113019,automatic,fwd,SUV,black,tn
16995,2011,jeep,excellent,6,gas,126000,automatic,4wd,unknown,black,ks
16995,2018,chevrolet,unknown,4,gas,100990,automatic,fwd,unknown,silver,in
16995,2016,toyota,unknown,4,gas,41237,automatic,fwd,sedan,silver,tn
16995,2013,ford,excellent,8,gas,161517,automatic,4wd,pickup,white,or
16995,2017,ford,excellent,4,gas,60648,automatic,fwd,sedan,red,oh
16995,2014,bmw,unknown,4,gas,67239,automatic,4wd,sedan,black,ny
16995,2009,cadillac,unknown,8,gas,135500,automatic,4wd,SUV,black,id
16995,2019,ford,unknown,4,gas,103392,automatic,fwd,sedan,black,co
16995,2017,jeep,excellent,4,gas,32152,automatic,4wd,SUV,white,ak
16995,2011,gmc,unknown,8,other,188625,automatic,unknown,SUV,custom,co
16995,2014,audi,excellent,4,gas,105133,automatic,4wd,sedan,grey,il
16995,2013,mercedes-benz,unknown,6,gas,107608,automatic,unknown,wagon,white,ca
16995,2012,chevrolet,unknown,8,gas,147895,automatic,4wd,truck,white,co
16995,2014,infiniti,unknown,6,gas,67001,automatic,4wd,sedan,blue,oh
16995,2018,volkswagen,excellent,4,gas,41000,automatic,fwd,coupe,grey,az
16995,2008,ford,excellent,8,diesel,120000,automatic,rwd,truck,white,ca
16995,2006,chevrolet,unknown,8,diesel,209856,automatic,fwd,pickup,white,fl
16995,2008,toyota,unknown,6,gas,165999,automatic,fwd,pickup,silver,ca
16995,2016,hyundai,unknown,4,gas,62551,manual,fwd,coupe,red,tn
16995,2014,chevrolet,unknown,8,diesel,218752,automatic,fwd,other,white,pa
16995,2019,kia,unknown,4,gas,18637,automatic,fwd,wagon,silver,az
16995,2010,toyota,unknown,8,gas,124918,automatic,rwd,unknown,red,tn
16995,2010,mercedes-benz,like new,6,gas,75150,automatic,unknown,unknown,black,ga
16995,2014,toyota,unknown,4,gas,78096,automatic,rwd,pickup,white,nv
16995,2012,audi,like new,8,gas,123000,automatic,unknown,unknown,unknown,va
16995,2009,chevrolet,unknown,8,unknown,165899,automatic,4wd,SUV,white,co
16995,2013,bmw,unknown,6,gas,53341,automatic,unknown,other,black,dc
16995,2018,ford,unknown,4,gas,10030,automatic,fwd,SUV,black,nd
16995,2018,ford,unknown,4,gas,18367,automatic,fwd,SUV,blue,in
16995,2017,volkswagen,unknown,4,gas,24739,automatic,unknown,sedan,white,dc
16995,2014,ram,good,8,gas,100000,automatic,unknown,truck,black,ca
16996,2018,kia,unknown,4,gas,28886,automatic,fwd,sedan,white,or
16997,2018,kia,unknown,4,gas,43163,automatic,fwd,sedan,black,ca
16998,2013,lexus,excellent,6,gas,162017,automatic,4wd,SUV,white,tn
16998,2016,chevrolet,excellent,4,gas,61776,automatic,fwd,sedan,white,id
16998,2018,ford,excellent,6,gas,83394,automatic,4wd,SUV,white,ma
16998,2013,toyota,unknown,6,gas,86339,automatic,unknown,unknown,unknown,ok
16999,2018,subaru,like new,4,gas,22000,automatic,4wd,sedan,red,nc
16999,2008,ram,unknown,6,diesel,254855,automatic,4wd,unknown,unknown,mn
16999,2019,nissan,good,4,other,31119,automatic,fwd,sedan,unknown,ca
16999,2012,bmw,excellent,6,diesel,110000,automatic,4wd,SUV,red,fl
16999,2016,volkswagen,unknown,4,gas,45426,automatic,fwd,SUV,grey,tx
16999,2017,volkswagen,unknown,4,gas,38000,automatic,unknown,unknown,unknown,nh
16999,2012,dodge,like new,8,gas,102445,manual,rwd,coupe,black,md
16999,2016,audi,excellent,4,gas,87681,automatic,4wd,sedan,unknown,nc
16999,2010,nissan,unknown,8,gas,94242,automatic,unknown,pickup,silver,ca
16999,2017,ram,excellent,8,gas,55123,automatic,unknown,pickup,black,ks
16999,2016,ram,excellent,4,gas,57498,automatic,unknown,van,unknown,ca
16999,2013,volvo,like new,5,gas,65359,automatic,fwd,convertible,unknown,ks
17000,2012,rover,good,8,gas,117000,automatic,4wd,SUV,white,az
17000,2005,pontiac,excellent,8,gas,54000,automatic,rwd,coupe,red,ny
17000,2017,chevrolet,good,4,hybrid,33000,automatic,unknown,unknown,unknown,hi
17000,2001,ford,fair,8,diesel,280000,automatic,4wd,truck,black,ky
17000,2008,toyota,excellent,6,gas,190000,automatic,unknown,unknown,white,ri
17000,1996,chevrolet,like new,8,gas,118000,automatic,rwd,unknown,unknown,ca
17000,2012,gmc,good,8,gas,75000,automatic,4wd,SUV,black,nj
17000,2012,chevrolet,good,8,gas,152000,automatic,4wd,truck,red,in
17000,2011,ford,unknown,6,gas,67641,manual,4wd,pickup,red,oh
17060,2018,ford,unknown,4,gas,18910,automatic,fwd,unknown,silver,ms
17111,2014,chrysler,excellent,6,gas,53133,automatic,rwd,sedan,black,oh
17133,2014,ford,unknown,6,gas,117532,automatic,fwd,SUV,grey,tn
17249,2014,volkswagen,like new,4,gas,12793,automatic,fwd,hatchback,black,ne
17260,2016,ford,good,6,gas,32532,automatic,unknown,unknown,unknown,il
17288,2016,toyota,unknown,4,hybrid,55280,automatic,fwd,unknown,unknown,ca
17295,2014,chrysler,excellent,8,gas,129128,automatic,rwd,sedan,blue,ar
17317,2018,chevrolet,excellent,4,gas,38972,automatic,unknown,sedan,unknown,mi
17435,2016,nissan,unknown,4,gas,61016,automatic,fwd,wagon,white,nv
17450,2013,ram,excellent,8,gas,150277,automatic,rwd,pickup,red,ca
17480,2016,ford,excellent,4,gas,74537,automatic,fwd,mini-van,white,ks
17488,2020,hyundai,unknown,4,gas,16459,automatic,fwd,sedan,white,tx
17488,2019,nissan,unknown,4,gas,40441,automatic,fwd,unknown,black,oh
17490,2014,chevrolet,unknown,8,unknown,70424,automatic,rwd,van,unknown,tn
17495,2016,mazda,unknown,4,gas,49328,automatic,fwd,sedan,grey,ca
17500,2008,ford,unknown,8,diesel,224573,automatic,4wd,pickup,black,ks
17500,2013,nissan,good,6,gas,75000,automatic,rwd,truck,red,or
17500,2013,ram,good,8,gas,174450,automatic,4wd,truck,white,pa
17500,2015,mini,like new,4,gas,17329,automatic,fwd,coupe,black,fl
17500,2014,honda,excellent,4,gas,83000,automatic,4wd,SUV,grey,vt
17500,2017,audi,unknown,4,gas,60339,automatic,unknown,SUV,grey,sc
17500,2004,chevrolet,excellent,8,gas,125000,automatic,rwd,hatchback,blue,fl
17500,2011,ford,good,8,gas,119200,automatic,4wd,truck,white,nm
17500,2014,toyota,excellent,6,gas,64500,automatic,unknown,unknown,green,fl
17500,2017,honda,unknown,4,gas,85021,automatic,fwd,sedan,unknown,ca
17500,2016,ram,good,6,gas,83050,automatic,4wd,unknown,red,mt
17500,2004,jeep,excellent,6,gas,175000,automatic,4wd,unknown,black,or
17500,2012,ford,good,8,gas,189826,automatic,4wd,unknown,unknown,ga
17500,2016,honda,excellent,4,gas,52000,automatic,4wd,unknown,black,ma
17500,2017,ford,good,6,gas,89700,automatic,unknown,unknown,black,nj
17500,2013,lexus,unknown,6,gas,59000,automatic,unknown,unknown,unknown,nj
17500,2011,gmc,good,8,gas,164340,automatic,4wd,SUV,white,ky
17500,2003,chevrolet,excellent,8,gas,62000,automatic,rwd,coupe,custom,az
17500,2016,toyota,excellent,4,gas,56000,automatic,unknown,hatchback,white,tn
17500,2006,bmw,excellent,10,gas,106000,automatic,rwd,sedan,black,tn
17500,2015,chevrolet,like new,8,gas,78223,automatic,rwd,van,white,in
17500,2011,chevrolet,unknown,8,gas,91000,automatic,unknown,unknown,unknown,nc
17500,2009,chevrolet,excellent,8,gas,143862,automatic,4wd,pickup,blue,nj
17500,2016,mini,excellent,4,gas,38500,manual,fwd,hatchback,red,in
17500,2008,chevrolet,unknown,8,diesel,310000,automatic,4wd,unknown,unknown,mt
17500,2015,honda,excellent,6,gas,144000,automatic,fwd,sedan,silver,sc
17519,2014,ram,good,8,gas,102725,automatic,rwd,truck,grey,nc
17577,2008,bmw,unknown,6,gas,78900,automatic,unknown,convertible,unknown,ca
17590,2013,buick,good,6,gas,40737,other,fwd,sedan,white,nm
17590,2016,hyundai,good,4,gas,9570,other,fwd,sedan,unknown,ny
17590,2013,lincoln,good,6,other,94498,automatic,fwd,other,white,ca
17590,2018,ford,good,6,other,8419,other,fwd,wagon,unknown,sc
17590,2015,volkswagen,good,4,diesel,40502,other,fwd,sedan,silver,oh
17590,2017,kia,good,4,gas,34251,other,unknown,other,brown,ca
17590,2015,subaru,good,4,gas,34545,other,unknown,sedan,white,ga
17590,2013,hyundai,good,4,other,47226,automatic,unknown,other,brown,ca
17590,2017,kia,good,4,other,36079,other,unknown,sedan,black,nm
17590,2017,volkswagen,good,4,gas,24337,other,fwd,other,black,ca
17590,2012,acura,good,6,other,67899,other,unknown,sedan,white,oh
17590,2014,honda,good,4,gas,52307,automatic,fwd,sedan,white,ok
17590,2018,ford,good,4,gas,16141,other,fwd,sedan,silver,or
17680,2015,dodge,excellent,6,gas,101214,automatic,unknown,coupe,unknown,fl
17695,2019,nissan,unknown,4,gas,38635,automatic,fwd,wagon,white,md
17750,2008,ford,excellent,8,diesel,174000,automatic,4wd,unknown,unknown,nm
17750,2012,chevrolet,unknown,8,gas,154560,automatic,4wd,pickup,white,ks
17790,2018,hyundai,unknown,4,gas,53583,automatic,fwd,SUV,grey,fl
17800,2011,dodge,excellent,6,diesel,250000,automatic,rwd,truck,unknown,mi
17800,2018,kia,excellent,4,gas,74877,automatic,fwd,hatchback,unknown,tn
17838,2011,chevrolet,unknown,8,gas,146615,automatic,4wd,SUV,unknown,id
17869,2015,jeep,unknown,4,gas,61553,automatic,fwd,SUV,orange,id
17875,2015,chevrolet,unknown,8,gas,62250,automatic,rwd,coupe,silver,wa
17880,2013,ram,unknown,6,other,176450,automatic,4wd,pickup,white,sc
17894,2000,ford,unknown,8,diesel,250095,manual,unknown,unknown,unknown,tn
17895,2008,chevrolet,unknown,8,gas,159000,automatic,unknown,unknown,unknown,ne
17899,2017,jeep,good,4,other,85953,automatic,4wd,other,blue,mi
17900,2002,toyota,excellent,6,gas,136674,automatic,fwd,truck,silver,hi
17900,2018,toyota,unknown,4,gas,17814,automatic,fwd,sedan,silver,fl
17900,2013,chevrolet,excellent,8,gas,162000,automatic,unknown,pickup,black,tx
17900,2013,gmc,excellent,8,gas,115000,automatic,4wd,pickup,blue,mi
17900,2017,chevrolet,unknown,4,gas,23981,other,fwd,sedan,red,fl
17900,2015,nissan,excellent,6,gas,55000,automatic,4wd,SUV,black,wa
17900,2016,gmc,excellent,6,gas,104424,automatic,4wd,SUV,unknown,me
17900,2017,volkswagen,excellent,4,gas,108674,manual,fwd,hatchback,grey,pa
17900,2014,lexus,unknown,6,gas,104145,automatic,unknown,unknown,unknown,ar
17900,2017,ford,unknown,4,gas,23265,automatic,fwd,sedan,custom,az
17900,2007,gmc,good,8,diesel,227000,automatic,4wd,truck,white,nc
17950,2014,ford,good,8,gas,211000,automatic,4wd,pickup,white,tx
17950,2012,lexus,excellent,6,gas,89919,automatic,fwd,SUV,black,fl
17962,2018,hyundai,unknown,4,hybrid,50979,automatic,fwd,unknown,unknown,fl
17977,2009,ram,unknown,8,gas,98546,automatic,4wd,pickup,silver,mo
17980,2014,ford,excellent,6,gas,105156,automatic,fwd,SUV,unknown,tx
17980,2014,audi,excellent,4,gas,80090,automatic,4wd,sedan,black,tx
17985,2013,infiniti,like new,6,gas,68234,automatic,4wd,SUV,green,nj
17988,2013,audi,unknown,6,gas,111509,automatic,unknown,other,unknown,co
17988,2018,ford,unknown,4,gas,50123,automatic,unknown,unknown,unknown,fl
17988,2018,kia,unknown,4,gas,27088,automatic,fwd,sedan,silver,ak
17988,2013,infiniti,unknown,6,other,51024,automatic,unknown,unknown,unknown,co
17988,2011,subaru,unknown,4,gas,88358,automatic,unknown,unknown,black,fl
17988,2015,bmw,unknown,4,gas,93738,automatic,4wd,SUV,unknown,mt
17989,2017,nissan,unknown,4,gas,35444,automatic,fwd,sedan,black,tn
17990,2009,pontiac,good,4,other,46210,other,rwd,convertible,unknown,ks
17990,2013,lexus,unknown,6,gas,123329,automatic,4wd,SUV,unknown,or
17990,2013,lincoln,good,6,gas,41750,automatic,fwd,sedan,white,ma
17990,2013,acura,good,6,gas,56504,automatic,unknown,sedan,unknown,ca
17990,2011,bmw,good,6,other,81660,automatic,unknown,other,black,ny
17990,2011,toyota,good,6,other,79927,other,unknown,wagon,unknown,az
17990,2015,mercedes-benz,unknown,4,gas,107990,automatic,unknown,sedan,white,tn
17990,2017,ford,good,4,other,21019,other,fwd,sedan,red,mi
17990,2013,infiniti,good,6,gas,57406,automatic,unknown,sedan,silver,va
17990,2016,honda,excellent,4,gas,50783,automatic,fwd,sedan,grey,mn
17990,2012,chevrolet,excellent,8,hybrid,27000,automatic,unknown,unknown,unknown,nh
17990,2018,kia,good,4,gas,34239,other,unknown,SUV,unknown,wy
17990,2012,volkswagen,good,6,gas,93185,other,unknown,other,white,mi
17990,2014,toyota,good,4,gas,72435,automatic,fwd,sedan,white,tx
17990,2012,volkswagen,good,6,gas,93185,other,unknown,other,white,nh
17990,2013,hyundai,good,4,other,13475,other,fwd,sedan,white,ny
17990,2017,volkswagen,excellent,4,gas,36097,automatic,4wd,SUV,white,wi
17990,2017,hyundai,good,4,electric,44162,other,fwd,hatchback,black,nm
17990,2015,subaru,good,4,other,62194,other,unknown,hatchback,black,tn
17990,2018,mitsubishi,good,4,gas,22649,other,unknown,hatchback,unknown,tx
17990,2013,honda,good,6,other,54395,other,unknown,hatchback,unknown,ok
17990,2019,fiat,good,4,gas,7526,other,fwd,hatchback,white,ny
17990,2015,volvo,good,6,other,54784,other,unknown,sedan,black,ga
17991,2019,toyota,excellent,4,gas,12136,automatic,fwd,sedan,unknown,ca
17991,2015,ford,unknown,4,gas,97203,automatic,rwd,convertible,white,fl
17995,2020,volkswagen,excellent,4,gas,12980,automatic,fwd,sedan,grey,ct
17995,2013,audi,unknown,4,gas,73000,automatic,4wd,wagon,grey,id
17995,2012,acura,unknown,6,gas,79260,automatic,4wd,SUV,blue,tx
17995,2011,lexus,unknown,6,gas,89546,automatic,fwd,SUV,blue,ca
17995,2003,unknown,excellent,8,gas,118641,automatic,4wd,SUV,white,co
17995,2011,chevrolet,excellent,8,gas,111478,automatic,4wd,pickup,blue,ia
17995,2009,cadillac,like new,8,gas,104000,automatic,4wd,SUV,unknown,nh
17995,2008,ford,unknown,8,gas,129218,manual,rwd,coupe,red,ut
17995,2016,jeep,unknown,6,gas,106245,automatic,4wd,SUV,grey,co
17995,2019,toyota,unknown,4,gas,65080,automatic,unknown,unknown,unknown,nc
17995,2017,dodge,excellent,6,gas,74048,automatic,fwd,mini-van,unknown,ca
17995,2014,ram,unknown,8,gas,150618,other,4wd,truck,black,mt
17995,2009,ford,unknown,8,diesel,339500,automatic,4wd,unknown,unknown,tx
17995,2011,chevrolet,unknown,8,gas,115428,automatic,unknown,unknown,unknown,ne
17995,2012,mercedes-benz,unknown,8,diesel,75817,automatic,unknown,SUV,silver,fl
17995,2007,bmw,excellent,10,gas,106123,automatic,rwd,sedan,black,oh
17995,2017,nissan,like new,4,gas,31361,automatic,4wd,SUV,unknown,ny
17995,2019,subaru,unknown,4,gas,4000,automatic,4wd,unknown,unknown,wi
17995,2016,hyundai,unknown,6,gas,75000,automatic,unknown,unknown,unknown,ca
17995,2013,dodge,excellent,6,gas,148615,automatic,4wd,unknown,unknown,id
17995,2019,honda,unknown,4,gas,39368,automatic,fwd,sedan,black,hi
17995,2001,porsche,excellent,6,gas,83776,automatic,rwd,convertible,black,ar
17995,2013,audi,excellent,4,gas,79800,automatic,4wd,coupe,unknown,ca
17995,2008,jeep,unknown,6,other,90608,automatic,unknown,wagon,unknown,fl
17995,2013,audi,unknown,6,other,109800,automatic,unknown,unknown,unknown,mo
17995,2007,gmc,unknown,6,diesel,74569,automatic,rwd,unknown,unknown,tx
17995,2012,ford,unknown,8,gas,174050,automatic,4wd,unknown,unknown,wi
17995,2015,ford,unknown,8,gas,122085,automatic,unknown,unknown,unknown,wi
17995,2012,ram,unknown,8,gas,67178,automatic,4wd,pickup,silver,tx
17995,2008,cadillac,like new,8,gas,117933,automatic,4wd,SUV,white,mt
17995,2017,ford,good,4,gas,53189,automatic,4wd,SUV,black,pa
17995,2018,ford,unknown,4,gas,89185,automatic,4wd,SUV,unknown,il
17997,2017,hyundai,unknown,4,gas,39564,automatic,4wd,SUV,black,tx
17998,2015,bmw,unknown,4,gas,62063,automatic,rwd,sedan,white,dc
17998,2016,honda,excellent,6,gas,89577,automatic,fwd,mini-van,grey,vt
17998,2015,audi,unknown,6,gas,89785,automatic,unknown,sedan,white,ca
17999,2010,jeep,unknown,6,gas,129011,manual,4wd,SUV,green,tn
17999,2017,hyundai,like new,4,gas,34699,manual,fwd,sedan,white,co
17999,2016,mitsubishi,excellent,6,gas,41000,automatic,4wd,SUV,silver,ok
17999,2010,chevrolet,excellent,8,gas,107233,automatic,unknown,truck,unknown,ca
17999,2011,chevrolet,unknown,6,gas,35390,manual,rwd,coupe,custom,wa
17999,2013,bmw,like new,4,gas,84461,automatic,rwd,sedan,custom,ca
17999,2013,mazda,excellent,4,gas,54261,manual,fwd,sedan,unknown,ca
17999,2018,honda,unknown,4,gas,47403,automatic,fwd,sedan,black,tn
17999,2018,mitsubishi,excellent,4,gas,36495,automatic,4wd,SUV,red,nj
17999,2012,ford,unknown,6,unknown,86345,automatic,4wd,SUV,unknown,wa
17999,2012,jeep,good,8,gas,83546,automatic,unknown,SUV,unknown,wa
17999,2014,bmw,good,8,gas,156349,automatic,4wd,SUV,grey,wi
17999,2007,jeep,excellent,6,gas,89877,automatic,4wd,SUV,silver,co
17999,2015,jeep,excellent,6,gas,89653,automatic,4wd,SUV,white,ca
18000,2015,jeep,good,6,gas,125000,automatic,4wd,truck,white,tx
18000,2002,jeep,good,6,gas,191935,manual,4wd,unknown,black,ca
18000,2007,jeep,unknown,6,gas,89000,automatic,unknown,unknown,unknown,nm
18000,2018,toyota,excellent,4,gas,45150,automatic,4wd,unknown,red,nj
18000,2016,nissan,like new,6,gas,60000,automatic,fwd,sedan,silver,tn
18000,2016,ford,unknown,6,gas,78240,automatic,fwd,unknown,unknown,sc
18000,2014,unknown,excellent,4,gas,61750,automatic,unknown,mini-van,white,nj
18000,2014,ford,excellent,6,gas,69077,automatic,4wd,SUV,grey,il
18000,2014,dodge,good,6,gas,108000,other,unknown,SUV,black,va
18000,2018,jeep,good,4,gas,35958,automatic,4wd,SUV,grey,md
18000,2016,acura,like new,4,gas,60000,automatic,fwd,sedan,unknown,ga
18000,2015,infiniti,good,6,gas,60000,automatic,4wd,sedan,black,wi
18000,2014,mercedes-benz,unknown,6,unknown,74810,automatic,unknown,sedan,blue,nj
18000,2006,ford,excellent,8,gas,125757,automatic,rwd,van,grey,ca
18000,2002,ford,good,8,gas,50000,automatic,unknown,other,white,fl
18000,2013,bmw,excellent,6,gas,51000,automatic,4wd,coupe,blue,co
18250,2014,gmc,good,8,gas,121000,automatic,rwd,van,yellow,mi
18250,2018,toyota,like new,4,gas,52000,automatic,fwd,sedan,red,ky
18326,2019,buick,unknown,4,gas,28540,automatic,fwd,SUV,silver,tx
18400,2019,volkswagen,excellent,4,gas,19568,automatic,fwd,sedan,grey,ks
18404,2017,jeep,unknown,4,gas,20888,automatic,4wd,SUV,silver,oh
18419,2015,ford,unknown,6,gas,120000,automatic,rwd,SUV,custom,tx
18440,2020,toyota,unknown,4,unknown,37043,automatic,fwd,sedan,unknown,az
18450,2015,nissan,unknown,6,gas,120668,automatic,fwd,SUV,black,nc
18469,2021,kia,unknown,4,gas,1611,manual,fwd,sedan,blue,mi
18479,2017,hyundai,unknown,4,gas,56329,automatic,fwd,sedan,white,id
18490,2015,chevrolet,like new,6,gas,151778,automatic,4wd,truck,white,sc
18495,2017,chevrolet,unknown,6,gas,28908,automatic,unknown,SUV,blue,ia
18495,2016,mazda,unknown,4,gas,57800,automatic,unknown,unknown,unknown,pa
18495,2012,ram,like new,8,gas,1000,automatic,4wd,unknown,white,tx
18495,2009,chevrolet,excellent,8,gas,151562,automatic,4wd,pickup,black,id
18499,2016,jeep,unknown,4,unknown,75314,automatic,4wd,SUV,red,co
18500,2011,bmw,new,8,gas,75200,automatic,rwd,sedan,grey,tx
18500,2018,ford,excellent,4,gas,35504,automatic,fwd,SUV,unknown,oh
18500,2013,ford,unknown,6,gas,178781,automatic,rwd,pickup,white,tx
18500,2019,chevrolet,excellent,4,gas,29900,automatic,unknown,sedan,blue,mi
18500,2014,honda,good,6,gas,86217,automatic,fwd,van,silver,ms
18500,2020,kia,unknown,4,gas,12444,automatic,fwd,sedan,blue,mi
18500,2008,gmc,unknown,8,other,78956,automatic,fwd,pickup,white,tn
18500,2015,toyota,excellent,4,gas,80500,automatic,4wd,SUV,silver,or
18500,2002,bmw,unknown,4,gas,55000,automatic,unknown,unknown,unknown,va
18500,2015,mazda,unknown,4,gas,50223,automatic,rwd,convertible,black,hi
18500,2009,gmc,like new,8,gas,43786,automatic,4wd,pickup,black,pa
18500,2009,bmw,excellent,6,gas,71945,automatic,rwd,convertible,red,va
18500,2016,jeep,excellent,4,gas,50000,automatic,fwd,SUV,red,il
18500,2016,ford,excellent,6,gas,135808,automatic,rwd,van,white,pa
18500,2019,nissan,unknown,4,gas,37403,automatic,fwd,sedan,blue,mn
18500,2016,hyundai,unknown,6,gas,77397,automatic,fwd,wagon,unknown,fl
18500,2016,chevrolet,unknown,6,gas,78633,automatic,fwd,SUV,grey,ca
18500,2018,honda,unknown,4,gas,25862,manual,fwd,sedan,unknown,wa
18550,2014,mercedes-benz,excellent,6,gas,78228,automatic,4wd,sedan,blue,nc
18588,2013,ford,unknown,4,gas,58139,manual,fwd,hatchback,black,ca
18590,2017,toyota,good,4,gas,30223,other,fwd,sedan,silver,mi
18590,2020,kia,good,4,gas,5749,other,fwd,sedan,unknown,or
18590,2018,honda,good,4,other,53628,other,unknown,hatchback,black,pa
18590,2017,toyota,good,4,gas,30223,other,fwd,sedan,silver,ms
18590,2010,lexus,good,6,gas,99942,other,fwd,SUV,blue,ri
18590,2017,buick,unknown,4,gas,39536,automatic,4wd,SUV,silver,co
18590,2017,nissan,good,4,other,26750,other,unknown,hatchback,black,ga
18590,2018,chevrolet,good,8,hybrid,42183,automatic,fwd,sedan,unknown,az
18590,2018,kia,good,4,gas,11848,other,fwd,sedan,black,mn
18590,2018,buick,good,4,gas,25139,automatic,unknown,other,unknown,wi
18590,2018,hyundai,good,4,gas,15717,other,fwd,sedan,white,oh
18598,2018,subaru,unknown,4,unknown,106259,automatic,unknown,SUV,white,nc
18699,2020,chevrolet,unknown,4,gas,42501,automatic,unknown,sedan,black,tn
18709,2017,nissan,unknown,4,gas,35218,automatic,fwd,sedan,silver,ca
18750,2013,toyota,excellent,8,gas,183574,automatic,4wd,pickup,green,ma
18793,2017,chrysler,unknown,6,gas,106091,automatic,fwd,van,unknown,ok
18795,2020,mitsubishi,unknown,4,unknown,15609,automatic,fwd,SUV,brown,tx
18798,2018,mazda,unknown,4,gas,16164,automatic,fwd,hatchback,white,co
18800,2018,honda,like new,4,gas,24000,automatic,fwd,coupe,red,az
18800,2010,ford,unknown,8,other,120112,automatic,fwd,pickup,unknown,ca
18867,2017,chevrolet,unknown,4,electric,28055,automatic,fwd,hatchback,unknown,tn
18888,2001,chevrolet,unknown,8,gas,79125,manual,unknown,unknown,unknown,ca
18890,2014,bmw,excellent,6,gas,72071,automatic,rwd,sedan,white,fl
18895,2015,jeep,unknown,6,gas,110347,automatic,unknown,unknown,unknown,il
18895,2014,toyota,unknown,6,gas,107761,automatic,fwd,SUV,custom,tx
18899,2012,mercedes-benz,unknown,8,gas,110084,automatic,rwd,sedan,silver,wa
18899,2013,audi,unknown,6,gas,57056,automatic,unknown,sedan,blue,pa
18900,2014,mercedes-benz,excellent,8,gas,114000,automatic,fwd,SUV,white,fl
18900,2013,ford,unknown,8,gas,172155,other,unknown,other,white,il
18900,2017,lincoln,excellent,6,gas,25000,automatic,fwd,sedan,black,mi
18900,2009,ford,excellent,8,gas,138348,automatic,unknown,truck,unknown,ca
18900,2012,jeep,excellent,6,gas,84000,manual,4wd,wagon,white,nc
18900,2018,nissan,excellent,4,gas,27134,automatic,unknown,pickup,white,md
18900,2016,buick,unknown,4,gas,26615,automatic,fwd,unknown,white,il
18900,2018,honda,like new,4,gas,26000,automatic,unknown,sedan,grey,ca
18900,2012,ford,excellent,6,gas,71446,automatic,4wd,SUV,white,mi
18900,2016,ram,excellent,6,gas,92000,automatic,fwd,van,white,wy
18950,2005,gmc,good,6,diesel,45321,automatic,rwd,truck,red,vt
18950,2017,jeep,good,6,gas,44226,automatic,4wd,SUV,unknown,ia
18950,2013,subaru,unknown,4,gas,78825,manual,unknown,unknown,unknown,wi
18950,2009,chevrolet,excellent,8,gas,139000,automatic,4wd,SUV,unknown,nc
18950,2012,porsche,unknown,6,gas,129466,automatic,unknown,unknown,unknown,ia
18950,2018,jeep,unknown,4,gas,54206,automatic,4wd,SUV,blue,co
18959,2011,ford,unknown,8,gas,152001,automatic,4wd,pickup,black,pa
18975,2016,jeep,unknown,4,gas,33753,automatic,fwd,wagon,black,wi
18977,2017,kia,unknown,6,gas,70014,automatic,fwd,unknown,unknown,al
18980,2013,chevrolet,excellent,8,gas,126085,automatic,unknown,SUV,black,tx
18980,2006,toyota,good,6,gas,108055,automatic,4wd,truck,blue,sc
18988,2017,nissan,unknown,4,gas,23903,automatic,unknown,other,white,sc
18988,2015,subaru,unknown,4,gas,102422,automatic,unknown,sedan,unknown,co
18988,2015,toyota,unknown,4,hybrid,29508,automatic,fwd,sedan,red,tx
18989,2017,hyundai,good,4,other,53778,automatic,fwd,sedan,white,ma
18990,2013,volkswagen,good,4,other,20448,other,fwd,sedan,unknown,az
18990,2017,jeep,good,6,other,34702,other,4wd,SUV,orange,oh
18990,2011,bmw,good,6,gas,73944,other,rwd,other,silver,dc
18990,2017,jeep,good,6,other,34702,other,4wd,SUV,orange,sc
18990,2015,mercedes-benz,excellent,4,diesel,160000,automatic,unknown,van,white,fl
18990,2018,hyundai,good,4,gas,13227,other,fwd,sedan,silver,tx
18990,2016,kia,good,6,other,43156,automatic,unknown,SUV,white,mi
18990,2016,mazda,good,4,gas,29588,automatic,fwd,hatchback,blue,ca
18990,2013,volkswagen,good,4,other,20448,other,fwd,sedan,unknown,ca
18990,2017,volkswagen,good,4,other,26471,other,unknown,other,unknown,or
18990,2013,ford,unknown,8,other,95647,automatic,rwd,unknown,unknown,az
18990,2016,toyota,good,4,gas,29858,other,fwd,sedan,unknown,la
18990,2017,honda,good,4,gas,31488,other,fwd,sedan,red,mo
18990,2013,volkswagen,good,4,other,20448,other,fwd,sedan,unknown,il
18990,2019,mitsubishi,good,4,gas,47637,other,4wd,hatchback,silver,ma
18990,2017,hyundai,good,4,gas,26033,automatic,fwd,SUV,brown,ok
18990,2016,buick,good,4,other,9234,other,unknown,sedan,red,tn
18990,2010,toyota,unknown,6,gas,79958,manual,4wd,pickup,white,hi
18990,2017,toyota,good,4,gas,16947,other,fwd,sedan,unknown,nv
18990,2012,acura,good,4,gas,36309,other,fwd,sedan,black,ri
18990,2018,hyundai,good,4,gas,13084,other,fwd,sedan,unknown,pa
18990,2008,ford,excellent,8,diesel,136706,automatic,4wd,truck,black,fl
18990,2018,buick,good,4,gas,23221,other,fwd,other,unknown,tn
18990,2015,bmw,unknown,6,gas,49850,automatic,unknown,sedan,black,la
18990,2002,toyota,unknown,8,gas,159589,manual,4wd,pickup,unknown,or
18991,2020,subaru,unknown,4,gas,1104,automatic,unknown,sedan,white,ny
18991,2016,mazda,unknown,4,gas,68905,automatic,4wd,SUV,silver,ca
18995,2012,bmw,excellent,8,gas,52515,automatic,4wd,SUV,white,ny
18995,2017,gmc,unknown,6,gas,119550,automatic,unknown,unknown,blue,il
18995,2004,jeep,excellent,6,gas,103450,automatic,4wd,SUV,blue,tx
18995,2006,ford,excellent,8,diesel,151644,automatic,4wd,truck,unknown,az
18995,2018,kia,unknown,4,gas,53571,automatic,fwd,sedan,white,ca
18995,2014,ford,like new,8,gas,132579,automatic,4wd,truck,white,ma
18995,2014,dodge,excellent,6,gas,76720,automatic,rwd,coupe,white,tn
18995,2015,bmw,good,4,gas,89806,other,unknown,SUV,unknown,or
18995,2017,ford,unknown,4,gas,36500,automatic,unknown,sedan,black,wa
18995,2009,chevrolet,unknown,8,gas,128664,automatic,4wd,pickup,black,wi
18995,2019,toyota,like new,4,gas,19190,automatic,unknown,unknown,unknown,hi
18995,2014,jeep,excellent,6,gas,76671,automatic,4wd,SUV,red,ia
18995,2015,acura,excellent,6,gas,34844,automatic,4wd,sedan,black,oh
18995,2006,lexus,unknown,8,gas,182472,automatic,4wd,SUV,black,co
18995,2016,toyota,unknown,6,gas,110900,automatic,unknown,unknown,unknown,ca
18995,2012,volkswagen,excellent,4,gas,98247,manual,4wd,coupe,blue,ok
18995,2014,rover,good,4,gas,79000,automatic,4wd,SUV,silver,ca
18995,2016,mercedes-benz,unknown,4,gas,72113,automatic,rwd,truck,blue,in
18995,2016,ford,like new,8,gas,113470,automatic,rwd,pickup,white,md
18995,2019,nissan,unknown,4,gas,51524,automatic,unknown,unknown,unknown,in
18995,2014,bmw,excellent,4,gas,140000,automatic,rwd,convertible,black,ga
18995,2004,ford,good,8,diesel,131000,automatic,4wd,pickup,white,va
18995,2017,subaru,unknown,4,gas,136585,automatic,unknown,SUV,blue,mo
18995,2016,ford,good,6,gas,105576,automatic,rwd,coupe,grey,ca
18995,2016,ford,good,8,gas,113480,automatic,rwd,pickup,white,md
18995,2018,jeep,good,4,gas,21991,automatic,4wd,SUV,red,ia
18995,2019,chevrolet,good,4,gas,18806,automatic,fwd,wagon,silver,id
18995,2010,ford,excellent,8,diesel,169999,automatic,rwd,pickup,white,ok
18995,2018,kia,excellent,4,gas,24663,automatic,fwd,sedan,silver,ak
18996,2015,ford,excellent,6,gas,80737,automatic,4wd,unknown,unknown,oh
18997,2013,infiniti,unknown,6,gas,69108,automatic,rwd,SUV,white,fl
18997,2015,volvo,excellent,6,gas,91507,automatic,4wd,SUV,black,ma
18998,2019,ford,unknown,4,gas,30269,automatic,unknown,unknown,unknown,wa
18998,2020,hyundai,unknown,4,gas,6894,automatic,fwd,sedan,green,or
18998,2014,nissan,unknown,6,gas,110482,automatic,4wd,SUV,red,va
18998,2015,audi,unknown,4,gas,57206,automatic,fwd,unknown,red,ok
18999,2008,ford,unknown,8,gas,56435,other,4wd,truck,white,wi
18999,2016,ford,unknown,6,gas,104307,automatic,unknown,SUV,unknown,ma
18999,2017,mercedes-benz,unknown,4,gas,76708,automatic,unknown,sedan,white,ca
18999,2012,chevrolet,excellent,8,gas,93841,automatic,4wd,pickup,white,nj
18999,2018,mitsubishi,unknown,4,gas,76935,automatic,4wd,SUV,black,wa
18999,2019,honda,unknown,4,gas,20721,automatic,fwd,sedan,unknown,ks
18999,2012,toyota,excellent,4,gas,99319,automatic,rwd,truck,grey,co
18999,2014,kia,like new,6,gas,50000,automatic,unknown,sedan,unknown,ca
18999,2009,jeep,unknown,6,gas,121660,manual,4wd,SUV,blue,wa
18999,2012,mercedes-benz,excellent,8,gas,75000,automatic,unknown,sedan,blue,fl
18999,2017,acura,excellent,6,gas,98909,automatic,unknown,SUV,unknown,nc
18999,2010,mercedes-benz,good,8,gas,95759,automatic,4wd,sedan,black,md
18999,2017,dodge,excellent,6,gas,60763,automatic,rwd,unknown,unknown,tn
18999,2015,chrysler,like new,6,gas,41000,automatic,fwd,van,grey,ny
18999,2008,bmw,excellent,6,gas,86500,manual,4wd,wagon,unknown,ma
18999,2006,ford,like new,8,diesel,101887,automatic,4wd,truck,unknown,sc
18999,2016,honda,excellent,6,gas,105584,automatic,4wd,SUV,white,ia
19000,2016,infiniti,like new,4,gas,40000,automatic,4wd,unknown,black,co
19000,2007,lexus,excellent,8,gas,93243,automatic,rwd,convertible,white,hi
19000,2009,ford,excellent,6,gas,30132,automatic,4wd,truck,white,wa
19000,2008,chevrolet,excellent,8,gas,80465,automatic,rwd,SUV,silver,az
19000,2014,jeep,unknown,6,gas,67757,automatic,rwd,SUV,black,hi
19014,2013,cadillac,unknown,6,gas,49332,automatic,rwd,sedan,unknown,or
19201,2018,chevrolet,unknown,4,gas,45888,automatic,fwd,SUV,brown,mi
19240,2019,honda,excellent,4,gas,23097,automatic,fwd,sedan,black,oh
19250,1996,ram,excellent,6,diesel,211540,manual,4wd,truck,unknown,id
19250,2008,ford,good,8,diesel,213000,automatic,4wd,truck,brown,ca
19300,2014,chevrolet,excellent,8,gas,160000,automatic,4wd,truck,red,pa
19320,2018,hyundai,unknown,4,gas,21063,automatic,4wd,SUV,grey,il
19337,2014,mercedes-benz,unknown,6,gas,84961,automatic,4wd,sedan,unknown,ne
19350,2012,jeep,excellent,6,gas,130760,automatic,4wd,unknown,white,tx
19377,2014,cadillac,unknown,6,other,46275,automatic,rwd,sedan,red,az
19444,2012,gmc,unknown,8,gas,165841,automatic,unknown,other,blue,pa
19445,2015,toyota,unknown,4,gas,51740,automatic,fwd,unknown,black,ca
19450,2016,mercedes-benz,excellent,6,gas,57692,automatic,4wd,sedan,black,va
19463,2015,ford,unknown,6,gas,67461,automatic,unknown,unknown,white,mi
19488,2013,chevrolet,unknown,8,gas,134413,other,rwd,SUV,black,tx
19493,2016,hyundai,unknown,4,unknown,44779,automatic,unknown,SUV,unknown,co
19499,2017,ford,unknown,6,gas,122000,automatic,4wd,SUV,custom,tn
19499,2016,audi,excellent,4,gas,40205,automatic,4wd,sedan,unknown,fl
19499,2013,mercedes-benz,excellent,8,gas,117737,automatic,rwd,sedan,black,fl
19499,2017,honda,like new,4,gas,68663,automatic,fwd,sedan,silver,mi
19500,2014,lexus,unknown,6,gas,44704,automatic,unknown,unknown,unknown,ia
19500,2011,toyota,excellent,6,gas,148000,automatic,unknown,unknown,white,al
19500,2005,ford,unknown,8,diesel,48000,automatic,unknown,unknown,unknown,ak
19500,2017,chevrolet,excellent,4,gas,50000,automatic,rwd,pickup,grey,la
19500,2008,ford,like new,8,gas,63000,automatic,4wd,pickup,unknown,md
19500,2002,ford,unknown,8,diesel,126627,automatic,unknown,unknown,unknown,or
19500,2012,mercedes-benz,excellent,6,diesel,53000,automatic,4wd,SUV,white,fl
19500,2010,ram,excellent,8,gas,47290,automatic,rwd,pickup,brown,ca
19500,2012,chevrolet,excellent,8,gas,132945,automatic,4wd,pickup,silver,nc
19500,2012,chevrolet,unknown,8,gas,122200,automatic,4wd,truck,red,mi
19500,2004,porsche,excellent,6,gas,31811,automatic,unknown,unknown,black,mn
19500,2014,ford,unknown,8,gas,82283,manual,rwd,coupe,red,al
19500,2017,nissan,excellent,6,gas,40389,automatic,4wd,SUV,black,ny
19500,1997,unknown,excellent,8,diesel,44000,automatic,rwd,truck,white,ut
19500,2000,ford,excellent,8,diesel,116000,automatic,rwd,van,white,va
19504,2013,ram,unknown,8,gas,161377,automatic,4wd,truck,white,co
19560,2018,ford,unknown,4,gas,35059,automatic,4wd,SUV,silver,mi
19590,2014,acura,good,4,gas,18521,other,fwd,sedan,white,md
19590,2017,mitsubishi,good,4,other,50473,other,4wd,SUV,brown,pa
19590,2017,hyundai,good,4,hybrid,29254,manual,fwd,sedan,white,wi
19590,2013,bmw,good,6,gas,83600,other,rwd,coupe,black,oh
19590,2016,volvo,good,4,gas,37386,other,fwd,sedan,unknown,nj
19590,2014,mercedes-benz,good,6,gas,60091,automatic,rwd,sedan,silver,tx
19590,2012,audi,good,4,gas,48086,other,unknown,other,black,tn
19590,2017,volkswagen,good,4,gas,24248,other,fwd,sedan,unknown,az
19590,2016,subaru,good,4,gas,10397,other,unknown,sedan,silver,az
19590,2019,dodge,good,6,other,29896,other,fwd,SUV,black,tx
19590,2019,chevrolet,good,8,electric,9224,other,fwd,hatchback,unknown,nm
19590,2020,kia,good,4,gas,15655,other,fwd,wagon,black,il
19590,2017,acura,good,4,diesel,29014,other,fwd,sedan,black,wi
19590,2017,acura,good,4,diesel,29014,other,fwd,sedan,black,fl
19590,2017,kia,good,4,other,13688,other,fwd,wagon,red,pa
19590,2018,dodge,good,6,gas,15892,other,fwd,other,white,ca
19590,2013,infiniti,good,6,gas,96140,other,unknown,other,blue,ca
19590,2019,nissan,good,4,electric,11229,other,fwd,hatchback,silver,tx
19595,2011,gmc,unknown,8,gas,46826,automatic,4wd,pickup,blue,oh
19598,2018,hyundai,unknown,4,gas,42366,automatic,4wd,SUV,grey,id
19599,2017,hyundai,unknown,4,gas,73172,automatic,fwd,SUV,white,ga
19644,2012,toyota,unknown,8,gas,89920,automatic,unknown,unknown,white,oh
19697,2012,ford,unknown,10,gas,149237,automatic,rwd,unknown,white,fl
19700,2017,cadillac,excellent,4,gas,51074,automatic,unknown,unknown,unknown,in
19722,2018,honda,good,4,gas,31410,other,fwd,sedan,unknown,or
19724,2014,jeep,unknown,6,gas,88912,other,4wd,SUV,white,ca
19730,2017,nissan,unknown,6,gas,88137,automatic,4wd,wagon,grey,nh
19750,2011,nissan,good,8,gas,89000,manual,4wd,truck,white,ky
19777,2016,acura,unknown,6,gas,81083,automatic,unknown,sedan,black,va
19788,2015,dodge,excellent,6,gas,86410,automatic,unknown,other,unknown,mi
19789,2018,toyota,unknown,4,gas,27694,automatic,fwd,SUV,custom,fl
19791,2018,honda,unknown,4,gas,32977,automatic,fwd,sedan,silver,fl
19799,2018,ford,unknown,6,gas,95265,automatic,unknown,other,black,oh
19823,2010,gmc,unknown,8,gas,123673,automatic,4wd,SUV,black,ca
19858,2012,bmw,excellent,6,gas,44486,automatic,rwd,sedan,blue,wa
19886,2017,honda,unknown,4,hybrid,55613,automatic,fwd,sedan,custom,tn
19899,2020,nissan,unknown,4,gas,10588,automatic,fwd,hatchback,silver,al
19899,2016,audi,excellent,4,gas,40205,automatic,4wd,sedan,unknown,fl
19899,2008,ford,unknown,8,diesel,113866,automatic,4wd,pickup,white,az
19900,2013,chevrolet,excellent,8,gas,97000,automatic,4wd,pickup,red,ma
19900,2014,audi,excellent,4,gas,66260,manual,4wd,coupe,white,nv
19900,2020,chevrolet,good,4,gas,19705,automatic,fwd,sedan,custom,wi
19900,2016,ford,unknown,8,gas,161988,automatic,unknown,unknown,unknown,co
19900,2015,ford,unknown,8,gas,163000,automatic,unknown,unknown,unknown,nc
19900,2007,ford,unknown,8,gas,50000,automatic,unknown,unknown,unknown,sd
19900,2015,dodge,unknown,6,gas,94599,automatic,fwd,van,unknown,ky
19900,2019,nissan,excellent,4,gas,36913,other,unknown,sedan,unknown,wa
19900,2017,jeep,unknown,4,gas,51450,automatic,unknown,unknown,unknown,vt
19900,2015,honda,unknown,6,gas,56405,automatic,fwd,sedan,white,tn
19900,2008,chevrolet,unknown,8,diesel,244468,automatic,4wd,pickup,red,wi
19900,2016,ford,excellent,4,gas,69322,automatic,fwd,wagon,silver,ca
19900,1995,mazda,excellent,4,diesel,85000,automatic,4wd,van,black,id
19900,2005,chevrolet,unknown,8,diesel,120000,automatic,unknown,unknown,unknown,ky
19900,2014,gmc,unknown,8,gas,114616,automatic,unknown,unknown,unknown,tx
19922,2014,nissan,unknown,6,gas,77140,automatic,4wd,pickup,black,tx
19940,2016,toyota,unknown,6,gas,108249,automatic,fwd,van,grey,al
19950,2015,dodge,excellent,6,other,85034,automatic,unknown,other,grey,ma
19950,2011,porsche,excellent,8,gas,99867,automatic,4wd,SUV,unknown,ca
19950,2021,jeep,unknown,4,gas,2297,automatic,4wd,SUV,black,fl
19950,2016,hyundai,like new,6,gas,26000,automatic,unknown,unknown,unknown,al
19977,2011,jeep,excellent,6,gas,82500,manual,4wd,unknown,yellow,tx
19977,2010,unknown,unknown,8,diesel,100473,automatic,unknown,truck,white,il
19977,2016,bmw,unknown,4,gas,45218,automatic,rwd,sedan,silver,al
19980,2015,ford,unknown,8,gas,51807,automatic,fwd,pickup,white,or
19981,2017,toyota,unknown,4,gas,69851,automatic,fwd,sedan,unknown,ca
19983,2011,jeep,excellent,6,gas,145596,automatic,4wd,offroad,black,tx
19988,2018,toyota,unknown,4,gas,40376,automatic,fwd,sedan,grey,ak
19988,2014,ram,unknown,8,gas,106169,automatic,fwd,pickup,unknown,ca
19988,2013,toyota,good,6,gas,73617,automatic,unknown,mini-van,grey,wa
19988,2014,chevrolet,excellent,8,gas,169957,automatic,4wd,pickup,unknown,oh
19990,2017,hyundai,good,4,gas,3830,other,fwd,sedan,unknown,ny
19990,2018,mazda,good,4,other,14063,other,fwd,hatchback,blue,ny
19990,2018,kia,good,4,other,22065,other,fwd,wagon,silver,ca
19990,2013,volkswagen,good,4,gas,24294,automatic,fwd,convertible,blue,oh
19990,2020,mitsubishi,good,4,other,36672,other,unknown,hatchback,black,nc
19990,2012,ford,excellent,8,diesel,267482,automatic,rwd,truck,unknown,fl
19990,2018,ford,good,6,gas,24401,other,4wd,hatchback,unknown,tx
19990,2013,lexus,good,6,gas,98917,other,rwd,sedan,white,ct
19990,2018,kia,good,4,gas,14552,other,fwd,hatchback,white,nm
19990,2014,chrysler,good,6,other,52540,other,fwd,van,silver,tx
19990,2012,cadillac,good,6,gas,21075,other,fwd,other,black,ga
19990,2018,hyundai,good,4,gas,16296,other,fwd,hatchback,blue,tn
19990,2017,hyundai,good,4,hybrid,29254,manual,fwd,sedan,white,fl
19990,2019,buick,like new,4,gas,12208,automatic,fwd,SUV,silver,mn
19990,2020,kia,good,4,gas,1997,other,fwd,wagon,red,co
19990,2020,kia,good,4,gas,9573,automatic,fwd,wagon,silver,fl
19990,2017,buick,good,4,gas,16579,other,fwd,other,silver,il
19990,2020,hyundai,good,4,gas,23987,other,fwd,hatchback,unknown,ny
19990,2017,kia,good,6,gas,49078,other,unknown,SUV,silver,nj
19990,2019,mitsubishi,good,4,gas,35819,other,4wd,SUV,black,tx
19990,2017,honda,good,4,gas,10736,automatic,fwd,coupe,white,ks
19990,2015,unknown,good,4,gas,17340,other,fwd,coupe,unknown,co
19990,2017,ford,unknown,6,gas,43221,automatic,fwd,SUV,white,fl
19990,2013,volkswagen,good,4,gas,24294,automatic,fwd,convertible,blue,nc
19990,2018,mitsubishi,good,4,other,15207,automatic,4wd,SUV,unknown,wv
19990,2018,ford,good,6,hybrid,43914,other,fwd,wagon,white,az
19990,2017,fiat,good,4,gas,6054,other,fwd,hatchback,unknown,ca
19990,2017,hyundai,good,4,hybrid,29254,manual,fwd,sedan,white,va
19990,2018,dodge,good,6,gas,58404,other,unknown,other,white,oh
19990,2017,buick,good,4,other,42578,other,fwd,sedan,unknown,pa
19990,2017,fiat,good,4,gas,6054,other,fwd,hatchback,unknown,ks
19990,2018,mitsubishi,good,4,other,15207,automatic,4wd,SUV,unknown,ar
19990,2011,cadillac,good,6,gas,34673,other,unknown,other,unknown,ca
19991,2015,chevrolet,excellent,6,gas,90126,automatic,unknown,truck,unknown,hi
19991,2012,lexus,unknown,8,gas,85088,automatic,fwd,sedan,unknown,tx
19992,2013,cadillac,good,6,other,40331,automatic,rwd,coupe,white,fl
19994,2011,mercedes-benz,excellent,6,gas,59266,automatic,rwd,convertible,black,or
19995,2018,nissan,unknown,4,gas,51660,automatic,fwd,sedan,blue,mo
19995,2013,toyota,excellent,6,gas,136431,automatic,rwd,SUV,grey,tx
19995,2015,toyota,good,6,gas,25175,automatic,fwd,mini-van,unknown,nj
19995,2015,ford,unknown,6,gas,110878,automatic,unknown,unknown,white,tn
19995,2019,ram,like new,8,gas,13000,automatic,rwd,truck,black,tx
19995,2019,ford,like new,6,gas,4364,automatic,fwd,sedan,grey,mi
19995,2014,audi,unknown,6,gas,92593,automatic,unknown,SUV,black,id
19995,2018,mazda,unknown,4,gas,27000,automatic,fwd,unknown,black,tn
19995,2015,nissan,excellent,6,gas,62981,automatic,fwd,SUV,grey,ca
19995,2015,chevrolet,unknown,8,gas,64420,automatic,fwd,van,white,ma
19995,2010,chevrolet,excellent,8,gas,116539,automatic,4wd,SUV,black,ca
19995,2011,chevrolet,unknown,8,gas,121815,automatic,fwd,pickup,black,ca
19995,2012,toyota,excellent,6,gas,101699,automatic,4wd,pickup,grey,vt
19995,2013,jeep,excellent,6,gas,131950,automatic,4wd,SUV,red,ct
19995,2003,jeep,excellent,6,gas,57260,automatic,unknown,SUV,unknown,tn
19995,2007,toyota,good,6,gas,150902,automatic,4wd,other,white,ca
19995,2012,chevrolet,excellent,8,gas,110749,automatic,4wd,unknown,silver,ca
19995,2015,ford,unknown,6,gas,150000,automatic,unknown,unknown,unknown,tn
19995,2018,jeep,unknown,6,gas,31291,automatic,unknown,unknown,unknown,nj
19995,2017,gmc,unknown,4,unknown,31833,automatic,fwd,SUV,red,ia
19995,2012,ford,unknown,8,gas,200569,automatic,unknown,unknown,unknown,nc
19995,2014,chevrolet,excellent,8,gas,90005,automatic,4wd,unknown,red,mi
19995,2019,chevrolet,excellent,4,gas,12863,automatic,4wd,SUV,grey,ia
19995,2018,chevrolet,unknown,4,gas,21341,automatic,fwd,unknown,unknown,mi
19995,2019,honda,unknown,4,gas,22660,automatic,unknown,unknown,unknown,nj
19995,2008,ford,unknown,8,diesel,155500,automatic,4wd,unknown,unknown,tx
19995,2015,ford,excellent,6,gas,107663,automatic,4wd,wagon,blue,wi
19995,1995,unknown,unknown,6,diesel,74642,manual,4wd,unknown,unknown,va
19995,2017,chevrolet,unknown,4,electric,28411,automatic,unknown,hatchback,unknown,nc
19995,2014,ford,excellent,6,gas,97343,automatic,rwd,pickup,white,az
19995,2012,chevrolet,excellent,8,gas,103652,automatic,4wd,pickup,blue,mn
19995,2019,dodge,excellent,6,gas,46343,automatic,fwd,mini-van,white,ks
19995,2011,ram,excellent,8,gas,144657,other,4wd,truck,unknown,co
19997,2001,toyota,unknown,6,gas,235351,automatic,4wd,SUV,silver,wa
19997,2019,dodge,unknown,6,gas,39943,automatic,unknown,SUV,red,ny
19998,2014,ford,unknown,8,other,174699,automatic,fwd,pickup,white,fl
19998,2014,mercedes-benz,unknown,4,gas,93569,automatic,unknown,sedan,white,fl
19998,2016,ford,unknown,6,gas,117805,automatic,4wd,SUV,unknown,pa
19999,1997,unknown,excellent,6,diesel,159211,automatic,unknown,unknown,red,wv
19999,2012,ford,excellent,8,gas,144000,automatic,rwd,pickup,unknown,ca
19999,2015,ford,unknown,6,gas,73137,automatic,4wd,sedan,black,wa
19999,2019,nissan,unknown,6,gas,3927,automatic,unknown,pickup,silver,ks
19999,2018,dodge,unknown,6,gas,73305,automatic,fwd,SUV,unknown,ca
19999,2017,chevrolet,unknown,8,gas,7031,automatic,4wd,SUV,red,ut
19999,2011,ford,unknown,10,gas,147979,automatic,4wd,truck,unknown,co
19999,2008,harley-davidson,good,8,diesel,229726,automatic,4wd,truck,black,nm
19999,2018,ford,excellent,4,gas,53706,automatic,4wd,SUV,blue,or
19999,2011,ford,unknown,8,gas,58911,automatic,rwd,truck,blue,oh
19999,2011,jeep,unknown,6,gas,84250,manual,4wd,SUV,black,nc
19999,2016,gmc,unknown,4,gas,72059,automatic,unknown,SUV,white,id
19999,2008,chevrolet,unknown,8,gas,65000,automatic,unknown,unknown,unknown,mt
19999,1996,ford,unknown,8,diesel,267371,manual,4wd,truck,unknown,co
19999,2002,lexus,unknown,8,gas,195000,automatic,4wd,SUV,blue,ga
20000,2014,subaru,good,4,gas,89000,manual,4wd,unknown,unknown,ct
20000,2006,ford,unknown,8,diesel,220000,automatic,unknown,unknown,unknown,ca
20000,2002,ford,good,8,diesel,121000,manual,rwd,unknown,white,mt
20000,2005,unknown,excellent,8,gas,205000,automatic,4wd,unknown,green,wa
20000,2017,ford,unknown,8,gas,12551,automatic,fwd,unknown,white,mi
20000,2001,porsche,good,6,gas,103000,automatic,4wd,convertible,silver,wy
20000,2013,chevrolet,unknown,8,gas,140253,automatic,4wd,truck,unknown,tx
20000,2012,bmw,like new,8,gas,93000,automatic,4wd,sedan,black,oh
20000,2001,jeep,excellent,6,gas,54876,manual,4wd,unknown,grey,az
20000,2003,ford,excellent,8,diesel,124000,automatic,4wd,truck,white,ca
20000,2012,toyota,like new,6,gas,130000,automatic,unknown,unknown,unknown,nc
20000,2015,jeep,good,6,gas,132000,automatic,4wd,SUV,black,va
20000,2010,ram,good,8,gas,140000,automatic,4wd,unknown,unknown,az
20000,2017,unknown,excellent,4,gas,49543,automatic,fwd,unknown,unknown,ca
20218,2017,kia,unknown,6,gas,72432,automatic,4wd,wagon,red,il
20252,2019,nissan,excellent,4,gas,48048,automatic,unknown,sedan,silver,ia
20317,2019,mitsubishi,good,4,gas,46198,automatic,4wd,SUV,brown,tn
20340,2017,dodge,excellent,6,gas,64182,automatic,4wd,other,unknown,mi
20387,2016,honda,excellent,4,gas,52530,automatic,4wd,SUV,unknown,ok
20488,2017,cadillac,good,6,gas,75319,automatic,fwd,sedan,white,ca
20495,2019,nissan,excellent,4,gas,23325,automatic,fwd,sedan,unknown,or
20499,2014,ford,good,6,gas,49560,automatic,rwd,convertible,black,ct
20499,2015,jeep,unknown,6,gas,90890,automatic,4wd,SUV,red,al
20500,2014,ford,unknown,10,gas,78800,automatic,unknown,unknown,unknown,hi
20500,2015,toyota,excellent,4,hybrid,23000,automatic,unknown,hatchback,white,ca
20500,2019,mazda,like new,4,gas,12000,automatic,4wd,hatchback,blue,ar
20536,2018,jeep,unknown,4,gas,60937,automatic,4wd,SUV,black,il
20590,2013,infiniti,good,6,gas,57181,other,rwd,coupe,black,ca
20590,2011,mercedes-benz,good,8,other,80765,other,rwd,coupe,white,ny
20590,2019,ford,good,6,gas,40022,other,fwd,sedan,black,ca
20590,2014,chevrolet,unknown,8,gas,117710,automatic,4wd,SUV,black,co
20590,2019,nissan,good,4,other,6579,other,fwd,hatchback,black,ca
20590,2016,toyota,good,6,hybrid,26808,other,fwd,wagon,silver,ga
20590,2019,chevrolet,good,4,gas,6523,other,unknown,hatchback,black,mi
20590,2015,bmw,good,4,gas,65290,automatic,unknown,coupe,black,il
20590,2018,buick,good,4,other,33584,other,fwd,sedan,silver,ga
20590,2019,nissan,good,4,gas,3544,other,fwd,hatchback,silver,ny
20590,2018,chevrolet,good,8,other,13461,other,fwd,sedan,white,ca
20590,2019,buick,good,4,gas,6377,other,fwd,other,white,wy
20590,2015,mercedes-benz,good,6,gas,74512,automatic,unknown,SUV,silver,ca
20590,2013,acura,good,6,gas,77087,other,unknown,SUV,silver,mi
20590,2013,acura,good,6,gas,77087,other,unknown,other,silver,ca
20590,2014,bmw,good,4,gas,59476,other,rwd,coupe,black,ks
20590,2015,ford,good,6,other,91667,automatic,4wd,SUV,white,ca
20590,2015,volkswagen,good,4,gas,34009,other,fwd,sedan,black,ca
20590,2017,acura,good,4,gas,14939,other,fwd,sedan,silver,tx
20590,2013,toyota,good,6,gas,73873,other,fwd,van,silver,ca
20590,2016,hyundai,good,4,other,30224,other,fwd,other,red,ca
20590,2020,mitsubishi,good,4,gas,31332,other,4wd,SUV,white,ca
20590,2013,infiniti,good,6,other,58962,other,rwd,coupe,unknown,il
20699,2013,ford,unknown,8,other,109326,automatic,unknown,pickup,red,fl
20700,2011,jeep,excellent,6,gas,124007,automatic,4wd,wagon,red,ct
20700,2016,chevrolet,unknown,4,gas,74639,other,4wd,truck,black,ny
20777,2018,nissan,unknown,6,gas,61014,automatic,4wd,SUV,unknown,va
20789,2017,subaru,like new,4,gas,86000,automatic,4wd,sedan,unknown,tx
20795,2017,acura,unknown,6,gas,36640,automatic,fwd,sedan,blue,fl
20796,2019,jeep,good,6,other,5538,automatic,4wd,other,unknown,wi
20798,2018,toyota,unknown,4,gas,24880,automatic,fwd,sedan,red,dc
20877,2018,volkswagen,unknown,4,gas,41019,automatic,unknown,SUV,white,ny
20888,2014,lexus,unknown,6,gas,60412,automatic,fwd,sedan,unknown,fl
20890,2015,ford,unknown,6,gas,119676,automatic,4wd,unknown,green,oh
20895,2012,volkswagen,unknown,6,diesel,88353,automatic,4wd,SUV,silver,oh
20900,2011,chevrolet,like new,8,gas,149000,automatic,4wd,pickup,white,mo
20900,2013,chevrolet,unknown,8,gas,103744,automatic,4wd,unknown,silver,mn
20900,2008,chevrolet,excellent,8,gas,68350,automatic,4wd,truck,brown,ny
20900,2013,ford,good,8,gas,111053,automatic,unknown,unknown,blue,mn
20900,2018,dodge,unknown,6,gas,97269,automatic,fwd,van,unknown,tn
20900,2016,ford,unknown,6,gas,89368,other,fwd,SUV,black,ak
20900,2014,cadillac,excellent,6,gas,44605,automatic,rwd,SUV,black,tn
20900,2013,gmc,excellent,8,gas,125331,automatic,rwd,truck,custom,fl
20900,2011,bmw,excellent,8,gas,40700,automatic,4wd,unknown,unknown,il
20900,2004,chevrolet,excellent,4,gas,37173,automatic,fwd,coupe,white,pa
20903,2016,cadillac,unknown,6,gas,64411,automatic,fwd,SUV,grey,tx
20931,2013,lexus,unknown,6,gas,91438,automatic,fwd,SUV,white,sc
20951,2015,acura,unknown,6,gas,86686,automatic,4wd,SUV,grey,tn
20952,2014,ram,unknown,6,gas,142002,automatic,4wd,pickup,white,tx
20972,2016,chevrolet,good,6,gas,76712,automatic,unknown,SUV,unknown,wa
20975,2017,chevrolet,good,6,gas,138700,automatic,rwd,van,white,nj
20987,2018,toyota,unknown,4,unknown,23879,automatic,fwd,SUV,black,az
20988,2020,nissan,excellent,4,gas,29360,other,unknown,SUV,unknown,ca
20988,2013,chevrolet,unknown,8,other,116463,unknown,unknown,other,white,ma
20989,2018,chevrolet,unknown,4,gas,29968,automatic,fwd,SUV,brown,oh
20990,2017,ford,unknown,8,gas,66802,automatic,unknown,coupe,yellow,tn
20990,2015,lexus,excellent,6,gas,68562,automatic,unknown,sedan,grey,fl
20990,2017,ford,good,6,gas,26926,other,fwd,other,silver,tx
20990,2018,chrysler,good,6,other,24213,other,rwd,sedan,unknown,ar
20990,2020,hyundai,good,4,gas,6653,other,fwd,hatchback,white,mn
20990,2014,chevrolet,good,6,gas,25635,other,rwd,coupe,blue,oh
20990,2018,toyota,good,4,other,14835,other,fwd,hatchback,unknown,az
20990,2013,ford,excellent,6,gas,122347,automatic,4wd,truck,white,mt
20990,2008,toyota,excellent,6,gas,122000,automatic,unknown,unknown,unknown,nc
20990,2017,infiniti,good,6,gas,79254,other,rwd,sedan,black,wi
20990,2019,chevrolet,like new,4,gas,7387,automatic,fwd,sedan,silver,nd
20990,2017,chrysler,good,6,gas,32293,other,rwd,sedan,black,ga
20990,2019,kia,good,4,gas,12876,other,fwd,wagon,silver,tx
20990,2012,lexus,good,6,gas,33083,other,rwd,sedan,brown,ca
20990,2012,mercedes-benz,good,6,other,45148,other,unknown,other,black,ca
20992,2016,toyota,unknown,6,gas,62158,automatic,fwd,van,silver,fl
20994,2015,hyundai,unknown,6,gas,61075,automatic,4wd,SUV,black,wa
20995,2013,chevrolet,excellent,8,gas,112814,automatic,rwd,unknown,white,wa
20995,2015,buick,excellent,6,gas,132358,automatic,fwd,SUV,white,tx
20995,2012,rover,unknown,4,gas,71942,automatic,4wd,SUV,black,or
20995,2018,subaru,unknown,4,gas,12752,automatic,unknown,unknown,unknown,nj
20995,2016,nissan,unknown,6,gas,86962,automatic,fwd,sedan,black,ky
20995,2016,ford,unknown,8,gas,140199,automatic,fwd,pickup,unknown,ca
20995,2015,ford,unknown,6,gas,74197,automatic,4wd,SUV,black,ca
20995,2017,chevrolet,unknown,6,gas,36663,automatic,fwd,SUV,black,ia
20995,2014,acura,unknown,6,gas,56161,automatic,fwd,SUV,red,oh
20995,2010,jeep,unknown,6,gas,61295,automatic,4wd,SUV,white,fl
20995,2012,toyota,excellent,6,gas,121000,automatic,4wd,pickup,red,ma
20995,2015,toyota,excellent,6,gas,120529,automatic,unknown,SUV,unknown,nm
20995,2007,gmc,unknown,8,diesel,187306,automatic,4wd,truck,unknown,wa
20995,2014,chevrolet,good,8,gas,171379,automatic,4wd,truck,white,mn
20995,2018,jeep,like new,4,gas,23389,automatic,4wd,SUV,unknown,ny
20995,2016,audi,excellent,6,gas,71688,automatic,4wd,sedan,silver,co
20995,2013,toyota,good,6,gas,44655,automatic,fwd,van,grey,ca
20995,2010,audi,unknown,8,gas,98175,automatic,unknown,coupe,unknown,ca
20995,2014,chevrolet,excellent,8,diesel,112825,automatic,unknown,unknown,unknown,sc
20995,2016,ford,unknown,6,gas,94674,automatic,4wd,SUV,unknown,co
20996,2013,jaguar,unknown,6,gas,91000,automatic,rwd,sedan,black,fl
20998,2012,ford,unknown,8,gas,126037,automatic,4wd,pickup,white,id
20998,2017,ford,excellent,8,gas,113196,automatic,4wd,pickup,white,tx
20999,2016,honda,unknown,4,gas,72567,automatic,4wd,SUV,black,wa
20999,2015,bmw,unknown,4,gas,67584,automatic,unknown,sedan,unknown,ks
20999,2015,chevrolet,excellent,6,gas,99284,automatic,4wd,truck,white,fl
21000,2007,toyota,good,6,gas,155000,automatic,4wd,SUV,black,ca
21000,2013,subaru,like new,4,gas,47000,manual,4wd,sedan,white,ia
21000,2018,toyota,good,4,gas,55000,automatic,fwd,pickup,silver,la
21000,2004,ford,unknown,8,diesel,124430,automatic,rwd,truck,unknown,or
21000,2019,ford,excellent,4,gas,27000,automatic,4wd,SUV,grey,mn
21000,2015,gmc,unknown,6,gas,93000,automatic,4wd,SUV,black,mi
21000,2013,chevrolet,excellent,8,gas,104300,automatic,4wd,SUV,white,tx
21000,1998,jeep,unknown,6,gas,100000,manual,unknown,unknown,unknown,az
21009,2017,honda,unknown,4,gas,72054,automatic,fwd,SUV,custom,ga
21025,2019,nissan,unknown,4,gas,26581,automatic,unknown,other,white,tn
21249,2012,infiniti,unknown,6,gas,42653,automatic,rwd,SUV,black,ne
21250,2014,lexus,unknown,6,other,58008,automatic,unknown,sedan,unknown,tx
21299,2018,jeep,unknown,4,gas,26263,automatic,4wd,unknown,white,mn
21311,2021,chevrolet,unknown,4,gas,4464,automatic,unknown,unknown,unknown,ar
21332,2019,honda,unknown,4,gas,82440,automatic,fwd,sedan,blue,ca
21390,2018,jeep,unknown,6,gas,34083,automatic,4wd,SUV,black,ma
21450,2015,ford,excellent,8,gas,154059,automatic,4wd,pickup,white,ok
21494,2015,ram,unknown,8,gas,111225,automatic,4wd,pickup,unknown,oh
21495,2019,jeep,unknown,6,gas,17806,automatic,unknown,unknown,unknown,nj
21495,2015,dodge,like new,6,gas,77777,automatic,4wd,SUV,unknown,ny
21495,2018,chrysler,unknown,6,gas,36621,automatic,unknown,unknown,unknown,nj
21497,2007,chevrolet,unknown,8,gas,86647,automatic,4wd,unknown,unknown,id
21499,2019,nissan,excellent,4,gas,18679,automatic,fwd,unknown,blue,ca
21500,2015,nissan,excellent,6,gas,62900,automatic,fwd,SUV,silver,ca
21500,2014,gmc,unknown,8,gas,61280,automatic,unknown,unknown,unknown,pa
21500,2014,ford,excellent,8,gas,118000,automatic,rwd,truck,black,oh
21500,2016,gmc,good,6,gas,53000,automatic,4wd,SUV,grey,ny
21500,2016,nissan,excellent,6,gas,19000,automatic,rwd,unknown,red,nc
21500,2008,chevrolet,like new,8,diesel,231000,automatic,4wd,truck,white,ga
21500,2014,mercedes-benz,excellent,6,gas,74445,automatic,4wd,SUV,grey,il
21500,1999,chevrolet,excellent,8,gas,117527,automatic,rwd,pickup,white,mi
21500,2008,chevrolet,excellent,8,diesel,190000,automatic,4wd,unknown,unknown,il
21500,2013,ram,good,6,gas,97036,automatic,unknown,truck,grey,ny
21500,2012,gmc,excellent,8,gas,116500,automatic,4wd,truck,white,ga
21555,2018,volkswagen,like new,4,gas,17111,automatic,fwd,coupe,white,ok
21581,2019,dodge,unknown,6,gas,47552,automatic,fwd,van,silver,tx
21590,2017,jaguar,good,6,gas,46661,automatic,rwd,sedan,black,sc
21590,2018,honda,good,4,gas,7885,other,fwd,sedan,unknown,tn
21590,2019,chrysler,good,6,other,43747,other,rwd,sedan,black,de
21590,2016,nissan,good,6,gas,71390,other,fwd,pickup,white,tx
21590,2017,fiat,good,4,gas,22556,other,rwd,convertible,red,ct
21590,2018,mitsubishi,good,4,other,44422,other,4wd,SUV,white,ny
21590,2016,cadillac,good,4,other,53255,other,unknown,sedan,blue,co
21590,2013,bmw,good,6,other,44366,automatic,rwd,sedan,white,ks
21590,2018,volkswagen,good,4,gas,17582,other,fwd,SUV,blue,ca
21590,2013,bmw,good,6,other,44366,automatic,rwd,sedan,white,ma
21590,2018,toyota,good,4,other,24527,other,fwd,sedan,black,ga
21590,2019,volkswagen,good,4,gas,7898,other,fwd,sedan,blue,pa
21590,2018,mazda,good,4,other,16674,other,fwd,hatchback,white,ny
21590,2015,volvo,good,6,gas,43836,automatic,fwd,other,black,co
21595,2014,gmc,unknown,8,gas,198909,automatic,4wd,pickup,black,fl
21597,2020,chevrolet,like new,4,gas,30714,automatic,4wd,SUV,white,az
21662,2020,dodge,unknown,6,gas,7749,automatic,fwd,unknown,unknown,va
21690,2016,mercedes-benz,unknown,4,gas,53511,automatic,rwd,sedan,black,al
21750,2015,ford,unknown,8,other,107800,automatic,4wd,pickup,white,mo
21750,2014,gmc,excellent,6,gas,103000,automatic,4wd,pickup,black,mi
21754,2019,dodge,unknown,6,gas,41631,automatic,fwd,van,silver,fl
21788,2013,ford,unknown,6,gas,161258,automatic,4wd,unknown,white,tn
21795,2016,ford,unknown,8,gas,86003,automatic,unknown,coupe,black,va
21795,2017,chevrolet,unknown,8,other,92631,automatic,unknown,other,silver,va
21811,2019,gmc,excellent,4,gas,21679,automatic,4wd,SUV,unknown,mi
21811,2016,subaru,unknown,4,gas,66988,automatic,unknown,SUV,white,id
21878,2018,jeep,unknown,4,gas,35205,automatic,4wd,SUV,silver,mn
21880,2015,ram,excellent,6,diesel,134936,automatic,fwd,truck,grey,fl
21900,2017,subaru,like new,4,gas,70583,automatic,4wd,wagon,grey,tn
21900,2009,chevrolet,good,8,gas,100851,other,rwd,van,black,il
21900,2013,ford,unknown,8,gas,181000,automatic,unknown,unknown,unknown,al
21900,1995,ford,excellent,8,diesel,71000,manual,unknown,unknown,unknown,oh
21900,2018,nissan,excellent,4,gas,41000,automatic,fwd,SUV,white,or
21900,2015,bmw,good,6,gas,120096,automatic,4wd,SUV,black,wi
21900,2012,ford,like new,8,gas,162648,automatic,unknown,unknown,unknown,tx
21900,2017,chevrolet,good,6,gas,54581,automatic,fwd,SUV,red,fl
21900,2014,ford,unknown,8,gas,175000,automatic,unknown,unknown,unknown,al
21922,2017,honda,unknown,4,gas,39995,automatic,fwd,SUV,custom,fl
21950,2017,audi,unknown,4,gas,75498,automatic,unknown,SUV,blue,ct
21950,1998,ram,excellent,6,gas,112451,manual,4wd,pickup,silver,ca
21950,2014,gmc,good,8,gas,195443,automatic,4wd,truck,white,wi
21958,2015,infiniti,excellent,6,gas,96420,automatic,unknown,sedan,black,ia
21988,2016,nissan,unknown,6,gas,41714,automatic,fwd,pickup,silver,ca
21988,2015,ram,unknown,6,gas,55690,automatic,rwd,unknown,unknown,fl
21988,2019,volkswagen,unknown,4,gas,25159,automatic,fwd,SUV,grey,nv
21988,2016,chevrolet,unknown,8,gas,33966,automatic,fwd,sedan,red,ak
21988,2017,chevrolet,unknown,4,gas,44063,automatic,unknown,unknown,grey,fl
21989,2019,nissan,unknown,4,gas,5919,automatic,fwd,wagon,silver,tn
21990,2013,toyota,good,6,other,77018,other,unknown,pickup,red,wv
21990,2008,ford,good,8,gas,72658,automatic,4wd,unknown,white,wi
21990,2011,ford,unknown,8,other,211176,automatic,fwd,other,green,nh
21990,2018,hyundai,good,4,other,14945,other,fwd,sedan,white,al
21990,2020,volkswagen,good,4,gas,2515,other,fwd,sedan,black,ks
21990,2011,ford,good,6,gas,32652,other,unknown,pickup,unknown,pa
21990,2013,acura,good,6,gas,40778,other,unknown,other,unknown,il
21990,2018,honda,good,4,hybrid,15032,other,fwd,sedan,black,co
21990,2013,toyota,good,6,other,77018,other,unknown,pickup,red,ok
21990,2018,subaru,good,4,other,29337,other,unknown,hatchback,blue,ny
21990,2009,saturn,good,6,gas,11327,other,rwd,other,red,mn
21990,2017,infiniti,good,6,other,29673,other,unknown,hatchback,unknown,pa
21990,2019,jeep,good,4,gas,3916,other,unknown,SUV,white,tx
21990,2018,honda,good,4,hybrid,15032,other,fwd,sedan,black,tx
21990,2005,ford,good,8,gas,45554,automatic,rwd,truck,white,nj
21990,2018,nissan,good,6,gas,35527,automatic,fwd,sedan,blue,wv
21990,2019,toyota,good,6,other,5607,other,unknown,sedan,red,al
21990,2016,unknown,good,4,gas,23592,other,rwd,coupe,black,fl
21990,2020,volkswagen,good,4,gas,2515,other,fwd,sedan,black,nc
21990,2016,chrysler,good,6,gas,51348,other,unknown,sedan,unknown,oh
21990,2014,mercedes-benz,good,6,other,39628,other,unknown,coupe,black,nm
21990,2014,chrysler,good,6,other,29239,other,rwd,sedan,black,ca
21990,2017,toyota,good,4,hybrid,53810,other,fwd,hatchback,blue,tn
21990,2016,unknown,good,4,gas,39647,other,rwd,coupe,unknown,nh
21990,2017,chrysler,good,6,gas,20941,other,fwd,van,silver,sc
21990,2016,mazda,good,4,other,41251,other,rwd,convertible,white,mn
21990,2016,volkswagen,like new,4,gas,42000,automatic,fwd,hatchback,red,nc
21990,2017,ford,good,6,gas,14686,other,fwd,other,red,ma
21990,2005,ford,good,8,gas,45554,automatic,rwd,truck,white,ok
21990,2016,unknown,good,4,gas,23592,other,rwd,coupe,black,ct
21990,2015,mercedes-benz,good,6,other,49619,other,unknown,SUV,black,ny
21990,2016,mazda,good,4,other,41251,other,rwd,convertible,white,va
21990,2018,kia,good,4,gas,17528,other,fwd,wagon,unknown,oh
21990,2013,toyota,good,6,other,77018,other,unknown,pickup,red,md
21990,2017,infiniti,good,6,other,37011,automatic,unknown,hatchback,blue,az
21991,2017,toyota,unknown,6,gas,66275,automatic,fwd,SUV,white,tx
21995,2017,lincoln,like new,4,gas,51756,automatic,4wd,SUV,unknown,ny
21995,2014,ram,excellent,6,gas,85202,automatic,fwd,unknown,white,nv
21995,2014,ram,unknown,6,other,96308,automatic,4wd,pickup,red,az
21995,2012,gmc,unknown,8,diesel,203285,automatic,4wd,unknown,unknown,co
21995,2018,dodge,unknown,6,gas,95412,automatic,unknown,unknown,unknown,ny
21995,2014,jeep,excellent,6,gas,107000,manual,4wd,SUV,black,me
21995,2012,gmc,unknown,8,gas,144325,automatic,4wd,unknown,unknown,tx
21995,2018,ford,unknown,6,gas,111799,automatic,4wd,SUV,black,co
21995,2018,mercedes-benz,unknown,4,gas,30124,automatic,unknown,coupe,black,nj
21995,2015,ford,good,6,gas,102598,automatic,rwd,van,custom,az
21995,2010,ford,excellent,8,gas,90995,automatic,4wd,truck,silver,ma
21995,2013,dodge,unknown,8,gas,59375,manual,rwd,coupe,black,id
21995,2014,bmw,excellent,6,gas,85558,automatic,unknown,other,white,ny
21995,2019,honda,unknown,4,gas,8158,automatic,fwd,sedan,custom,nv
21995,2014,gmc,unknown,8,gas,137754,automatic,unknown,unknown,unknown,il
21995,2017,gmc,unknown,6,gas,51861,automatic,fwd,SUV,white,wi
21995,2014,chevrolet,excellent,6,gas,55866,automatic,rwd,pickup,white,az
21995,2011,ford,excellent,8,gas,152645,automatic,4wd,truck,grey,me
21995,2012,chevrolet,excellent,8,gas,91545,automatic,4wd,truck,unknown,ia
21995,2016,lincoln,good,6,gas,152287,automatic,rwd,SUV,red,fl
21995,2008,ford,unknown,8,diesel,70740,automatic,4wd,other,white,ct
21995,2007,chevrolet,excellent,8,gas,105000,automatic,rwd,convertible,red,ny
21998,2020,toyota,unknown,4,gas,30851,automatic,fwd,sedan,unknown,id
21998,2020,mitsubishi,unknown,4,gas,26138,automatic,unknown,unknown,unknown,wa
21998,2019,buick,unknown,4,gas,14939,automatic,fwd,SUV,unknown,id
21999,2018,honda,unknown,4,gas,27458,automatic,fwd,sedan,grey,ca
21999,2004,ram,unknown,6,diesel,137229,automatic,4wd,truck,white,or
21999,2017,jeep,unknown,4,gas,27017,automatic,4wd,SUV,silver,id
21999,2012,jeep,unknown,6,gas,119000,automatic,4wd,unknown,unknown,ri
21999,2008,jeep,excellent,6,gas,94250,automatic,4wd,SUV,blue,or
21999,2012,jeep,unknown,6,gas,119000,automatic,4wd,unknown,unknown,ma
21999,1997,ram,excellent,6,diesel,167000,manual,4wd,unknown,unknown,or
21999,2011,toyota,unknown,6,gas,59000,automatic,4wd,unknown,blue,nc
21999,2017,ford,unknown,6,gas,104661,automatic,unknown,unknown,unknown,ca
22000,2003,jeep,excellent,6,gas,110000,manual,unknown,unknown,unknown,ca
22000,1995,volkswagen,good,5,gas,189457,automatic,unknown,van,white,ca
22000,2018,bmw,like new,6,gas,9700,automatic,rwd,convertible,white,ny
22000,2019,ford,excellent,4,hybrid,45000,automatic,4wd,sedan,grey,ga
22000,2017,lexus,excellent,6,gas,67000,automatic,4wd,coupe,red,ny
22000,2017,ford,good,6,gas,102571,automatic,rwd,van,white,ma
22000,2016,unknown,like new,6,gas,54000,automatic,fwd,SUV,brown,sc
22000,2018,subaru,unknown,4,gas,73075,automatic,4wd,wagon,unknown,wa
22000,2017,chevrolet,unknown,6,gas,51665,automatic,fwd,SUV,black,mn
22000,2012,ram,excellent,8,gas,99337,automatic,4wd,truck,white,ny
22164,2018,dodge,like new,6,gas,37567,automatic,rwd,coupe,red,fl
22295,2013,chevrolet,unknown,8,gas,112471,automatic,4wd,SUV,black,or
22388,2018,subaru,unknown,4,other,34303,manual,unknown,unknown,unknown,co
22450,2002,ford,unknown,8,gas,11520,automatic,unknown,unknown,unknown,ks
22450,2016,ford,good,8,gas,72800,automatic,unknown,unknown,unknown,ks
22495,2017,unknown,like new,4,gas,40362,automatic,4wd,SUV,silver,id
22495,2018,toyota,unknown,4,gas,27543,automatic,fwd,sedan,white,wa
22500,2002,ford,excellent,8,diesel,246000,automatic,4wd,truck,blue,wa
22500,2013,ford,unknown,6,gas,81252,automatic,4wd,pickup,blue,mo
22500,2013,chevrolet,like new,8,gas,38000,automatic,4wd,pickup,blue,ca
22500,2018,toyota,excellent,4,gas,40802,automatic,fwd,sedan,red,ri
22500,2002,unknown,unknown,6,diesel,81904,automatic,unknown,van,unknown,or
22500,2015,ford,excellent,6,gas,70700,automatic,fwd,van,white,mn
22500,2014,ram,unknown,8,gas,84389,automatic,rwd,truck,unknown,tx
22500,2018,ford,excellent,6,gas,36000,automatic,unknown,SUV,red,tx
22520,2019,dodge,unknown,6,gas,13332,automatic,fwd,mini-van,unknown,mo
22590,2017,lincoln,good,6,gas,22214,other,fwd,sedan,silver,mn
22590,2012,chevrolet,good,8,other,99554,other,4wd,pickup,black,tn
22590,2015,hyundai,good,6,gas,20346,other,rwd,coupe,unknown,il
22590,2015,lexus,good,6,gas,61446,automatic,fwd,hatchback,red,wi
22590,2010,chevrolet,good,8,gas,71229,other,unknown,pickup,blue,oh
22590,2017,honda,good,4,gas,13672,other,fwd,sedan,unknown,ny
22590,2018,subaru,good,4,gas,17472,other,unknown,wagon,red,tn
22590,2018,ford,good,6,gas,28752,other,unknown,other,silver,ny
22590,2020,hyundai,good,4,gas,2221,automatic,fwd,coupe,white,nm
22590,2018,subaru,good,4,gas,24987,other,unknown,hatchback,unknown,ks
22590,2015,hyundai,good,6,gas,51933,automatic,rwd,sedan,silver,pa
22590,2013,infiniti,good,6,gas,57014,other,unknown,SUV,unknown,dc
22590,2014,bmw,good,4,diesel,60783,automatic,unknown,sedan,white,ca
22590,2013,ford,good,6,other,14169,other,unknown,pickup,silver,va
22590,2017,volkswagen,good,4,other,19947,automatic,unknown,wagon,white,ca
22590,2013,ford,good,6,other,14169,other,unknown,pickup,silver,al
22590,2014,cadillac,good,6,gas,12533,other,unknown,sedan,red,ma
22591,2015,acura,unknown,6,gas,89464,automatic,unknown,unknown,unknown,ca
22699,2014,jeep,unknown,6,gas,110493,unknown,4wd,SUV,white,pa
22740,2013,rover,excellent,4,gas,71220,automatic,4wd,SUV,silver,tx
22750,2004,unknown,excellent,8,gas,63000,manual,unknown,unknown,red,oh
22750,2014,ram,unknown,8,gas,141000,automatic,4wd,truck,unknown,id
22750,2014,chevrolet,unknown,8,gas,125143,automatic,4wd,pickup,black,de
22777,2016,dodge,excellent,6,gas,102208,automatic,rwd,SUV,black,tx
22788,2019,toyota,unknown,4,gas,53496,automatic,fwd,sedan,white,al
22795,2015,mercedes-benz,unknown,4,gas,67870,automatic,unknown,sedan,silver,al
22800,2013,rover,excellent,4,gas,74541,automatic,4wd,hatchback,black,ma
22809,2012,toyota,unknown,6,gas,56363,automatic,rwd,pickup,silver,id
22888,2018,ford,excellent,4,other,30071,automatic,4wd,unknown,white,pa
22898,2018,subaru,unknown,4,gas,39046,automatic,4wd,wagon,custom,co
22900,2016,toyota,excellent,4,gas,50107,automatic,4wd,SUV,white,wa
22900,2003,unknown,unknown,6,other,154061,automatic,rwd,unknown,white,ia
22900,2003,unknown,unknown,6,other,154061,automatic,rwd,unknown,white,sd
22900,2016,chevrolet,excellent,8,gas,107525,automatic,unknown,unknown,white,az
22900,2015,lexus,excellent,6,gas,17021,automatic,fwd,sedan,black,ma
22900,2013,lexus,excellent,6,gas,82000,automatic,rwd,sedan,grey,ca
22900,2013,toyota,excellent,6,gas,116990,automatic,fwd,pickup,white,oh
22900,2016,ford,unknown,6,gas,95900,automatic,rwd,unknown,white,ms
22900,2014,ford,unknown,6,gas,32561,automatic,4wd,truck,grey,nc
22900,2013,dodge,unknown,6,gas,68228,automatic,fwd,unknown,silver,ut
22900,2005,ford,unknown,8,gas,25000,automatic,unknown,unknown,unknown,pa
22900,2010,lexus,unknown,6,gas,43116,automatic,fwd,convertible,black,hi
22937,2011,chevrolet,unknown,8,other,68696,automatic,unknown,unknown,unknown,il
22950,2017,ford,unknown,6,gas,68000,automatic,fwd,SUV,black,ca
22950,2011,gmc,excellent,8,gas,280000,automatic,4wd,truck,blue,il
22972,2016,audi,unknown,4,gas,67614,automatic,unknown,other,silver,oh
22985,2011,lexus,unknown,8,gas,102163,automatic,4wd,SUV,black,oh
22987,2015,ford,good,6,gas,72813,automatic,rwd,van,white,wi
22988,2018,ford,like new,4,gas,59692,automatic,unknown,unknown,unknown,ks
22988,2016,dodge,like new,6,gas,65000,automatic,rwd,coupe,grey,ar
22989,2015,cadillac,unknown,6,gas,34572,automatic,4wd,sedan,custom,md
22989,2013,lexus,unknown,6,gas,53779,automatic,fwd,SUV,grey,al
22990,2018,lincoln,good,6,gas,35657,other,fwd,sedan,blue,ok
22990,2017,jaguar,good,6,gas,38137,other,rwd,sedan,red,tn
22990,2018,infiniti,good,6,gas,23687,automatic,unknown,hatchback,red,ok
22990,2014,audi,good,4,gas,39734,automatic,unknown,wagon,blue,az
22990,2018,acura,good,6,gas,15667,other,fwd,sedan,black,il
22990,2017,buick,good,6,other,46748,other,fwd,SUV,blue,mi
22990,2020,chevrolet,good,4,gas,4808,other,fwd,sedan,unknown,tx
22990,2018,acura,good,6,other,17845,automatic,fwd,sedan,unknown,oh
22990,2017,volkswagen,good,4,gas,34443,other,fwd,sedan,silver,ny
22990,2016,mazda,good,4,gas,22420,other,rwd,other,white,fl
22990,2004,gmc,good,8,diesel,119091,automatic,rwd,unknown,white,de
22990,2015,bmw,good,4,gas,63225,automatic,rwd,sedan,black,ca
22990,2013,toyota,unknown,6,gas,86016,automatic,rwd,pickup,black,tn
22990,2012,rover,good,8,gas,78060,other,4wd,SUV,black,ca
22990,2018,acura,good,6,other,17845,automatic,fwd,sedan,unknown,tx
22990,2004,gmc,good,8,diesel,119091,automatic,rwd,unknown,white,ct
22990,2013,mazda,good,4,other,20125,other,rwd,other,unknown,ma
22990,2017,jaguar,good,6,gas,43317,other,rwd,sedan,white,ky
22990,2018,toyota,unknown,4,gas,26492,automatic,fwd,SUV,unknown,or
22990,2019,mazda,good,4,gas,7495,other,fwd,hatchback,brown,ca
22990,2018,acura,good,4,gas,18551,other,fwd,sedan,white,ny
22990,2017,volkswagen,good,4,gas,34443,other,fwd,sedan,silver,ky
22990,2012,rover,good,8,gas,78060,other,4wd,SUV,black,az
22990,2016,ford,good,8,gas,181410,automatic,rwd,truck,white,ks
22990,2017,volkswagen,good,4,gas,34443,other,fwd,sedan,silver,nm
22990,2017,infiniti,good,6,gas,32837,automatic,unknown,hatchback,white,oh
22990,2013,ford,good,6,gas,71288,other,unknown,pickup,unknown,tx
22990,2017,cadillac,good,6,other,19245,other,rwd,sedan,unknown,mi
22991,2017,toyota,unknown,6,gas,48210,automatic,unknown,mini-van,unknown,tx
22994,2014,ram,unknown,8,gas,89307,manual,4wd,pickup,white,mi
22995,2013,chrysler,unknown,6,gas,73802,automatic,unknown,unknown,unknown,mi
22995,2014,toyota,excellent,6,gas,64000,automatic,4wd,pickup,silver,me
22995,2017,chevrolet,excellent,4,gas,85755,automatic,rwd,coupe,white,ca
22995,2018,volkswagen,like new,4,gas,61272,automatic,unknown,sedan,white,ga
22995,2009,chevrolet,excellent,8,gas,82186,automatic,4wd,truck,silver,nv
22995,2018,bmw,unknown,4,other,34558,automatic,rwd,hatchback,blue,ny
22995,2018,ford,like new,4,gas,10209,manual,fwd,hatchback,white,nd
22995,2018,gmc,excellent,4,gas,30160,automatic,fwd,SUV,unknown,mi
22995,2014,chevrolet,good,8,gas,123007,automatic,rwd,van,white,wi
22995,2012,jaguar,unknown,8,gas,91463,automatic,rwd,sedan,black,nv
22995,2005,chevrolet,like new,8,gas,72529,manual,unknown,coupe,unknown,tx
22995,2020,jeep,unknown,6,unknown,1904,automatic,fwd,unknown,red,tx
22995,2015,chevrolet,good,10,gas,171014,other,rwd,truck,white,nj
22995,2015,toyota,unknown,6,gas,142638,automatic,fwd,pickup,white,fl
22997,2015,mercedes-benz,good,4,gas,41650,automatic,4wd,sedan,white,mo
22998,2019,dodge,unknown,6,gas,37742,automatic,fwd,unknown,black,ok
22998,2015,ram,excellent,8,gas,112530,automatic,4wd,pickup,unknown,wv
22999,2018,nissan,unknown,4,gas,51872,automatic,fwd,unknown,blue,nc
22999,2018,jeep,unknown,6,gas,34887,automatic,4wd,SUV,silver,id
22999,2005,ford,excellent,6,diesel,62360,automatic,rwd,unknown,unknown,pa
22999,2020,hyundai,unknown,4,gas,38663,automatic,4wd,SUV,grey,ca
22999,2016,toyota,like new,8,gas,167542,automatic,4wd,pickup,black,fl
22999,2018,toyota,unknown,4,gas,23119,automatic,fwd,SUV,red,fl
22999,2018,chevrolet,excellent,4,gas,23502,automatic,rwd,truck,white,fl
22999,2016,bmw,excellent,6,gas,94243,automatic,rwd,unknown,white,ca
22999,2013,chevrolet,unknown,8,gas,121609,automatic,4wd,truck,unknown,id
22999,2014,chevrolet,excellent,8,gas,116530,automatic,unknown,unknown,unknown,ny
22999,2006,lexus,excellent,8,gas,80435,automatic,rwd,convertible,grey,ca
23000,2010,ram,unknown,8,diesel,285000,automatic,4wd,truck,silver,fl
23000,2014,jeep,like new,6,gas,69000,automatic,4wd,unknown,grey,tn
23000,2012,chevrolet,excellent,8,gas,73000,automatic,rwd,pickup,black,ok
23000,2014,jeep,good,6,gas,149000,automatic,4wd,SUV,blue,mi
23000,2011,chevrolet,unknown,8,gas,88700,automatic,unknown,unknown,unknown,ia
23000,2012,mercedes-benz,excellent,6,diesel,79000,automatic,unknown,unknown,unknown,hi
23000,2019,lincoln,like new,4,gas,16000,automatic,unknown,unknown,white,fl
23000,2018,nissan,unknown,6,gas,42042,automatic,4wd,SUV,silver,oh
23000,2016,bmw,like new,6,gas,30000,automatic,unknown,sedan,white,ma
23000,2006,unknown,excellent,8,gas,69899,manual,rwd,coupe,white,ca
23000,2018,chevrolet,excellent,6,gas,42000,automatic,rwd,coupe,white,az
23000,2014,gmc,unknown,8,gas,130824,automatic,4wd,truck,blue,pa
23161,2019,chrysler,unknown,6,gas,23461,automatic,rwd,unknown,red,al
23250,2020,hyundai,unknown,4,gas,37400,automatic,4wd,SUV,red,mn
23288,2019,toyota,unknown,6,unknown,7101,automatic,fwd,unknown,custom,hi
23299,2018,jeep,unknown,6,gas,81816,automatic,rwd,SUV,black,co
23352,2020,honda,unknown,4,gas,15357,automatic,fwd,sedan,grey,ca
23397,2016,dodge,excellent,6,gas,41274,automatic,rwd,coupe,unknown,ia
23485,2018,acura,excellent,6,gas,49883,automatic,unknown,SUV,white,ny
23491,2017,infiniti,excellent,4,gas,28930,automatic,4wd,SUV,white,or
23492,2020,toyota,excellent,4,gas,10827,other,unknown,sedan,unknown,hi
23500,2019,hyundai,like new,4,gas,24700,automatic,unknown,unknown,green,fl
23500,2008,ram,excellent,6,diesel,151202,automatic,4wd,truck,blue,id
23500,2010,ford,excellent,8,gas,102900,automatic,4wd,unknown,unknown,fl
23500,2013,chevrolet,unknown,8,gas,110543,automatic,rwd,van,white,pa
23500,2015,bmw,excellent,4,gas,37518,automatic,4wd,sedan,grey,ct
23500,2018,toyota,like new,6,gas,27600,automatic,fwd,hatchback,silver,pa
23500,2013,ford,excellent,6,gas,95000,automatic,4wd,pickup,blue,nc
23590,2020,chevrolet,good,4,gas,3003,other,fwd,other,silver,az
23590,2017,volkswagen,good,4,gas,27407,other,fwd,sedan,blue,ny
23590,2020,toyota,good,6,other,7399,other,fwd,hatchback,silver,dc
23590,2017,jaguar,good,6,other,48957,other,rwd,sedan,white,oh
23590,2016,mini,good,4,gas,33000,other,fwd,hatchback,red,tx
23590,2015,volvo,good,6,gas,43435,other,unknown,SUV,white,ma
23590,2016,volvo,good,4,gas,70223,automatic,fwd,wagon,brown,md
23590,2016,cadillac,good,6,gas,18266,other,rwd,coupe,silver,ma
23590,2016,lexus,good,4,gas,66123,automatic,fwd,hatchback,black,ks
23638,2017,mazda,excellent,4,gas,49735,automatic,unknown,SUV,unknown,ca
23687,2012,ford,unknown,8,gas,99872,automatic,4wd,pickup,green,id
23690,2013,gmc,excellent,8,gas,115698,automatic,4wd,SUV,red,ia
23699,2012,chevrolet,unknown,8,other,102212,automatic,4wd,pickup,red,al
23700,2015,dodge,excellent,6,gas,25399,automatic,4wd,sedan,grey,wi
23800,2016,chevrolet,excellent,8,gas,87700,automatic,unknown,unknown,white,oh
23859,2019,mini,unknown,4,gas,16310,manual,fwd,hatchback,orange,nv
23895,2013,chevrolet,unknown,8,gas,115380,automatic,4wd,pickup,blue,tx
23900,1995,mercedes-benz,like new,8,gas,19000,automatic,rwd,convertible,green,fl
23900,2018,kia,unknown,4,gas,22366,automatic,fwd,SUV,black,ca
23900,2011,ford,unknown,8,gas,127000,automatic,unknown,unknown,unknown,al
23900,2014,ford,excellent,6,gas,40900,automatic,4wd,truck,white,or
23900,2015,infiniti,excellent,6,gas,26000,automatic,4wd,SUV,grey,ny
23900,2011,bmw,excellent,6,gas,35700,manual,rwd,convertible,red,nh
23900,2016,lexus,unknown,4,gas,66612,automatic,rwd,sedan,white,ca
23900,2017,dodge,like new,6,gas,37937,automatic,rwd,coupe,grey,ky
23900,2015,ram,unknown,6,gas,167964,automatic,fwd,van,white,ma
23900,2016,ford,unknown,6,gas,98285,automatic,rwd,unknown,white,fl
23900,2015,mercedes-benz,good,6,gas,98712,automatic,4wd,wagon,silver,wi
23901,2014,gmc,unknown,8,gas,99023,automatic,rwd,pickup,custom,tx
23915,2018,honda,unknown,4,gas,30359,automatic,fwd,SUV,grey,tx
23916,2017,nissan,unknown,6,gas,66096,other,4wd,unknown,unknown,ok
23921,2016,jeep,excellent,8,diesel,75313,automatic,unknown,unknown,unknown,ok
23924,2015,toyota,unknown,6,gas,91515,automatic,fwd,SUV,brown,tx
23930,2019,honda,unknown,4,gas,11414,manual,fwd,coupe,white,tx
23950,2018,honda,unknown,4,gas,47646,automatic,unknown,other,white,ny
23950,2015,chevrolet,unknown,8,gas,124635,automatic,4wd,pickup,white,nm
23952,2017,nissan,unknown,6,gas,56947,automatic,rwd,pickup,white,fl
23962,2018,bmw,excellent,4,gas,36494,automatic,unknown,sedan,black,il
23967,2015,jeep,unknown,6,gas,110500,automatic,4wd,SUV,grey,co
23985,2016,chevrolet,unknown,6,gas,69089,automatic,4wd,SUV,white,il
23988,2006,gmc,excellent,8,gas,277450,automatic,rwd,truck,white,nc
23988,2014,infiniti,unknown,6,gas,36171,automatic,rwd,unknown,unknown,tn
23988,2013,toyota,unknown,8,unknown,168332,unknown,unknown,unknown,unknown,ca
23989,2018,gmc,unknown,4,gas,24194,automatic,4wd,SUV,white,oh
23990,2015,lexus,good,6,gas,53388,other,unknown,sedan,white,il
23990,2017,infiniti,good,6,gas,31750,other,rwd,hatchback,unknown,ca
23990,2018,honda,good,4,gas,25794,other,fwd,sedan,white,fl
23990,2019,mitsubishi,good,6,gas,20657,other,4wd,SUV,brown,fl
23990,2017,lincoln,good,6,gas,28565,other,fwd,sedan,unknown,al
23990,2017,jaguar,good,6,other,33242,automatic,rwd,sedan,black,ny
23990,2015,lexus,good,6,gas,53388,other,unknown,sedan,white,az
23990,2007,chevrolet,good,8,gas,32853,automatic,rwd,truck,white,mi
23990,2014,cadillac,good,6,gas,11408,other,unknown,sedan,unknown,ca
23990,2011,jeep,good,6,gas,108670,automatic,4wd,SUV,silver,mo
23990,2019,volkswagen,good,4,gas,21010,other,fwd,sedan,silver,ca
23990,2017,ford,unknown,4,gas,51186,automatic,4wd,SUV,unknown,or
23990,2017,mazda,good,4,gas,11947,other,unknown,other,blue,dc
23990,2013,toyota,good,6,gas,29985,other,unknown,pickup,unknown,ma
23990,2017,jaguar,good,6,other,33242,automatic,rwd,sedan,black,tn
23990,2016,chevrolet,good,6,gas,41568,other,unknown,pickup,white,tn
23990,2016,cadillac,good,6,gas,40768,other,rwd,sedan,black,az
23990,2016,jaguar,good,6,other,57282,automatic,unknown,hatchback,blue,ia
23990,2014,ram,unknown,8,gas,100672,automatic,fwd,pickup,brown,fl
23990,2014,gmc,unknown,8,other,122969,automatic,4wd,pickup,black,vt
23990,2019,acura,good,6,gas,7281,other,fwd,sedan,black,tn
23991,2015,lexus,unknown,6,gas,77183,automatic,4wd,sedan,unknown,dc
23995,2019,dodge,like new,6,gas,25427,automatic,rwd,sedan,black,mi
23995,2008,ford,unknown,8,diesel,113106,automatic,unknown,unknown,unknown,ct
23995,2015,chevrolet,unknown,8,gas,115481,automatic,unknown,unknown,unknown,mo
23995,2014,mercedes-benz,excellent,8,gas,97455,automatic,unknown,sedan,white,tx
23995,2018,gmc,good,4,gas,64943,automatic,4wd,SUV,silver,pa
23995,2013,bmw,like new,8,gas,95000,automatic,rwd,sedan,black,ca
23995,2012,ford,unknown,6,gas,110914,automatic,4wd,pickup,silver,tn
23995,2014,ram,unknown,6,gas,144076,automatic,fwd,van,white,mi
23995,2011,chevrolet,good,8,gas,111827,automatic,4wd,truck,blue,ky
23995,2015,honda,excellent,4,gas,49232,manual,fwd,sedan,white,nm
23995,2018,bmw,unknown,4,gas,40158,automatic,unknown,sedan,white,ny
23995,2016,ford,unknown,6,other,166239,automatic,rwd,van,white,ca
23995,2012,ford,unknown,8,gas,90549,automatic,unknown,unknown,unknown,nc
23995,2014,ford,excellent,8,gas,139000,automatic,4wd,truck,silver,nm
23995,2015,toyota,unknown,6,unknown,70721,automatic,fwd,mini-van,grey,co
23995,2016,jeep,excellent,6,gas,115396,automatic,rwd,SUV,white,tx
23995,2017,ram,like new,8,gas,62995,automatic,4wd,truck,unknown,ny
23995,2018,ford,unknown,6,gas,44769,automatic,unknown,unknown,unknown,ny
23995,2013,chrysler,unknown,6,gas,95250,automatic,unknown,unknown,unknown,fl
23997,2011,jeep,excellent,6,gas,102989,automatic,4wd,SUV,silver,ny
23998,2020,mitsubishi,unknown,4,gas,33399,automatic,unknown,SUV,red,nv
23998,2019,ford,unknown,6,gas,24635,automatic,rwd,truck,silver,ga
23998,2016,chevrolet,excellent,8,gas,101750,automatic,rwd,truck,white,ca
23999,2019,jeep,unknown,6,gas,57049,automatic,4wd,SUV,black,mt
23999,2018,ford,unknown,4,gas,69067,automatic,fwd,SUV,unknown,tx
23999,2015,ford,unknown,6,gas,152363,automatic,unknown,pickup,black,ca
23999,2012,mercedes-benz,excellent,8,gas,78320,automatic,rwd,sedan,black,ca
23999,2018,ford,unknown,6,gas,95763,automatic,4wd,SUV,grey,wa
23999,2017,nissan,unknown,6,gas,53814,automatic,4wd,unknown,white,mn
23999,2010,ford,excellent,8,gas,126000,automatic,4wd,unknown,unknown,ny
23999,2007,toyota,unknown,6,gas,113000,automatic,4wd,SUV,grey,ca
23999,2015,lexus,excellent,6,gas,34858,automatic,4wd,sedan,white,oh
23999,2001,ram,excellent,6,diesel,168313,automatic,4wd,truck,unknown,ca
24000,2014,bmw,excellent,4,gas,81000,automatic,rwd,unknown,grey,ca
24000,2017,jeep,like new,6,gas,84900,automatic,4wd,SUV,red,or
24000,1997,ram,good,6,diesel,395000,manual,unknown,unknown,grey,oh
24000,2017,toyota,unknown,6,gas,75728,automatic,fwd,unknown,unknown,wa
24000,2014,ford,excellent,8,gas,62000,automatic,4wd,SUV,black,ca
24000,2015,hyundai,unknown,6,gas,46200,automatic,unknown,unknown,unknown,ma
24000,2014,unknown,like new,4,diesel,243000,automatic,unknown,truck,white,nj
24000,2020,jeep,unknown,4,gas,2973,other,4wd,SUV,black,ny
24000,2017,audi,unknown,4,gas,21395,automatic,unknown,sedan,white,dc
24193,2021,chevrolet,good,6,gas,10250,automatic,unknown,other,blue,nc
24194,2019,ford,unknown,4,gas,12822,automatic,4wd,SUV,silver,ak
24451,2015,ford,like new,6,gas,74148,automatic,rwd,van,white,ca
24478,2016,mazda,unknown,4,gas,12525,automatic,rwd,convertible,unknown,il
24478,2016,mazda,unknown,4,gas,12525,automatic,rwd,convertible,unknown,ok
24489,2018,audi,unknown,4,gas,30621,automatic,fwd,sedan,grey,ca
24491,2019,nissan,unknown,6,gas,38378,automatic,rwd,pickup,white,tx
24498,2019,dodge,like new,6,gas,39685,automatic,fwd,van,grey,id
24499,2017,infiniti,unknown,6,gas,35807,automatic,unknown,unknown,unknown,nc
24500,2017,bmw,unknown,4,gas,38454,automatic,unknown,coupe,white,dc
24500,2016,mercedes-benz,excellent,6,gas,70000,automatic,4wd,coupe,white,ny
24500,2019,honda,new,4,gas,10000,automatic,unknown,sedan,silver,co
24500,2016,bmw,like new,4,gas,16000,automatic,4wd,unknown,unknown,wi
24500,2016,jeep,excellent,6,gas,54000,automatic,4wd,unknown,grey,ct
24500,2010,toyota,excellent,8,gas,81100,automatic,rwd,pickup,silver,al
24500,2013,ford,excellent,8,gas,56894,automatic,rwd,coupe,unknown,wi
24500,2013,gmc,excellent,8,gas,121000,automatic,4wd,truck,white,ga
24500,2016,acura,unknown,6,gas,53483,automatic,4wd,unknown,black,az
24500,2015,ford,excellent,6,gas,32514,automatic,4wd,SUV,unknown,wi
24544,2016,mazda,unknown,4,gas,12525,automatic,rwd,convertible,unknown,mo
24590,2017,toyota,good,4,gas,10441,other,unknown,other,unknown,ny
24590,2013,audi,good,8,other,89741,other,unknown,sedan,black,in
24590,2013,gmc,good,8,other,80318,other,unknown,pickup,unknown,nj
24590,2019,chrysler,good,6,gas,15557,other,rwd,sedan,black,sc
24590,2017,toyota,good,4,other,6008,other,fwd,hatchback,unknown,tx
24590,2013,chevrolet,good,8,other,96658,other,unknown,pickup,red,az
24590,2012,jeep,good,6,gas,62362,other,4wd,SUV,red,ca
24590,2017,chevrolet,good,6,gas,40784,other,unknown,pickup,white,ny
24590,2019,honda,good,4,gas,40319,other,fwd,sedan,blue,ca
24590,2014,lexus,good,6,gas,60987,other,rwd,sedan,black,ri
24590,2018,bmw,good,4,other,38872,other,unknown,sedan,black,ar
24590,2017,dodge,good,6,gas,31936,automatic,rwd,coupe,white,tn
24590,2018,volkswagen,good,4,gas,39802,other,fwd,other,black,in
24590,2018,nissan,good,6,gas,33036,other,4wd,pickup,black,nc
24590,2018,volkswagen,good,6,gas,45451,other,fwd,other,red,az
24590,2013,gmc,good,8,other,80318,other,unknown,pickup,unknown,co
24590,2014,lexus,good,6,gas,60987,other,rwd,sedan,black,nm
24599,2016,ford,unknown,4,gas,52978,automatic,4wd,SUV,grey,co
24699,2019,volkswagen,unknown,4,gas,11478,automatic,unknown,sedan,red,al
24724,2016,ford,unknown,4,gas,75336,other,4wd,SUV,black,ca
24754,2016,bmw,unknown,4,unknown,43412,unknown,unknown,unknown,unknown,or
24784,2015,chevrolet,excellent,6,gas,40525,automatic,rwd,convertible,black,wi
24800,1997,ford,excellent,8,gas,60922,automatic,4wd,unknown,unknown,ut
24800,2014,jeep,excellent,6,gas,111000,automatic,4wd,SUV,black,pa
24849,2019,ford,unknown,6,gas,46437,automatic,fwd,wagon,white,ga
24870,2011,ford,excellent,8,diesel,224460,automatic,4wd,truck,custom,il
24888,2018,ford,unknown,6,gas,39465,automatic,fwd,SUV,silver,az
24888,2011,ford,unknown,8,gas,118234,automatic,unknown,other,white,pa
24898,2017,jaguar,excellent,6,gas,30319,automatic,4wd,sedan,unknown,oh
24900,2016,hyundai,unknown,6,gas,18125,automatic,rwd,coupe,red,fl
24900,2008,unknown,good,8,diesel,138891,automatic,rwd,other,white,or
24900,2011,chevrolet,unknown,8,gas,105075,automatic,unknown,unknown,unknown,la
24900,2013,jeep,unknown,6,gas,90000,automatic,unknown,unknown,unknown,fl
24900,2003,ford,unknown,8,other,84395,automatic,4wd,unknown,white,mn
24900,2003,ford,unknown,10,gas,72552,automatic,rwd,unknown,white,sd
24900,2015,jeep,excellent,6,gas,97595,automatic,4wd,SUV,white,wi
24900,2016,ford,excellent,8,gas,122238,automatic,rwd,truck,white,in
24900,2015,gmc,excellent,6,gas,126090,automatic,rwd,truck,black,nc
24900,2017,jaguar,unknown,4,diesel,100407,automatic,unknown,unknown,unknown,ar
24900,2018,gmc,excellent,8,gas,32307,automatic,4wd,pickup,white,sd
24900,2012,ford,unknown,8,gas,130000,automatic,unknown,unknown,unknown,tn
24929,2016,mercedes-benz,unknown,4,gas,45726,automatic,rwd,van,brown,fl
24950,2005,ford,excellent,8,diesel,169744,automatic,4wd,truck,blue,ca
24958,2019,nissan,unknown,4,gas,38312,automatic,4wd,wagon,blue,ga
24975,2004,unknown,excellent,6,diesel,145402,automatic,rwd,truck,white,or
24980,2013,ford,unknown,8,gas,152902,automatic,4wd,truck,black,wa
24980,2019,chrysler,unknown,6,gas,40601,automatic,4wd,sedan,red,ca
24980,2007,chevrolet,unknown,8,gas,21291,manual,rwd,coupe,red,az
24980,2012,mercedes-benz,unknown,8,gas,69701,automatic,rwd,sedan,black,tx
24981,2018,toyota,unknown,4,gas,22031,automatic,fwd,SUV,grey,ca
24985,2016,mercedes-benz,excellent,4,gas,15787,automatic,rwd,sedan,white,ca
24986,2017,ford,excellent,6,gas,49194,automatic,rwd,van,white,wi
24988,2018,chevrolet,like new,4,gas,14925,automatic,4wd,SUV,grey,wi
24988,2014,chevrolet,good,8,gas,105700,automatic,4wd,truck,silver,wi
24988,2013,chevrolet,like new,8,gas,182843,automatic,4wd,unknown,unknown,tx
24988,2019,mazda,unknown,4,gas,6517,automatic,unknown,unknown,unknown,hi
24989,2019,honda,unknown,4,gas,3435,automatic,fwd,wagon,grey,al
24989,2018,honda,unknown,4,gas,15100,automatic,4wd,SUV,blue,tn
24989,2005,unknown,unknown,8,gas,103387,automatic,4wd,pickup,white,tn
24989,2018,gmc,unknown,4,gas,30489,automatic,4wd,SUV,black,md
24990,2015,nissan,good,8,gas,52928,other,unknown,SUV,white,tn
24990,2017,jaguar,good,6,diesel,21384,automatic,rwd,sedan,unknown,ca
24990,2019,honda,good,4,hybrid,25700,other,fwd,sedan,silver,nm
24990,2017,fiat,good,4,gas,30075,other,rwd,other,black,mi
24990,2018,audi,good,6,other,24046,other,fwd,sedan,black,ca
24990,2019,toyota,good,4,gas,8629,other,fwd,hatchback,blue,ca
24990,2015,lexus,good,6,gas,49472,other,unknown,sedan,white,il
24990,2014,ford,like new,8,gas,141000,automatic,4wd,truck,white,mn
24990,2018,ford,good,6,other,12928,other,fwd,hatchback,unknown,tn
24990,2015,bmw,good,4,gas,52748,other,rwd,sedan,unknown,ca
24990,2019,nissan,good,6,gas,14043,other,fwd,pickup,white,mo
24990,2020,buick,good,6,gas,4414,other,fwd,SUV,white,al
24990,2009,chevrolet,good,8,gas,72789,automatic,rwd,truck,white,nc
24990,2019,ram,good,6,other,29732,other,unknown,pickup,black,mn
24990,2015,toyota,unknown,8,gas,105523,automatic,fwd,pickup,black,tn
24990,2019,honda,good,4,gas,16980,other,fwd,sedan,unknown,pa
24990,2017,lexus,good,4,gas,38494,automatic,fwd,hatchback,silver,fl
24990,2018,lincoln,good,6,gas,14023,other,fwd,sedan,blue,mn
24990,2015,bmw,good,4,gas,54589,other,rwd,sedan,black,ca
24990,2019,chevrolet,good,6,gas,28068,other,rwd,other,white,ma
24990,2019,ford,good,6,gas,38720,other,fwd,hatchback,white,co
24990,2018,mercedes-benz,unknown,4,gas,36064,automatic,fwd,coupe,blue,fl
24990,2014,acura,good,6,gas,52396,automatic,unknown,SUV,silver,nc
24990,2013,mini,good,4,gas,39516,other,fwd,hatchback,black,il
24990,2018,audi,good,6,other,36777,other,fwd,sedan,white,ca
24990,2013,bmw,good,6,gas,27287,other,rwd,other,black,ks
24990,2014,mitsubishi,good,4,diesel,117851,automatic,rwd,truck,white,nj
24990,2017,audi,good,6,gas,48823,other,fwd,sedan,black,wy
24990,2015,mercedes-benz,good,6,other,61675,automatic,unknown,SUV,silver,md
24990,2016,buick,good,4,gas,15869,other,fwd,other,silver,az
24990,2019,honda,good,4,other,24877,other,fwd,sedan,unknown,ca
24990,2018,infiniti,good,6,other,34955,other,unknown,sedan,unknown,tn
24990,2007,ford,good,10,gas,46463,automatic,rwd,truck,white,il
24990,2018,volvo,good,4,gas,28817,other,unknown,sedan,silver,az
24990,2018,chrysler,good,6,gas,15608,other,rwd,sedan,unknown,fl
24990,2014,ram,excellent,8,gas,84000,automatic,4wd,unknown,unknown,ma
24990,2018,mini,good,4,gas,29335,other,unknown,hatchback,black,nm
24990,2011,chevrolet,good,8,other,60030,other,unknown,pickup,unknown,mo
24990,2018,ford,good,6,other,12928,other,fwd,hatchback,unknown,mi
24990,2017,chevrolet,good,6,gas,41369,other,unknown,pickup,white,ga
24990,2013,mini,good,4,gas,39516,other,fwd,hatchback,black,pa
24990,2009,chevrolet,good,8,gas,72789,automatic,rwd,truck,white,mi
24990,2020,honda,good,4,gas,3192,other,fwd,sedan,blue,fl
24990,2018,chrysler,good,6,gas,15608,other,rwd,sedan,unknown,ar
24991,2018,subaru,unknown,4,gas,26635,automatic,4wd,wagon,grey,az
24991,2008,subaru,unknown,4,gas,72850,manual,4wd,wagon,black,tx
24995,2007,chevrolet,excellent,8,gas,78592,automatic,unknown,unknown,unknown,ca
24995,2013,chevrolet,unknown,8,other,109370,automatic,4wd,pickup,silver,id
24995,2017,infiniti,unknown,6,hybrid,71758,automatic,4wd,sedan,blue,ri
24995,2011,ford,excellent,8,gas,105430,automatic,4wd,unknown,white,ca
24995,2014,gmc,good,8,gas,151067,automatic,4wd,SUV,white,id
24995,2009,audi,unknown,4,gas,16550,automatic,fwd,other,silver,or
24995,2014,toyota,unknown,6,gas,95326,automatic,fwd,pickup,white,ca
24995,2019,dodge,unknown,6,gas,53217,automatic,fwd,unknown,white,tx
24995,2017,subaru,like new,4,gas,41958,automatic,unknown,SUV,unknown,ca
24995,2011,gmc,unknown,8,diesel,280319,automatic,4wd,pickup,black,mo
24995,2018,chevrolet,unknown,4,gas,24556,automatic,4wd,unknown,unknown,mi
24995,2020,ford,unknown,4,gas,15719,automatic,fwd,sedan,blue,tx
24995,2015,toyota,excellent,6,gas,146000,automatic,4wd,pickup,red,me
24995,2021,kia,good,4,gas,4473,automatic,fwd,sedan,grey,ky
24995,2017,toyota,good,6,gas,61971,automatic,fwd,mini-van,unknown,wa
24995,2011,toyota,unknown,8,gas,121510,automatic,unknown,other,silver,oh
24995,2017,mazda,unknown,4,gas,29192,automatic,unknown,SUV,red,ak
24995,2015,dodge,unknown,6,gas,79550,automatic,rwd,sedan,red,va
24995,2015,gmc,unknown,8,gas,156956,automatic,4wd,unknown,silver,ca
24995,2005,gmc,unknown,8,diesel,142855,automatic,rwd,unknown,unknown,ct
24995,2013,chevrolet,like new,8,gas,157192,automatic,4wd,truck,white,id
24995,2009,chevrolet,unknown,8,gas,131986,automatic,unknown,pickup,white,la
24995,2017,audi,good,4,gas,48415,automatic,unknown,other,red,nj
24995,2012,ford,excellent,8,gas,109291,automatic,4wd,truck,white,me
24995,2013,chrysler,unknown,6,gas,73802,automatic,unknown,unknown,unknown,mi
24995,2014,ram,unknown,8,gas,106156,automatic,4wd,truck,red,or
24995,2007,unknown,unknown,6,gas,15508,automatic,unknown,unknown,white,pa
24998,2011,lexus,unknown,8,hybrid,119644,automatic,4wd,sedan,grey,tn
24998,2017,honda,unknown,4,gas,23902,automatic,unknown,SUV,silver,mn
24998,2014,jeep,unknown,6,gas,101958,manual,4wd,SUV,red,co
24998,2019,nissan,unknown,6,gas,24857,automatic,fwd,pickup,black,tn
24999,2015,ford,unknown,6,gas,100052,automatic,rwd,unknown,unknown,or
24999,2013,unknown,unknown,4,diesel,186823,automatic,unknown,unknown,unknown,nj
24999,2003,unknown,unknown,6,diesel,269253,automatic,unknown,truck,white,wi
24999,2012,chevrolet,unknown,8,gas,111000,automatic,4wd,truck,white,nv
24999,2018,hyundai,unknown,4,gas,18094,automatic,4wd,SUV,blue,il
24999,2018,honda,like new,4,gas,7000,automatic,fwd,sedan,blue,co
24999,2013,unknown,excellent,6,gas,63342,automatic,rwd,truck,white,fl
24999,2018,ford,excellent,8,gas,107499,automatic,4wd,pickup,unknown,tx
25000,2011,chevrolet,unknown,8,gas,50000,manual,unknown,unknown,unknown,mt
25000,2012,dodge,like new,6,gas,25612,automatic,unknown,van,silver,ny
25000,2012,jeep,excellent,6,gas,81443,manual,4wd,SUV,unknown,wi
25000,2008,unknown,good,4,gas,582,automatic,fwd,wagon,black,ks
25000,2000,ford,like new,8,diesel,110000,manual,rwd,pickup,white,mi
25000,2012,ford,good,8,diesel,259348,automatic,unknown,truck,white,nc
25000,2014,subaru,excellent,4,gas,69000,manual,unknown,unknown,unknown,nc
25000,2008,toyota,good,6,gas,95000,automatic,4wd,SUV,red,oh
25000,2015,lincoln,like new,6,gas,34000,automatic,rwd,SUV,silver,ks
25000,2002,unknown,excellent,8,diesel,17000,automatic,rwd,unknown,unknown,or
25000,2017,ram,unknown,8,gas,62439,automatic,rwd,pickup,white,tx
25000,2008,porsche,excellent,6,gas,90000,automatic,fwd,coupe,black,fl
25000,2017,toyota,unknown,6,gas,68300,automatic,unknown,unknown,silver,nv
25000,2014,chevrolet,excellent,8,gas,116000,automatic,4wd,truck,black,wa
25000,2017,ram,excellent,8,gas,96706,automatic,4wd,unknown,white,ia
25211,2020,ford,unknown,4,hybrid,12153,automatic,fwd,sedan,white,ca
25232,2019,dodge,unknown,6,gas,31136,automatic,rwd,sedan,black,il
25365,2017,bmw,unknown,4,gas,16664,automatic,4wd,sedan,unknown,or
25373,2017,ford,unknown,8,gas,76774,automatic,rwd,coupe,red,az
25449,2018,honda,unknown,4,gas,22234,automatic,fwd,sedan,red,ca
25488,2004,gmc,good,8,other,158355,other,unknown,pickup,white,nv
25495,2015,toyota,unknown,6,gas,153232,automatic,4wd,SUV,grey,id
25499,2018,acura,unknown,6,gas,27986,automatic,fwd,sedan,black,ny
25499,2015,jeep,excellent,6,gas,34738,manual,4wd,offroad,silver,ia
25500,2019,subaru,unknown,4,other,20125,other,unknown,unknown,unknown,tx
25500,2000,porsche,good,6,gas,73400,manual,rwd,convertible,blue,ca
25500,2014,chevrolet,good,8,gas,133483,automatic,4wd,truck,black,il
25500,2014,unknown,excellent,4,diesel,254374,automatic,4wd,pickup,blue,wi
25550,2018,toyota,unknown,4,gas,16148,automatic,unknown,unknown,blue,in
25577,2016,audi,unknown,6,gas,93380,automatic,unknown,SUV,silver,ca
25590,2020,buick,good,6,gas,1113,automatic,fwd,SUV,red,ny
25590,2018,jaguar,good,6,other,30896,other,unknown,sedan,unknown,il
25590,2017,infiniti,good,6,other,66632,other,rwd,sedan,blue,ma
25590,2020,mazda,good,4,gas,6173,other,fwd,SUV,black,md
25590,2015,gmc,good,6,other,35290,other,unknown,pickup,white,ny
25590,2018,volkswagen,good,4,gas,13269,other,fwd,sedan,blue,md
25590,2017,ford,good,6,gas,11325,other,rwd,convertible,red,oh
25590,2017,jaguar,good,6,other,32431,automatic,rwd,sedan,unknown,ca
25590,2020,volkswagen,good,4,gas,11602,other,fwd,sedan,white,nm
25590,2015,gmc,good,6,other,35290,other,unknown,pickup,white,tx
25590,2019,honda,good,4,other,13764,other,unknown,SUV,unknown,co
25590,2017,jaguar,good,6,gas,24815,other,rwd,sedan,blue,nc
25590,2015,chevrolet,good,6,other,64855,other,unknown,pickup,black,ny
25590,2017,jaguar,good,6,other,27662,automatic,rwd,sedan,white,md
25590,2020,chrysler,good,6,gas,33775,other,fwd,van,unknown,nm
25590,2018,mitsubishi,good,4,other,25384,other,4wd,other,black,ca
25590,2015,gmc,good,6,other,35290,other,unknown,pickup,white,sc
25591,2020,honda,like new,4,gas,2797,automatic,fwd,sedan,white,ca
25599,2015,chevrolet,excellent,8,gas,142258,automatic,rwd,SUV,unknown,tx
25741,2019,kia,unknown,4,gas,35954,automatic,unknown,SUV,silver,id
25777,2013,ford,excellent,8,gas,70163,automatic,4wd,pickup,unknown,ca
25800,2017,jeep,like new,6,gas,62000,automatic,rwd,van,silver,mi
25841,2014,ram,excellent,6,diesel,86564,automatic,4wd,truck,unknown,mi
25880,2017,bmw,unknown,4,gas,31660,automatic,4wd,SUV,unknown,ca
25887,2019,honda,unknown,4,gas,48069,automatic,fwd,unknown,unknown,id
25888,2018,chrysler,unknown,6,gas,35433,automatic,unknown,unknown,unknown,az
25900,2018,subaru,unknown,4,gas,14150,automatic,unknown,unknown,silver,pa
25900,2019,nissan,like new,6,gas,8400,automatic,rwd,truck,grey,tx
25900,2019,chrysler,unknown,6,gas,48767,automatic,rwd,sedan,unknown,ca
25900,2015,dodge,unknown,6,gas,34358,automatic,fwd,van,unknown,tx
25900,2013,ford,unknown,8,gas,135000,automatic,unknown,unknown,unknown,al
25900,2015,bmw,unknown,4,gas,34730,automatic,unknown,other,black,ak
25900,2012,chevrolet,unknown,8,gas,102500,automatic,4wd,unknown,grey,wi
25950,2014,rover,unknown,6,gas,80850,automatic,4wd,SUV,white,mo
25950,2018,ford,unknown,8,gas,21260,automatic,4wd,pickup,grey,tn
25950,2015,chevrolet,good,8,other,91625,automatic,4wd,pickup,red,pa
25958,2015,subaru,like new,6,gas,25380,automatic,4wd,SUV,green,or
25959,2017,subaru,unknown,4,gas,5914,automatic,4wd,wagon,black,tn
25968,2016,mercedes-benz,unknown,4,gas,41140,automatic,rwd,sedan,black,tx
25983,2017,cadillac,unknown,4,gas,31384,automatic,rwd,unknown,red,ca
25988,2016,jeep,excellent,6,gas,92591,manual,4wd,SUV,unknown,wv
25989,2019,mazda,unknown,4,gas,11397,automatic,rwd,convertible,red,tn
25990,2009,ford,excellent,10,gas,166277,automatic,rwd,truck,unknown,ga
25990,2013,toyota,good,6,other,64919,other,unknown,pickup,white,fl
25990,2019,ram,good,8,gas,12302,other,unknown,pickup,white,la
25990,2017,jaguar,good,6,diesel,15718,other,unknown,sedan,black,nc
25990,2014,chevrolet,good,8,other,82140,automatic,4wd,pickup,black,il
25990,2014,dodge,good,8,gas,37374,other,rwd,coupe,white,wi
25990,2011,ford,good,8,gas,105371,automatic,rwd,unknown,blue,ut
25990,2013,toyota,good,8,gas,98879,other,unknown,pickup,white,ma
25990,2017,jaguar,good,6,other,29170,other,unknown,sedan,blue,wy
25990,2013,bmw,good,6,gas,52145,automatic,unknown,SUV,black,wi
25990,2013,toyota,good,6,other,64919,other,unknown,pickup,white,ga
25990,2019,ram,good,8,gas,12302,other,unknown,pickup,white,nj
25990,2016,toyota,good,6,other,79393,other,unknown,pickup,silver,oh
25990,2013,mercedes-benz,good,8,gas,42045,automatic,rwd,coupe,white,oh
25990,2018,lincoln,good,6,gas,9175,automatic,fwd,sedan,black,tx
25990,2017,jaguar,good,6,other,29170,other,unknown,sedan,blue,mi
25990,2014,bmw,good,4,other,61419,other,rwd,other,black,fl
25990,2018,ford,good,4,other,29462,other,unknown,convertible,red,tx
25990,2006,chevrolet,good,8,gas,73360,automatic,rwd,truck,white,de
25990,2017,jaguar,good,6,diesel,15718,other,unknown,sedan,black,md
25990,2014,lexus,good,6,gas,45318,other,rwd,sedan,silver,co
25990,2012,jeep,good,6,gas,83995,other,4wd,other,silver,nc
25990,2013,ram,good,8,gas,81852,other,unknown,pickup,black,ga
25990,2019,gmc,good,6,gas,70640,other,fwd,SUV,white,az
25990,2016,bmw,good,6,gas,45611,automatic,rwd,sedan,black,oh
25990,2018,lincoln,good,6,hybrid,17500,other,fwd,sedan,silver,ks
25990,2014,gmc,good,6,gas,15575,other,unknown,pickup,brown,co
25990,2019,ford,good,6,gas,21480,other,unknown,pickup,black,nc
25990,2016,bmw,good,6,gas,41785,automatic,rwd,sedan,black,ga
25990,2020,ford,good,4,other,109,other,fwd,van,white,il
25990,2014,bmw,good,4,other,61419,other,rwd,other,black,tx
25990,2018,mitsubishi,good,4,electric,13938,other,4wd,SUV,unknown,oh
25990,2018,lincoln,good,6,hybrid,17500,other,fwd,sedan,silver,ca
25990,2020,nissan,good,6,gas,36975,other,fwd,sedan,unknown,md
25990,2019,acura,unknown,6,gas,60180,automatic,fwd,sedan,white,md
25990,2019,ford,good,6,gas,21480,other,unknown,pickup,black,ri
25990,2018,gmc,good,6,gas,45354,other,unknown,pickup,silver,nv
25990,2018,mitsubishi,good,4,electric,13938,other,4wd,SUV,unknown,nc
25991,2019,volkswagen,unknown,4,gas,9775,automatic,4wd,SUV,orange,tn
25992,2021,hyundai,unknown,4,gas,1100,automatic,unknown,unknown,silver,or
25995,2012,toyota,unknown,6,gas,85457,automatic,4wd,truck,unknown,va
25995,2014,lexus,unknown,8,gas,79348,automatic,fwd,sedan,black,tx
25995,2018,audi,excellent,4,gas,55522,automatic,unknown,other,white,ny
25995,2007,mercedes-benz,good,8,gas,59300,automatic,rwd,convertible,black,or
25995,2015,gmc,unknown,6,gas,93347,automatic,unknown,SUV,black,ky
25995,2017,ram,unknown,8,gas,47088,automatic,4wd,unknown,white,in
25995,2019,subaru,excellent,4,gas,25041,automatic,4wd,hatchback,grey,ak
25995,2015,ford,unknown,4,gas,22518,automatic,rwd,coupe,red,tx
25995,2016,mercedes-benz,unknown,6,gas,46263,automatic,rwd,sedan,grey,ca
25995,2008,ford,excellent,10,gas,199445,automatic,4wd,truck,white,va
25995,2018,honda,unknown,4,gas,60316,automatic,4wd,SUV,grey,or
25995,2012,chevrolet,unknown,8,gas,170369,automatic,unknown,unknown,unknown,ct
25995,2018,mercedes-benz,unknown,4,gas,16377,automatic,unknown,unknown,unknown,nj
25995,2018,ford,excellent,4,gas,6377,automatic,fwd,van,white,ak
25998,2015,bmw,unknown,6,gas,78104,automatic,rwd,SUV,white,nc
25998,2012,chevrolet,like new,8,diesel,200000,automatic,4wd,truck,white,fl
25998,2015,bmw,unknown,6,gas,78104,automatic,rwd,SUV,white,va
25999,2019,toyota,like new,6,gas,15000,automatic,unknown,unknown,black,sc
25999,2016,chevrolet,unknown,8,gas,148578,automatic,4wd,other,white,va
25999,2014,chevrolet,like new,8,gas,89500,automatic,4wd,truck,black,mi
25999,2013,jeep,unknown,6,gas,80928,automatic,4wd,SUV,unknown,co
25999,2014,ram,unknown,8,gas,85109,automatic,rwd,truck,white,ca
25999,2015,ford,unknown,6,gas,123456,automatic,4wd,truck,white,fl
26000,1998,unknown,good,6,diesel,123456,manual,rwd,truck,white,oh
26000,2017,honda,unknown,6,gas,102583,automatic,unknown,other,black,tn
26000,2002,ford,excellent,8,diesel,132435,automatic,rwd,pickup,green,ca
26200,2016,jeep,unknown,6,gas,72132,automatic,4wd,SUV,white,ak
26337,2014,ford,unknown,8,gas,127525,automatic,4wd,unknown,unknown,co
26488,2018,bmw,unknown,4,gas,24231,automatic,unknown,sedan,blue,fl
26491,2014,gmc,unknown,6,gas,60125,automatic,rwd,pickup,red,fl
26491,2017,toyota,unknown,4,other,63434,other,unknown,unknown,unknown,ca
26495,2017,jeep,good,6,gas,91151,automatic,unknown,other,unknown,mo
26500,1998,unknown,excellent,6,diesel,139448,automatic,rwd,truck,white,in
26590,2017,nissan,good,8,gas,47267,other,4wd,pickup,white,nv
26590,2018,nissan,good,6,gas,40176,other,fwd,pickup,silver,fl
26590,2017,jaguar,good,6,gas,27013,other,unknown,sedan,black,tn
26590,2014,lexus,good,6,gas,45318,other,rwd,sedan,silver,ma
26590,2018,acura,good,6,gas,15624,other,fwd,other,white,ca
26590,2013,infiniti,good,6,gas,38468,automatic,rwd,other,black,ks
26590,2018,lincoln,good,6,gas,21308,other,fwd,sedan,unknown,ma
26590,2017,kia,good,6,gas,34618,other,rwd,sedan,silver,ri
26590,2015,audi,good,4,other,26768,other,unknown,wagon,black,oh
26590,2017,honda,good,6,gas,13836,other,unknown,other,blue,va
26590,2018,infiniti,good,6,gas,39986,automatic,unknown,SUV,unknown,pa
26590,2018,infiniti,good,6,gas,39986,automatic,unknown,SUV,unknown,az
26590,2018,chrysler,good,6,other,32774,other,unknown,sedan,white,ok
26590,2016,bmw,good,6,other,64708,other,rwd,sedan,red,ca
26590,2018,nissan,good,6,gas,40176,other,fwd,pickup,silver,ok
26590,2017,nissan,good,6,gas,12677,other,fwd,sedan,blue,tn
26594,2015,toyota,unknown,8,gas,89225,automatic,rwd,unknown,white,ok
26629,2018,ford,unknown,6,gas,56053,automatic,unknown,unknown,unknown,mi
26637,2017,jeep,unknown,6,gas,58365,automatic,4wd,unknown,brown,ca
26651,2018,toyota,unknown,4,gas,41000,automatic,fwd,sedan,white,az
26775,2018,chrysler,unknown,6,gas,36586,automatic,fwd,van,red,mi
26777,2005,unknown,unknown,8,gas,142217,automatic,4wd,truck,green,ca
26788,2014,dodge,good,8,gas,56926,automatic,unknown,other,unknown,ca
26795,2018,dodge,like new,6,gas,40350,automatic,4wd,sedan,unknown,ny
26800,2012,jeep,unknown,6,gas,80490,automatic,unknown,unknown,unknown,hi
26871,2020,toyota,unknown,4,gas,10418,automatic,4wd,SUV,grey,id
26888,2020,ford,excellent,4,other,1829,automatic,unknown,unknown,unknown,wv
26888,2019,acura,unknown,6,gas,9456,automatic,fwd,sedan,unknown,hi
26900,2014,lexus,unknown,6,gas,39590,automatic,unknown,unknown,unknown,hi
26900,2018,chevrolet,unknown,6,gas,29012,automatic,fwd,SUV,black,fl
26900,2013,ford,excellent,6,gas,126510,automatic,4wd,truck,unknown,fl
26900,2017,chevrolet,unknown,6,gas,26730,automatic,fwd,unknown,white,mn
26900,2008,ford,excellent,8,diesel,155646,automatic,4wd,truck,white,fl
26900,2015,toyota,excellent,6,gas,76500,automatic,rwd,pickup,black,ga
26900,2015,jeep,unknown,6,gas,110309,automatic,4wd,SUV,orange,tn
26900,2016,lexus,unknown,6,gas,30086,automatic,fwd,sedan,blue,nc
26900,2013,jeep,like new,6,gas,73277,manual,4wd,SUV,red,ky
26900,2015,jeep,unknown,6,gas,103502,automatic,4wd,unknown,black,ok
26900,2021,chevrolet,like new,4,gas,7500,automatic,rwd,pickup,white,il
26900,2015,ford,unknown,8,gas,164000,automatic,unknown,unknown,unknown,tn
26901,2018,ford,excellent,4,gas,19666,automatic,unknown,van,unknown,ca
26919,2018,audi,unknown,4,gas,24647,automatic,fwd,SUV,black,tx
26950,2010,ford,excellent,8,diesel,152525,automatic,4wd,pickup,silver,nm
26950,2019,ford,unknown,6,gas,21285,automatic,unknown,unknown,unknown,mi
26950,2013,audi,unknown,4,gas,69094,automatic,unknown,unknown,unknown,mi
26953,2014,dodge,unknown,6,gas,96051,automatic,unknown,SUV,white,ca
26959,2016,ford,unknown,6,gas,152957,automatic,4wd,pickup,white,tn
26962,2013,chevrolet,excellent,8,gas,105499,automatic,4wd,truck,unknown,ca
26980,2017,mini,unknown,4,gas,13095,automatic,4wd,sedan,white,ak
26983,2018,mercedes-benz,unknown,4,gas,15640,automatic,fwd,sedan,black,tx
26985,2020,nissan,excellent,4,gas,34133,automatic,4wd,SUV,silver,ks
26985,2014,ford,good,6,gas,98467,automatic,4wd,truck,grey,nc
26985,2018,mercedes-benz,excellent,4,gas,25794,automatic,rwd,sedan,white,ca
26989,2016,toyota,unknown,6,gas,66179,automatic,fwd,SUV,grey,fl
26990,2015,gmc,unknown,8,gas,104507,automatic,4wd,SUV,unknown,nd
26990,2018,jeep,good,6,gas,27913,other,unknown,other,white,dc
26990,2020,infiniti,good,6,gas,31630,other,rwd,sedan,white,ca
26990,2019,volkswagen,good,4,gas,13663,other,fwd,sedan,unknown,oh
26990,2019,ford,good,4,gas,39685,other,rwd,convertible,black,fl
26990,2017,cadillac,good,6,gas,41147,other,unknown,sedan,red,tx
26990,2014,ford,good,6,gas,63278,other,unknown,pickup,red,il
26990,2018,chevrolet,good,6,gas,11805,other,rwd,coupe,unknown,ma
26990,2016,lincoln,good,6,gas,29318,automatic,unknown,other,black,nj
26990,2018,audi,good,6,other,28044,automatic,unknown,sedan,blue,sc
26990,2017,nissan,good,8,gas,41335,other,4wd,pickup,red,ny
26990,2016,chevrolet,good,8,gas,75734,automatic,rwd,truck,white,wi
26990,2013,ford,unknown,8,gas,16258,automatic,fwd,van,black,hi
26990,2016,chevrolet,good,6,gas,73371,other,4wd,pickup,white,tx
26990,2015,jeep,excellent,6,diesel,80854,automatic,4wd,SUV,unknown,ca
26990,2013,mercedes-benz,good,4,gas,28867,other,rwd,other,white,ca
26990,2020,hyundai,good,4,gas,2769,other,fwd,sedan,unknown,ca
26990,2016,chevrolet,good,8,gas,75734,automatic,rwd,truck,white,in
26990,2017,mini,good,4,other,24062,other,fwd,hatchback,black,or
26990,2017,mazda,good,4,gas,4068,other,rwd,convertible,red,ok
26990,2017,nissan,good,8,gas,41335,other,4wd,pickup,red,oh
26990,1998,mitsubishi,good,4,diesel,166302,manual,rwd,truck,white,nc
26990,2017,mini,good,4,other,24062,other,fwd,hatchback,black,nh
26990,2018,chevrolet,good,6,gas,11805,other,rwd,coupe,unknown,ks
26990,2008,chevrolet,good,8,gas,100921,automatic,4wd,truck,white,wi
26990,2015,mercedes-benz,good,6,gas,44898,other,unknown,SUV,black,tx
26990,2018,bmw,good,4,gas,28987,other,rwd,coupe,black,pa
26990,2017,infiniti,good,6,gas,40022,automatic,unknown,coupe,black,mn
26990,2017,mazda,good,4,gas,4068,other,rwd,other,red,fl
26990,2016,infiniti,good,6,gas,24374,other,fwd,SUV,black,oh
26990,2015,bmw,good,4,gas,64139,other,unknown,other,blue,tx
26990,2016,infiniti,good,6,gas,24374,other,fwd,SUV,black,wv
26990,2008,chevrolet,good,8,gas,100921,automatic,4wd,truck,white,de
26990,2017,cadillac,good,6,gas,14789,other,unknown,sedan,unknown,ok
26990,2012,chevrolet,good,8,gas,108439,automatic,rwd,unknown,white,de
26991,2017,ford,unknown,6,gas,62437,automatic,rwd,SUV,black,fl
26991,2017,nissan,unknown,6,gas,28104,unknown,fwd,pickup,blue,ca
26995,2016,bmw,unknown,6,gas,73202,automatic,unknown,SUV,black,fl
26995,2015,ford,unknown,8,diesel,232000,automatic,4wd,unknown,unknown,ga
26995,2010,ram,unknown,6,gas,104769,automatic,unknown,other,silver,pa
26995,2016,mercedes-benz,excellent,4,gas,47000,automatic,4wd,sedan,grey,vt
26995,2014,gmc,good,8,gas,104489,automatic,4wd,truck,black,pa
26995,2017,ford,good,6,gas,164490,automatic,4wd,unknown,black,mn
26995,2015,ford,unknown,6,gas,134471,automatic,4wd,truck,white,wa
26995,2014,ford,unknown,8,gas,72349,automatic,rwd,other,white,ks
26995,2015,ford,unknown,8,diesel,210000,automatic,4wd,unknown,unknown,al
26995,2015,ram,unknown,8,gas,65121,automatic,unknown,unknown,unknown,nj
26995,2018,nissan,like new,6,gas,46346,automatic,unknown,unknown,silver,fl
26995,2017,honda,unknown,6,gas,23555,automatic,unknown,unknown,unknown,nj
26995,2018,acura,unknown,4,gas,23342,other,fwd,sedan,grey,hi
26995,2014,ford,unknown,6,gas,136797,unknown,unknown,pickup,brown,ok
26995,2019,dodge,unknown,6,gas,25670,automatic,unknown,unknown,unknown,ak
26995,2015,ford,unknown,8,diesel,232000,automatic,unknown,unknown,unknown,sc
26995,2017,bmw,excellent,6,gas,28858,automatic,unknown,sedan,white,nh
26995,2008,ram,excellent,6,diesel,252117,automatic,4wd,pickup,silver,tx
26995,2005,chevrolet,excellent,8,gas,31969,automatic,rwd,coupe,silver,ia
26998,2013,bmw,unknown,8,gas,48752,automatic,rwd,sedan,black,oh
26998,2018,chevrolet,unknown,6,gas,28596,automatic,fwd,SUV,white,fl
26998,2018,subaru,unknown,4,gas,20070,automatic,unknown,unknown,unknown,wa
26999,2018,infiniti,unknown,6,gas,65000,automatic,unknown,unknown,unknown,fl
26999,2019,subaru,unknown,4,gas,18361,manual,4wd,SUV,custom,wa
26999,2014,jeep,excellent,6,gas,101028,automatic,4wd,SUV,white,nv
26999,2016,lexus,unknown,6,gas,36408,automatic,fwd,sedan,custom,wa
26999,2017,ford,unknown,8,gas,98967,automatic,4wd,SUV,white,id
26999,2015,ford,unknown,6,gas,124361,automatic,4wd,pickup,blue,pa
26999,2017,ford,unknown,8,gas,98967,automatic,4wd,SUV,white,or
26999,2010,unknown,excellent,6,diesel,94881,automatic,rwd,truck,white,ny
27000,2012,mercedes-benz,good,8,gas,44086,automatic,unknown,other,white,az
27000,2016,chevrolet,unknown,8,gas,40433,automatic,unknown,unknown,unknown,va
27000,2015,chevrolet,like new,8,gas,70444,manual,rwd,coupe,white,pa
27000,2018,gmc,excellent,8,gas,32500,automatic,rwd,truck,white,nv
27000,2004,jeep,excellent,8,gas,55000,automatic,4wd,offroad,black,ga
27000,2005,ford,excellent,8,diesel,152129,automatic,unknown,pickup,white,ks
27228,2020,chevrolet,unknown,4,gas,13838,automatic,4wd,SUV,black,mi
27294,2014,gmc,good,8,diesel,12234,automatic,4wd,truck,white,wy
27296,2018,ford,unknown,6,gas,28510,automatic,unknown,unknown,unknown,fl
27300,2015,jeep,excellent,6,gas,90650,automatic,4wd,SUV,white,pa
27337,2017,lincoln,unknown,8,gas,60427,automatic,4wd,sedan,unknown,co
27388,2018,ford,unknown,6,gas,79090,automatic,rwd,van,white,ga
27399,2019,ford,like new,6,gas,1000,automatic,unknown,unknown,white,tx
27400,2014,toyota,unknown,6,unknown,58910,automatic,rwd,SUV,silver,hi
27440,2018,nissan,like new,6,gas,17937,automatic,4wd,truck,white,hi
27490,2006,mitsubishi,good,4,diesel,96626,automatic,rwd,truck,green,tn
27499,2018,toyota,unknown,4,gas,37292,automatic,rwd,unknown,unknown,la
27499,2013,ram,unknown,8,unknown,117998,automatic,4wd,pickup,grey,co
27500,2005,ford,unknown,8,diesel,132500,automatic,unknown,unknown,unknown,wa
27500,2012,mitsubishi,excellent,4,diesel,99989,automatic,rwd,truck,white,az
27500,2012,ram,good,8,diesel,138000,automatic,4wd,truck,white,ca
27500,2017,chevrolet,excellent,8,gas,99468,automatic,4wd,truck,unknown,ia
27500,1995,unknown,excellent,6,gas,57898,automatic,rwd,convertible,white,wa
27500,2008,unknown,excellent,12,diesel,199000,automatic,4wd,truck,blue,nm
27500,2018,nissan,excellent,6,gas,24272,automatic,fwd,SUV,grey,ca
27500,2014,lexus,unknown,6,gas,77844,automatic,rwd,convertible,black,fl
27546,2018,subaru,unknown,4,gas,20450,automatic,unknown,SUV,red,id
27590,2016,audi,good,4,other,47147,other,unknown,sedan,unknown,tn
27590,2019,gmc,good,6,gas,7080,other,fwd,SUV,white,va
27590,2020,volkswagen,good,4,gas,1309,other,fwd,sedan,red,in
27590,2020,volkswagen,good,4,gas,1309,other,fwd,sedan,red,ma
27590,2015,ram,good,8,other,48652,other,unknown,pickup,blue,mn
27590,2018,volkswagen,good,6,other,16441,other,unknown,other,black,ma
27590,2019,jeep,good,6,gas,6955,other,4wd,SUV,silver,wi
27590,2019,lincoln,good,6,gas,8643,other,fwd,sedan,red,ok
27590,2018,honda,good,6,gas,25316,other,unknown,other,blue,fl
27590,2020,volkswagen,good,4,gas,1309,other,fwd,sedan,red,pa
27590,2020,volkswagen,good,4,gas,1309,other,fwd,sedan,red,ga
27590,2017,toyota,good,6,gas,53525,other,fwd,van,black,ca
27590,2018,unknown,good,6,other,24067,other,unknown,sedan,silver,fl
27600,2003,unknown,excellent,8,gas,132000,automatic,4wd,SUV,white,ca
27621,2018,mercedes-benz,unknown,4,gas,12485,automatic,rwd,sedan,silver,fl
27632,2013,jeep,unknown,6,gas,74347,automatic,4wd,SUV,white,nv
27632,2017,honda,unknown,4,gas,27980,automatic,4wd,SUV,unknown,az
27791,2018,honda,unknown,4,gas,31867,automatic,unknown,unknown,red,md
27800,1999,ford,excellent,8,diesel,91210,automatic,4wd,unknown,unknown,md
27800,1999,ford,excellent,8,diesel,91210,automatic,4wd,unknown,unknown,oh
27800,1999,ford,excellent,8,diesel,91210,automatic,4wd,unknown,unknown,ut
27850,2016,ford,unknown,6,unknown,148869,automatic,rwd,unknown,white,sc
27888,2015,lexus,unknown,6,gas,69603,automatic,fwd,sedan,white,ca
27888,2013,toyota,unknown,6,gas,55591,automatic,unknown,unknown,unknown,hi
27892,2014,chevrolet,unknown,8,gas,44694,automatic,4wd,truck,brown,wa
27900,2005,gmc,excellent,8,diesel,123443,automatic,4wd,pickup,black,wi
27900,2012,gmc,excellent,8,gas,127018,automatic,4wd,unknown,black,wi
27900,2016,bmw,unknown,4,gas,34966,automatic,rwd,convertible,custom,fl
27900,2015,chevrolet,excellent,8,diesel,246705,automatic,rwd,pickup,black,ks
27900,2017,audi,excellent,4,gas,36689,automatic,4wd,sedan,white,pa
27900,2017,bmw,like new,4,gas,38000,automatic,4wd,hatchback,silver,ut
27917,2016,gmc,unknown,6,gas,70043,automatic,4wd,pickup,black,fl
27927,2017,ram,unknown,6,gas,49580,automatic,4wd,pickup,white,tx
27933,2018,chevrolet,excellent,8,gas,28670,automatic,rwd,van,white,va
27949,2021,chevrolet,excellent,4,gas,8370,automatic,4wd,SUV,unknown,il
27950,2013,toyota,unknown,6,gas,32000,automatic,4wd,unknown,red,ma
27950,2018,honda,excellent,6,gas,70000,automatic,fwd,mini-van,silver,ok
27959,2019,jeep,unknown,6,gas,30674,automatic,4wd,SUV,white,tn
27963,2014,chevrolet,unknown,8,gas,117567,automatic,unknown,unknown,unknown,nc
27972,2019,nissan,unknown,6,gas,22962,automatic,fwd,sedan,grey,ak
27985,2017,dodge,unknown,6,gas,41311,automatic,unknown,other,black,nj
27988,2019,toyota,unknown,4,gas,29895,automatic,fwd,sedan,unknown,ok
27988,2020,nissan,unknown,4,gas,6516,automatic,fwd,unknown,white,id
27990,2017,infiniti,good,6,other,26355,other,fwd,other,blue,ok
27990,2008,ford,good,8,gas,83459,automatic,rwd,truck,white,pa
27990,2020,ford,good,8,gas,10688,other,unknown,pickup,white,tn
27990,2020,subaru,good,4,gas,2433,other,unknown,sedan,red,ca
27990,2012,toyota,good,6,gas,67245,other,4wd,pickup,silver,md
27990,2014,ford,unknown,8,other,138440,automatic,4wd,pickup,black,ma
27990,2016,bmw,good,6,gas,46057,other,rwd,sedan,blue,ny
27990,2012,gmc,good,8,gas,68696,other,4wd,pickup,black,mo
27990,2016,bmw,good,6,gas,46057,other,rwd,sedan,blue,nj
27990,2016,subaru,good,4,gas,62680,other,unknown,sedan,black,tn
27990,2016,ford,good,6,gas,53920,other,unknown,pickup,black,fl
27990,2005,unknown,good,6,diesel,24624,automatic,rwd,unknown,custom,de
27990,2012,toyota,good,6,other,74618,other,4wd,pickup,green,fl
27990,2020,honda,good,4,gas,7209,other,fwd,hatchback,white,nh
27990,2018,unknown,good,6,gas,30363,other,rwd,sedan,black,ca
27990,2019,volkswagen,good,4,gas,9729,other,fwd,sedan,black,mn
27990,2012,toyota,good,6,other,74618,other,4wd,pickup,green,va
27990,2018,audi,good,6,other,46774,automatic,unknown,sedan,black,pa
27990,2012,gmc,good,8,gas,68696,other,4wd,pickup,black,ma
27990,2017,lexus,good,6,gas,19215,other,rwd,sedan,silver,ri
27990,2017,infiniti,good,6,other,26355,other,fwd,other,blue,fl
27990,2018,bmw,good,4,gas,24379,other,unknown,sedan,black,in
27990,2012,gmc,good,8,gas,68696,other,4wd,pickup,black,nv
27990,2017,infiniti,good,6,other,26355,other,fwd,other,blue,ms
27990,2013,tesla,good,8,hybrid,89895,other,rwd,sedan,red,dc
27995,2018,ford,excellent,6,gas,87276,automatic,4wd,pickup,white,mi
27995,2017,nissan,unknown,4,gas,23383,automatic,unknown,SUV,black,id
27995,1999,ram,excellent,6,gas,84375,automatic,unknown,pickup,red,ia
27995,2014,dodge,unknown,6,other,47589,automatic,fwd,mini-van,white,ca
27995,2011,ram,excellent,8,gas,70842,automatic,4wd,truck,silver,nm
27995,2016,ram,excellent,8,gas,72000,automatic,rwd,pickup,unknown,ok
27995,2018,alfa-romeo,unknown,4,gas,40102,automatic,unknown,unknown,unknown,nj
27995,2018,nissan,like new,6,gas,31657,automatic,4wd,SUV,unknown,ny
27995,2017,ford,unknown,8,diesel,151000,automatic,4wd,unknown,unknown,nc
27995,2006,chevrolet,good,8,gas,43652,manual,rwd,convertible,black,ia
27995,2014,ram,excellent,8,gas,158307,automatic,4wd,SUV,black,id
27995,2007,ram,excellent,6,gas,140460,automatic,4wd,truck,white,nv
27996,2014,bmw,unknown,8,gas,53936,automatic,unknown,sedan,silver,tx
27997,2013,jeep,excellent,6,gas,123844,automatic,4wd,convertible,black,tn
27997,2014,bmw,unknown,8,gas,62767,automatic,unknown,sedan,black,ca
27998,2017,audi,excellent,4,gas,48349,automatic,4wd,sedan,unknown,ca
27999,2014,gmc,excellent,8,diesel,94230,automatic,4wd,truck,unknown,tx
27999,2013,jeep,excellent,6,gas,67000,automatic,4wd,unknown,white,fl
27999,2012,chevrolet,unknown,8,gas,80358,automatic,4wd,truck,brown,mt
27999,2013,ford,unknown,8,gas,134888,automatic,4wd,truck,unknown,mt
27999,2012,ford,excellent,8,gas,55999,automatic,unknown,sedan,unknown,ca
27999,2013,lexus,excellent,6,gas,63629,automatic,4wd,sedan,silver,ak
27999,2021,subaru,unknown,4,gas,5037,manual,4wd,hatchback,silver,wa
27999,2012,cadillac,unknown,8,gas,105789,automatic,unknown,coupe,unknown,ca
27999,2017,bmw,unknown,4,gas,33766,automatic,4wd,sedan,custom,wa
27999,2013,jeep,unknown,6,gas,100464,automatic,4wd,SUV,yellow,id
27999,2011,ford,unknown,8,diesel,139618,automatic,4wd,pickup,white,nj
27999,2017,rover,unknown,4,gas,51767,automatic,4wd,SUV,black,wa
28000,2015,chevrolet,excellent,6,gas,80800,automatic,rwd,truck,unknown,ca
28000,2018,cadillac,excellent,4,gas,14000,automatic,4wd,sedan,grey,ny
28000,2016,gmc,excellent,8,gas,149000,automatic,rwd,SUV,black,nc
28012,2020,gmc,unknown,4,gas,6408,automatic,unknown,unknown,unknown,nm
28155,2018,ford,unknown,6,gas,75180,automatic,4wd,pickup,silver,id
28163,2018,alfa-romeo,unknown,4,gas,35248,automatic,4wd,SUV,blue,va
28233,2017,toyota,excellent,6,gas,53374,automatic,4wd,mini-van,black,oh
28234,2019,cadillac,unknown,6,gas,31279,automatic,unknown,unknown,unknown,wi
28250,2017,ford,unknown,6,gas,46988,automatic,fwd,SUV,white,tx
28337,2018,chevrolet,unknown,8,gas,21896,automatic,rwd,unknown,unknown,co
28399,2017,cadillac,excellent,6,gas,63931,automatic,4wd,unknown,unknown,id
28449,2017,subaru,unknown,4,gas,30482,manual,4wd,sedan,unknown,id
28467,2021,kia,like new,4,gas,795,automatic,4wd,unknown,unknown,sd
28490,2008,mitsubishi,good,4,diesel,70643,automatic,rwd,truck,green,md
28495,2016,bmw,unknown,6,gas,66158,automatic,unknown,SUV,white,va
28495,2016,bmw,unknown,4,gas,17613,automatic,4wd,sedan,grey,ny
28495,2018,jeep,unknown,6,gas,36093,automatic,4wd,SUV,blue,ny
28500,2013,tesla,excellent,8,electric,103700,other,rwd,sedan,blue,wa
28500,2015,ram,good,8,gas,71000,automatic,4wd,truck,red,in
28542,2016,bmw,unknown,6,unknown,76898,automatic,rwd,sedan,black,nj
28590,2016,subaru,good,4,other,57707,other,unknown,sedan,blue,nh
28590,2016,subaru,good,4,other,57707,other,unknown,sedan,blue,ca
28590,2019,nissan,good,4,other,3141,other,fwd,hatchback,blue,ca
28590,2013,subaru,good,4,other,50764,other,unknown,sedan,black,fl
28590,2018,acura,good,6,gas,30316,other,fwd,other,unknown,oh
28590,2016,mercedes-benz,good,6,gas,24531,automatic,unknown,coupe,silver,ma
28590,2017,buick,good,6,other,29324,other,unknown,other,unknown,fl
28590,2020,acura,good,6,gas,2255,other,fwd,sedan,white,oh
28590,2013,subaru,good,4,other,50764,other,unknown,sedan,black,nc
28590,2019,honda,good,4,other,15387,other,unknown,other,unknown,az
28590,2014,lexus,good,8,gas,87126,automatic,unknown,sedan,white,mi
28590,2017,jeep,good,6,gas,37218,other,4wd,other,unknown,la
28590,2013,subaru,good,4,other,50764,other,unknown,sedan,black,oh
28590,2016,bmw,good,6,gas,26672,automatic,rwd,sedan,black,fl
28590,2018,unknown,good,6,gas,25226,other,rwd,sedan,white,ct
28590,2019,infiniti,good,6,gas,29583,other,fwd,SUV,blue,ga
28590,2020,hyundai,good,4,gas,15747,other,fwd,coupe,red,ks
28590,2016,subaru,good,4,other,57707,other,unknown,sedan,blue,fl
28590,2020,infiniti,good,6,gas,36519,other,unknown,other,brown,az
28590,2017,jeep,good,6,gas,32918,other,4wd,other,silver,ks
28590,2019,volkswagen,good,4,gas,14568,other,fwd,sedan,black,nm
28590,2019,honda,good,6,gas,17043,other,unknown,other,unknown,nv
28590,2018,jeep,good,6,gas,22898,other,4wd,other,black,tn
28590,2017,chevrolet,good,6,gas,102,other,unknown,pickup,red,md
28590,2018,audi,good,6,gas,31033,other,unknown,SUV,silver,ky
28590,2019,nissan,good,6,other,21939,other,fwd,pickup,white,nc
28590,2020,chevrolet,good,6,gas,23252,other,fwd,other,silver,tn
28590,2016,subaru,good,4,other,57707,other,unknown,sedan,blue,mi
28590,2019,kia,good,4,electric,10230,other,fwd,wagon,silver,az
28590,2013,subaru,good,4,other,50764,other,unknown,sedan,black,md
28590,2018,audi,good,6,gas,45474,other,unknown,other,white,ny
28590,2020,infiniti,good,6,other,24253,other,unknown,sedan,blue,mo
28590,2018,toyota,good,6,gas,18452,other,unknown,other,blue,az
28590,2016,bmw,good,6,gas,26672,automatic,rwd,sedan,black,ok
28591,2017,mercedes-benz,unknown,4,gas,27187,automatic,rwd,sedan,white,ca
28595,2019,toyota,unknown,6,gas,62866,automatic,fwd,sedan,blue,nj
28630,2017,toyota,unknown,6,gas,57998,automatic,4wd,SUV,silver,fl
28650,2019,alfa-romeo,good,4,gas,13566,automatic,rwd,sedan,unknown,ca
28720,2019,nissan,unknown,6,gas,27844,automatic,4wd,unknown,unknown,ca
28750,2020,ford,excellent,4,gas,4500,automatic,unknown,unknown,unknown,mi
28780,2017,bmw,unknown,4,gas,36734,automatic,rwd,coupe,black,nv
28803,2015,bmw,good,6,gas,41361,automatic,rwd,coupe,black,il
28823,2019,subaru,unknown,4,gas,25400,manual,unknown,sedan,white,ca
28865,2019,honda,excellent,6,gas,39786,automatic,fwd,SUV,white,oh
28865,2015,lexus,unknown,6,gas,70908,automatic,unknown,unknown,silver,ks
28875,2019,bmw,good,4,gas,57327,automatic,rwd,SUV,silver,tn
28875,2019,ram,excellent,6,gas,11495,automatic,fwd,van,red,ok
28891,2014,ford,unknown,8,gas,90566,automatic,4wd,pickup,silver,nv
28895,2014,toyota,unknown,6,gas,109000,automatic,4wd,truck,unknown,id
28898,2018,volvo,unknown,4,gas,34230,automatic,4wd,sedan,grey,id
28900,2015,jeep,unknown,6,gas,68040,automatic,unknown,other,black,tn
28900,2020,chrysler,unknown,6,gas,43457,automatic,fwd,mini-van,white,sc
28900,2017,ram,unknown,8,gas,53000,automatic,unknown,unknown,unknown,il
28900,2016,chevrolet,excellent,8,gas,136589,automatic,rwd,SUV,black,ms
28900,2011,unknown,unknown,6,diesel,245000,automatic,unknown,unknown,unknown,ca
28900,2018,bmw,good,4,gas,15600,automatic,4wd,wagon,blue,in
28900,2016,ford,excellent,8,gas,74318,automatic,4wd,truck,black,ma
28900,2007,gmc,unknown,6,diesel,120000,automatic,unknown,unknown,unknown,oh
28900,2007,ford,unknown,8,diesel,120000,automatic,unknown,unknown,unknown,oh
28915,2019,ford,unknown,4,gas,34000,automatic,rwd,pickup,grey,tx
28930,2017,audi,unknown,4,gas,57281,automatic,unknown,sedan,unknown,oh
28950,2014,ram,excellent,6,gas,34000,automatic,4wd,truck,black,il
28975,2016,ford,unknown,6,gas,53391,automatic,rwd,SUV,silver,fl
28975,2007,ford,unknown,8,gas,32625,automatic,rwd,coupe,white,mn
28980,2012,ford,unknown,8,gas,41313,automatic,fwd,other,white,ca
28981,2015,chevrolet,excellent,8,gas,88501,automatic,4wd,truck,red,ky
28988,2018,subaru,unknown,4,gas,30311,automatic,4wd,SUV,white,ca
28988,2016,gmc,unknown,8,gas,83109,automatic,unknown,other,white,sc
28988,2020,subaru,unknown,4,gas,2127,automatic,unknown,unknown,unknown,fl
28988,2017,honda,like new,6,gas,68400,automatic,unknown,unknown,unknown,tx
28988,2012,jeep,unknown,6,gas,86751,automatic,4wd,SUV,white,co
28988,2016,ford,unknown,8,gas,63530,automatic,unknown,unknown,unknown,ok
28988,2015,infiniti,unknown,6,gas,33154,automatic,unknown,unknown,unknown,hi
28988,2017,ford,excellent,4,gas,35178,automatic,rwd,coupe,grey,ia
28988,2019,nissan,unknown,6,gas,48281,automatic,unknown,unknown,unknown,tx
28989,2019,ram,unknown,6,gas,50265,automatic,fwd,van,white,ga
28990,2017,infiniti,good,6,other,15868,other,unknown,coupe,blue,pa
28990,2020,hyundai,good,4,gas,7245,other,fwd,coupe,white,oh
28990,2019,ford,good,8,gas,31583,other,unknown,pickup,white,va
28990,2016,buick,unknown,4,other,25359,automatic,unknown,other,silver,wa
28990,2016,toyota,good,6,gas,35784,other,unknown,pickup,silver,tx
28990,2020,hyundai,good,4,gas,7245,other,fwd,coupe,white,il
28990,2017,audi,good,6,other,45787,other,unknown,sedan,white,va
28990,2016,lexus,good,6,gas,11264,other,fwd,sedan,red,ca
28990,2017,jaguar,good,6,diesel,71386,automatic,unknown,SUV,blue,pa
28990,2014,jeep,good,6,other,51761,other,4wd,SUV,white,ny
28990,2020,chevrolet,good,6,gas,16088,other,fwd,SUV,silver,ri
28990,2019,subaru,good,4,gas,26034,other,rwd,coupe,white,mi
28990,2018,ford,excellent,6,gas,53000,automatic,unknown,pickup,white,mn
28990,2020,chevrolet,good,6,other,22262,other,unknown,pickup,silver,va
28990,2017,bmw,good,4,gas,49355,automatic,unknown,coupe,unknown,tx
28990,2020,chevrolet,good,6,other,22262,other,unknown,pickup,silver,md
28990,2017,bmw,good,4,gas,49355,automatic,unknown,coupe,unknown,ny
28990,2018,acura,good,6,other,35719,other,unknown,other,unknown,nm
28990,2017,infiniti,good,6,other,15868,other,unknown,coupe,blue,mi
28990,2018,ford,unknown,6,gas,53000,automatic,unknown,pickup,white,mn
28990,2017,audi,good,6,gas,23551,other,unknown,sedan,blue,fl
28990,2008,ford,good,8,gas,118078,automatic,rwd,truck,white,ky
28994,2018,audi,unknown,4,gas,46234,automatic,4wd,coupe,grey,nv
28995,2017,chevrolet,unknown,8,other,153830,automatic,unknown,pickup,unknown,wi
28995,2014,toyota,like new,6,gas,112150,automatic,4wd,SUV,silver,tn
28995,2017,infiniti,unknown,6,gas,53690,automatic,4wd,coupe,silver,fl
28995,2014,ford,excellent,8,gas,22929,automatic,4wd,pickup,black,ri
28995,2016,ram,like new,8,gas,56576,automatic,4wd,truck,unknown,ny
28995,2014,ram,unknown,6,gas,109527,automatic,fwd,truck,white,mi
28995,2014,chevrolet,good,8,diesel,175470,automatic,4wd,truck,silver,wi
28995,2017,ford,unknown,6,gas,92800,automatic,rwd,unknown,unknown,tx
28995,2015,audi,unknown,8,gas,85544,automatic,unknown,sedan,white,ca
28995,2018,jeep,excellent,6,gas,42000,automatic,4wd,SUV,black,fl
28995,2012,porsche,unknown,6,gas,69081,automatic,unknown,sedan,unknown,fl
28995,2018,gmc,excellent,8,gas,35322,automatic,rwd,unknown,white,tx
28995,2015,ram,unknown,6,gas,120155,automatic,fwd,van,white,oh
28995,2015,ford,excellent,8,diesel,186985,automatic,4wd,truck,red,ky
28997,2015,mercedes-benz,unknown,6,diesel,80603,automatic,4wd,SUV,black,az
28997,2018,chrysler,excellent,6,gas,33988,automatic,4wd,sedan,unknown,ny
28997,2017,infiniti,unknown,6,gas,31309,automatic,4wd,SUV,white,nc
28997,2007,unknown,unknown,8,gas,94990,automatic,4wd,SUV,blue,ca
28998,2018,jeep,unknown,6,gas,20946,automatic,unknown,unknown,unknown,id
28998,2019,infiniti,unknown,6,gas,49816,automatic,4wd,coupe,black,nj
28999,2014,ram,excellent,8,gas,149790,automatic,4wd,pickup,grey,co
28999,2015,dodge,excellent,6,gas,77889,automatic,rwd,unknown,grey,ca
28999,2013,ford,unknown,8,gas,51677,automatic,4wd,truck,green,wa
28999,2017,toyota,excellent,6,gas,38729,automatic,unknown,SUV,unknown,tx
28999,2015,jeep,unknown,8,gas,79738,other,4wd,SUV,white,mt
28999,2016,ford,unknown,8,gas,77282,automatic,4wd,truck,silver,wa
28999,2012,ram,unknown,8,gas,80602,automatic,4wd,truck,unknown,ak
28999,2015,lexus,excellent,6,gas,41987,other,unknown,coupe,black,fl
29000,2014,chevrolet,excellent,8,gas,103920,automatic,4wd,truck,white,mn
29000,2016,chevrolet,excellent,6,gas,35000,automatic,4wd,pickup,blue,ca
29000,2016,buick,like new,6,gas,27000,automatic,4wd,truck,white,oh
29000,2019,nissan,like new,4,gas,28000,automatic,fwd,sedan,red,ms
29422,2014,chevrolet,excellent,8,gas,138349,automatic,4wd,truck,white,mn
29447,2020,hyundai,unknown,6,gas,12490,automatic,4wd,wagon,unknown,or
29450,2018,mercedes-benz,good,4,gas,30012,automatic,fwd,sedan,blue,tx
29500,2006,chevrolet,unknown,8,diesel,67105,other,4wd,truck,white,oh
29500,2012,ford,excellent,8,diesel,84089,automatic,rwd,pickup,unknown,nh
29500,2007,chevrolet,excellent,8,gas,20350,manual,rwd,coupe,black,ak
29500,2015,gmc,unknown,8,gas,136000,automatic,4wd,truck,grey,me
29500,2019,lincoln,like new,4,gas,19000,automatic,fwd,SUV,blue,in
29500,2017,buick,excellent,6,gas,42118,automatic,4wd,SUV,black,wi
29500,2013,chevrolet,unknown,8,diesel,139179,automatic,4wd,pickup,silver,ar
29500,2012,ford,unknown,8,gas,168000,automatic,unknown,unknown,unknown,nj
29590,2013,gmc,good,8,gas,37888,other,unknown,pickup,silver,mo
29590,2016,chevrolet,good,6,gas,47333,other,4wd,pickup,white,md
29590,2019,alfa-romeo,good,4,other,60984,other,unknown,hatchback,black,sc
29590,2018,audi,good,6,gas,13035,other,fwd,sedan,unknown,va
29590,2018,audi,good,6,gas,13035,other,fwd,sedan,unknown,sc
29590,2016,toyota,good,6,gas,53475,automatic,unknown,SUV,black,ar
29590,2018,audi,good,6,gas,13035,other,fwd,sedan,unknown,ga
29590,2017,lincoln,good,6,gas,34116,other,unknown,sedan,white,il
29590,2018,audi,good,6,gas,34476,other,unknown,SUV,white,ga
29590,2018,dodge,good,6,other,28813,other,unknown,sedan,unknown,co
29600,2018,toyota,excellent,4,gas,26265,automatic,unknown,SUV,unknown,ia
29616,2018,gmc,good,6,gas,61060,other,unknown,other,red,id
29650,2016,ford,unknown,8,gas,49418,manual,unknown,coupe,orange,ia
29657,2020,volkswagen,unknown,4,gas,10123,automatic,fwd,SUV,black,ca
29687,2019,honda,unknown,6,gas,5284,automatic,fwd,unknown,unknown,az
29695,2018,bmw,unknown,4,gas,31628,automatic,unknown,SUV,white,ny
29750,1999,unknown,good,8,diesel,158263,manual,unknown,unknown,white,co
29750,2014,volvo,good,6,diesel,326695,manual,rwd,other,white,wi
29771,2015,jeep,unknown,6,gas,61643,automatic,4wd,convertible,unknown,ar
29795,2018,toyota,good,6,gas,27158,automatic,4wd,pickup,unknown,va
29795,2018,chevrolet,unknown,8,gas,120786,automatic,4wd,pickup,silver,va
29800,2018,toyota,excellent,6,gas,27600,automatic,fwd,sedan,grey,mo
29800,2006,ram,unknown,6,diesel,148000,other,4wd,pickup,blue,fl
29800,2018,gmc,excellent,8,gas,8100,automatic,unknown,unknown,white,in
29800,2006,ram,unknown,6,diesel,148000,other,4wd,pickup,blue,tn
29826,2015,chevrolet,unknown,8,gas,97959,automatic,unknown,unknown,unknown,tn
29855,2020,nissan,excellent,6,gas,71164,automatic,rwd,van,white,va
29895,2018,honda,unknown,6,gas,33823,automatic,fwd,van,grey,mt
29900,2017,ford,excellent,6,gas,72849,automatic,4wd,SUV,white,wi
29900,2015,ram,like new,8,gas,54000,automatic,4wd,truck,grey,ia
29900,2019,toyota,excellent,6,gas,21374,automatic,4wd,SUV,blue,ma
29900,2017,ford,excellent,6,gas,82872,automatic,rwd,SUV,white,tx
29900,2019,ford,like new,8,gas,23004,automatic,rwd,truck,white,tn
29900,2019,chevrolet,unknown,8,gas,163000,automatic,unknown,unknown,unknown,tn
29900,2011,ford,unknown,8,diesel,174182,automatic,4wd,pickup,white,id
29900,2015,toyota,unknown,6,gas,50120,automatic,4wd,SUV,unknown,wa
29900,2017,ram,like new,8,gas,79500,automatic,4wd,truck,grey,ny
29920,2013,ford,unknown,8,other,185163,automatic,4wd,pickup,black,tx
29931,2018,chevrolet,unknown,8,gas,120608,automatic,4wd,pickup,white,tn
29937,2011,ford,unknown,8,diesel,247114,automatic,unknown,unknown,unknown,nc
29950,2015,ram,excellent,8,gas,193095,automatic,4wd,truck,white,ca
29950,2015,chevrolet,good,8,gas,136677,automatic,4wd,truck,white,ok
29950,2007,ford,excellent,8,diesel,97192,automatic,4wd,truck,grey,ca
29950,2018,lexus,unknown,6,gas,108000,automatic,4wd,SUV,black,ny
29950,2007,unknown,excellent,6,diesel,105121,automatic,4wd,truck,white,mn
29961,2016,dodge,unknown,8,gas,82562,manual,rwd,coupe,red,nv
29963,2016,chevrolet,excellent,8,gas,108624,automatic,4wd,truck,unknown,co
29980,2019,ford,like new,4,gas,3850,automatic,4wd,SUV,grey,ca
29987,2016,chevrolet,good,8,other,21508,other,unknown,pickup,unknown,mt
29990,2016,chevrolet,good,6,gas,17302,other,4wd,pickup,red,mi
29990,2018,alfa-romeo,good,4,other,26978,other,unknown,hatchback,unknown,ga
29990,2018,toyota,good,4,gas,14520,other,unknown,other,red,dc
29990,2018,dodge,good,6,gas,18893,other,unknown,sedan,red,tx
29990,2017,jeep,good,6,gas,18656,other,4wd,SUV,unknown,ky
29990,2020,chevrolet,unknown,6,gas,81398,automatic,rwd,van,white,tn
29990,2015,unknown,good,8,gas,91400,automatic,rwd,truck,white,va
29990,2018,alfa-romeo,good,4,gas,11821,other,unknown,hatchback,unknown,md
29990,2018,audi,good,6,other,40209,other,unknown,coupe,blue,fl
29990,2017,acura,good,6,gas,38311,automatic,unknown,other,silver,fl
29990,2015,ford,good,8,diesel,169564,automatic,4wd,unknown,white,nc
29990,2018,lexus,good,6,other,15923,other,unknown,hatchback,white,sc
29990,2014,unknown,good,4,diesel,132469,automatic,rwd,truck,white,pa
29990,2019,volkswagen,good,6,gas,11349,other,unknown,SUV,red,nc
29990,2019,cadillac,good,4,other,27396,other,unknown,coupe,silver,ny
29990,2017,chevrolet,good,6,other,30727,other,unknown,pickup,white,ks
29990,2019,mazda,good,4,gas,5247,other,rwd,other,unknown,ny
29990,2016,toyota,unknown,6,gas,149230,unknown,4wd,pickup,unknown,ma
29990,2018,buick,good,6,other,27177,other,unknown,SUV,unknown,fl
29990,2019,ram,good,8,gas,5224,other,unknown,pickup,white,ca
29990,2019,ford,good,8,gas,13628,other,unknown,pickup,silver,wi
29990,2017,ram,good,6,other,31622,other,4wd,pickup,white,va
29990,2016,chevrolet,good,6,gas,17302,other,4wd,pickup,red,pa
29990,2017,audi,good,6,gas,17224,other,unknown,sedan,black,ca
29990,2018,bmw,unknown,4,gas,37149,automatic,rwd,coupe,white,nv
29990,2013,chevrolet,good,8,gas,92607,other,4wd,pickup,green,tn
29990,2018,lexus,good,6,other,15923,other,unknown,hatchback,white,tx
29990,2018,toyota,good,6,other,28823,other,unknown,other,black,ma
29990,2020,toyota,good,6,gas,5248,other,fwd,sedan,red,tx
29990,2012,toyota,good,6,gas,43182,other,4wd,pickup,white,nc
29990,2013,lexus,good,8,gas,61015,other,unknown,sedan,unknown,mo
29990,2019,ford,good,8,gas,10301,other,unknown,pickup,black,tx
29990,2018,toyota,good,6,other,20624,other,unknown,pickup,white,az
29990,2019,chevrolet,good,6,gas,6727,other,rwd,coupe,red,wi
29990,2016,chevrolet,good,6,gas,17302,other,4wd,pickup,red,ar
29990,2019,volkswagen,good,6,gas,15471,other,unknown,other,red,nm
29990,2008,unknown,good,8,gas,60386,automatic,rwd,truck,white,tn
29990,2018,lexus,good,6,other,15923,other,unknown,hatchback,white,ky
29990,2020,chevrolet,good,8,gas,4988,other,fwd,SUV,white,il
29990,2019,volkswagen,good,6,gas,11490,other,unknown,other,unknown,oh
29990,2011,ford,good,8,diesel,137481,automatic,4wd,truck,white,vt
29990,2018,audi,good,6,other,36722,other,unknown,other,blue,ca
29990,2011,ford,good,8,diesel,137481,automatic,4wd,truck,white,pa
29995,2016,dodge,unknown,6,gas,100151,automatic,rwd,sedan,unknown,il
29995,2015,bmw,excellent,6,gas,64978,automatic,unknown,convertible,unknown,ia
29995,2018,ford,unknown,6,gas,139274,automatic,4wd,truck,blue,co
29995,2015,ram,unknown,6,diesel,97192,automatic,unknown,unknown,unknown,or
29995,2018,toyota,unknown,6,gas,34307,automatic,fwd,van,black,fl
29995,2016,bmw,unknown,6,gas,72678,automatic,unknown,sedan,black,tx
29995,2015,gmc,excellent,8,gas,85025,automatic,4wd,SUV,unknown,ia
29995,2016,chevrolet,unknown,6,gas,45238,automatic,rwd,pickup,custom,nv
29995,2003,toyota,like new,6,gas,73400,automatic,unknown,unknown,unknown,ca
29995,2016,gmc,unknown,8,gas,120860,automatic,rwd,SUV,black,wa
29995,2011,dodge,good,6,diesel,130039,automatic,4wd,truck,white,wi
29995,2018,ford,good,5,diesel,72951,automatic,rwd,van,white,tx
29995,2013,ford,excellent,10,gas,94687,automatic,rwd,unknown,white,tx
29995,2018,toyota,unknown,4,gas,23699,automatic,rwd,pickup,white,nv
29995,2015,gmc,excellent,8,gas,100901,automatic,4wd,truck,green,nh
29995,2014,chevrolet,good,6,other,18681,automatic,unknown,pickup,white,ar
29995,2014,nissan,excellent,8,gas,87841,automatic,4wd,pickup,white,ak
29995,2012,chevrolet,unknown,8,diesel,103901,automatic,4wd,pickup,blue,ak
29995,2017,toyota,good,6,gas,42049,automatic,4wd,SUV,grey,pa
29997,1998,chevrolet,good,8,diesel,104735,manual,rwd,other,black,mi
29997,2005,toyota,unknown,6,gas,96564,manual,4wd,pickup,silver,ca
29997,2015,chevrolet,excellent,8,gas,23904,automatic,4wd,pickup,white,az
29997,2010,chevrolet,unknown,8,gas,2877,automatic,rwd,coupe,black,ok
29998,2013,jeep,excellent,6,gas,77520,automatic,4wd,SUV,green,tx
29999,2011,ford,unknown,8,diesel,200785,automatic,unknown,unknown,unknown,md
29999,2011,ford,unknown,8,diesel,168872,automatic,unknown,unknown,unknown,md
29999,2015,ford,unknown,8,gas,77379,automatic,unknown,unknown,unknown,la
29999,2012,ford,unknown,8,diesel,59188,automatic,4wd,truck,white,wi
29999,2016,ram,unknown,8,gas,69618,automatic,4wd,pickup,black,co
29999,2011,ford,unknown,8,diesel,200785,automatic,unknown,unknown,unknown,pa
29999,2005,chevrolet,unknown,8,diesel,103916,automatic,unknown,unknown,unknown,md
29999,2019,hyundai,unknown,6,gas,15930,automatic,fwd,unknown,unknown,tx
29999,2018,ford,excellent,6,gas,49022,automatic,4wd,SUV,black,mn
30000,2014,gmc,excellent,8,gas,74270,automatic,4wd,pickup,grey,wa
30000,2011,ram,good,6,diesel,240000,automatic,4wd,unknown,black,or
30000,2006,chevrolet,excellent,8,diesel,155000,automatic,4wd,pickup,silver,co
30000,2011,chevrolet,like new,8,gas,30000,manual,rwd,unknown,unknown,wa
30000,2010,dodge,new,8,gas,17200,manual,rwd,unknown,purple,tx
30200,2017,ford,excellent,6,gas,20747,automatic,4wd,SUV,black,ct
30200,2016,toyota,unknown,6,gas,27370,automatic,unknown,unknown,unknown,hi
30235,2018,ford,unknown,8,gas,41055,automatic,unknown,unknown,unknown,fl
30398,2020,honda,unknown,4,gas,3700,automatic,fwd,SUV,silver,ca
30450,2018,alfa-romeo,like new,4,gas,32210,automatic,4wd,SUV,blue,id
30477,2017,ford,good,8,other,73778,automatic,4wd,other,unknown,ma
30498,2015,ford,unknown,6,gas,126012,automatic,4wd,pickup,black,mn
30499,2011,ford,unknown,8,diesel,163027,automatic,4wd,unknown,unknown,la
30500,2015,gmc,unknown,8,diesel,302622,automatic,unknown,unknown,unknown,ca
30590,2016,jeep,good,6,gas,59322,other,4wd,SUV,black,ct
30590,2017,acura,good,6,other,44651,other,unknown,other,black,ky
30590,2019,mini,good,4,gas,21246,automatic,unknown,hatchback,unknown,pa
30590,2017,lincoln,good,6,other,10537,other,unknown,sedan,unknown,mi
30590,2017,jaguar,good,6,other,17022,other,rwd,sedan,silver,nc
30590,2018,alfa-romeo,good,4,other,37349,other,unknown,hatchback,unknown,fl
30590,2015,mercedes-benz,good,6,gas,63957,other,rwd,coupe,unknown,az
30590,2018,subaru,good,4,gas,9489,other,rwd,coupe,blue,tx
30590,2020,ford,good,8,gas,10740,other,unknown,pickup,unknown,ut
30590,2020,ford,good,8,other,2559,other,unknown,pickup,white,sc
30590,2017,unknown,good,6,gas,22049,other,rwd,sedan,silver,nm
30590,2020,subaru,good,4,gas,2185,other,rwd,coupe,white,nc
30590,2017,audi,good,6,gas,24238,automatic,unknown,sedan,white,ky
30590,2019,mini,good,4,gas,21246,automatic,unknown,hatchback,unknown,nj
30590,2020,chevrolet,good,6,gas,15231,other,unknown,other,black,nv
30590,2015,bmw,good,4,gas,30160,other,unknown,other,black,pa
30590,2018,dodge,good,6,gas,34692,other,unknown,other,black,ny
30590,2019,mini,good,4,gas,21246,automatic,unknown,hatchback,unknown,wi
30590,2014,mercedes-benz,good,6,other,29845,automatic,unknown,coupe,unknown,mi
30590,2019,honda,good,6,other,23645,other,unknown,pickup,silver,mi
30590,2018,infiniti,good,6,gas,16778,other,unknown,sedan,unknown,ga
30590,2020,chevrolet,good,6,gas,9418,other,4wd,pickup,white,mo
30690,2019,infiniti,unknown,4,gas,16438,automatic,fwd,wagon,white,ca
30802,2017,hyundai,unknown,6,gas,2003,automatic,4wd,SUV,black,ny
30888,2017,ford,unknown,8,other,76462,automatic,fwd,SUV,black,fl
30888,2017,ford,unknown,8,gas,30888,automatic,unknown,unknown,unknown,ny
30888,2018,dodge,good,6,other,35282,automatic,unknown,SUV,unknown,ny
30895,2020,gmc,unknown,8,gas,13308,automatic,unknown,unknown,unknown,il
30900,2015,ram,good,8,gas,104000,automatic,4wd,truck,orange,pa
30900,2014,rover,unknown,4,gas,42436,automatic,unknown,SUV,black,hi
30900,2018,audi,like new,4,gas,15995,automatic,4wd,SUV,grey,mt
30900,2019,ford,good,6,gas,40450,automatic,rwd,truck,white,fl
30919,2018,chevrolet,unknown,8,hybrid,99338,automatic,rwd,truck,white,tx
30928,2014,chevrolet,unknown,8,gas,109480,automatic,4wd,truck,black,tn
30950,2016,volvo,good,4,diesel,234000,manual,rwd,unknown,white,ks
30952,2018,cadillac,unknown,6,gas,32043,automatic,fwd,SUV,grey,nv
30971,2017,gmc,unknown,6,gas,49323,automatic,4wd,truck,black,il
30972,2013,cadillac,good,8,other,88759,automatic,unknown,SUV,unknown,wa
30988,2017,toyota,unknown,6,gas,29226,automatic,fwd,unknown,unknown,fl
30988,2019,subaru,unknown,4,other,17243,other,unknown,unknown,unknown,co
30989,2018,chevrolet,unknown,8,gas,119984,automatic,4wd,pickup,white,md
30989,2019,audi,unknown,4,gas,37492,automatic,4wd,sedan,silver,tx
30990,2018,audi,good,6,gas,30390,other,unknown,SUV,black,ma
30990,2014,ford,good,10,gas,98123,automatic,rwd,unknown,white,nj
30990,2019,unknown,good,6,other,19775,other,rwd,sedan,unknown,fl
30990,2019,mazda,good,4,gas,4936,other,rwd,other,black,ar
30990,2017,toyota,good,8,gas,41124,other,unknown,pickup,red,wy
30990,2017,toyota,good,8,gas,41124,other,unknown,pickup,red,tx
30990,2019,ford,good,8,gas,5468,other,unknown,pickup,white,il
30990,2019,ford,good,8,other,1834,other,unknown,pickup,black,tx
30990,2018,unknown,good,6,other,27005,other,unknown,sedan,unknown,ny
30990,2016,chevrolet,good,6,other,34940,other,4wd,pickup,blue,dc
30990,2014,chevrolet,good,8,other,87922,other,4wd,other,white,sc
30990,2018,ford,excellent,6,gas,25811,automatic,rwd,unknown,white,ca
30990,2014,audi,good,6,gas,37573,automatic,unknown,convertible,unknown,nm
30990,2019,ford,good,8,other,1834,other,unknown,pickup,black,or
30990,2016,chevrolet,good,6,other,34940,other,4wd,pickup,blue,ks
30990,2018,mercedes-benz,good,4,gas,7896,other,rwd,van,black,va
30990,2017,chrysler,good,6,other,6412,other,fwd,van,silver,ga
30990,2018,infiniti,good,6,gas,22821,automatic,fwd,SUV,blue,nc
30990,2019,ford,good,8,other,1834,other,unknown,pickup,black,md
30990,2014,ford,good,8,other,67344,other,4wd,pickup,orange,ma
30990,2018,acura,good,6,other,29342,other,unknown,other,unknown,nv
30990,2016,lexus,good,6,gas,40999,other,unknown,sedan,red,ca
30990,2013,chevrolet,good,8,other,14112,other,unknown,coupe,orange,va
30990,2019,honda,good,6,gas,13652,other,unknown,pickup,black,ca
30990,2019,ford,good,8,gas,5468,other,unknown,pickup,white,ri
30990,2019,ford,good,8,other,1834,other,unknown,pickup,black,il
30990,2016,bmw,good,6,other,31437,other,unknown,convertible,unknown,sc
30990,2016,gmc,good,6,gas,51605,other,4wd,pickup,silver,il
30990,2018,ford,good,6,other,37724,other,unknown,sedan,black,nc
30995,2014,gmc,unknown,8,gas,116430,automatic,4wd,pickup,white,ca
30995,2016,ford,unknown,8,gas,94667,automatic,4wd,pickup,silver,mo
30995,2020,honda,unknown,4,other,3567,automatic,unknown,unknown,unknown,me
30995,2014,gmc,unknown,6,other,70298,automatic,4wd,pickup,white,ca
30995,2019,subaru,unknown,6,unknown,32296,automatic,unknown,SUV,white,nc
30995,2015,gmc,unknown,8,gas,102314,automatic,unknown,other,white,oh
30995,2012,ram,unknown,6,diesel,173431,automatic,unknown,unknown,unknown,il
30995,2017,toyota,unknown,6,gas,9774,automatic,rwd,pickup,red,tx
30998,2017,dodge,unknown,6,gas,42345,automatic,unknown,unknown,black,mn
30999,2021,chevrolet,unknown,3,gas,3481,automatic,4wd,SUV,grey,ak
30999,2015,subaru,unknown,4,gas,45358,manual,unknown,sedan,blue,ak
30999,2011,ford,unknown,8,diesel,133415,automatic,4wd,truck,white,co
31000,2016,mercedes-benz,excellent,6,gas,37000,automatic,4wd,SUV,white,ma
31000,2018,ram,like new,8,gas,48155,automatic,4wd,truck,unknown,ny
31000,2014,jeep,excellent,6,gas,53000,manual,4wd,SUV,white,or
31000,2015,chevrolet,good,8,gas,70000,automatic,4wd,truck,brown,mn
31000,2017,cadillac,unknown,6,gas,26939,automatic,4wd,SUV,blue,mn
31121,2019,gmc,excellent,8,gas,11616,automatic,unknown,van,unknown,ca
31402,2016,chevrolet,unknown,8,gas,81755,automatic,rwd,truck,white,ga
31412,2020,toyota,unknown,4,gas,23393,automatic,4wd,SUV,black,tx
31422,2019,ram,unknown,6,gas,31810,automatic,unknown,unknown,unknown,ga
31428,2019,chevrolet,unknown,6,gas,18536,automatic,fwd,unknown,black,mo
31495,2016,jeep,unknown,6,gas,53121,automatic,unknown,unknown,unknown,nj
31495,2021,mazda,unknown,4,gas,858,automatic,4wd,SUV,black,ny
31499,2015,gmc,unknown,8,gas,143933,automatic,4wd,SUV,black,co
31500,2014,rover,like new,8,gas,100370,automatic,4wd,SUV,white,ks
31500,2012,ford,unknown,8,diesel,159000,automatic,unknown,unknown,unknown,fl
31500,2017,jeep,like new,6,gas,50000,automatic,4wd,SUV,white,fl
31590,2018,bmw,good,4,gas,48667,other,rwd,convertible,silver,ca
31590,2019,gmc,good,6,gas,5128,other,unknown,pickup,white,mn
31590,2017,jeep,good,6,gas,35391,other,4wd,SUV,black,pa
31590,2014,ford,good,8,other,54152,other,4wd,pickup,blue,wi
31590,2016,mercedes-benz,good,4,gas,33695,other,unknown,other,black,tx
31590,2018,ram,good,6,other,56472,other,unknown,pickup,white,wv
31590,2018,audi,good,6,other,31807,other,unknown,coupe,unknown,dc
31590,2019,cadillac,good,6,other,12102,other,fwd,hatchback,black,ny
31590,2017,jeep,good,6,gas,30577,other,4wd,other,unknown,nc
31590,2018,mercedes-benz,good,4,gas,23321,other,rwd,other,black,tx
31590,2017,gmc,good,6,gas,41186,other,unknown,other,silver,tn
31590,2017,jeep,good,6,gas,30577,other,4wd,other,unknown,ky
31590,2019,gmc,good,6,gas,5128,other,unknown,pickup,white,il
31590,2017,acura,good,6,gas,32183,other,unknown,SUV,silver,ca
31590,2019,cadillac,good,6,other,12102,other,fwd,hatchback,black,ma
31590,2019,cadillac,good,6,other,12102,other,fwd,hatchback,black,la
31590,2018,chevrolet,good,6,gas,11586,other,fwd,SUV,red,az
31590,2019,cadillac,good,6,other,12102,other,fwd,hatchback,black,tx
31694,2018,toyota,like new,6,gas,55222,automatic,4wd,pickup,white,mn
31695,2019,ford,excellent,6,gas,30000,automatic,rwd,van,white,ia
31750,2018,ford,excellent,8,gas,153234,automatic,4wd,truck,black,ar
31800,2016,toyota,excellent,8,gas,51125,automatic,rwd,truck,grey,wa
31850,2016,ford,excellent,6,gas,36000,automatic,4wd,pickup,white,co
31850,2018,lexus,excellent,6,gas,22353,automatic,unknown,other,blue,nj
31900,2019,ford,like new,6,gas,29497,automatic,rwd,van,white,tn
31900,2011,chevrolet,excellent,8,gas,12209,automatic,rwd,convertible,white,ny
31900,2011,ford,unknown,8,diesel,114111,automatic,unknown,other,custom,nj
31900,2015,ford,unknown,8,gas,86089,automatic,unknown,other,white,tn
31927,2018,lincoln,excellent,6,gas,36705,automatic,unknown,SUV,unknown,ca
31947,2018,mercedes-benz,unknown,4,gas,35111,automatic,4wd,SUV,white,or
31950,2012,unknown,excellent,8,diesel,213144,automatic,rwd,truck,white,nd
31950,2016,mercedes-benz,unknown,4,gas,63000,automatic,unknown,unknown,unknown,mn
31975,2017,mazda,unknown,4,gas,34647,automatic,unknown,SUV,grey,fl
31980,2015,chevrolet,unknown,8,electric,23640,automatic,rwd,coupe,silver,ar
31980,2019,chevrolet,unknown,8,gas,16886,automatic,unknown,van,white,or
31985,2020,hyundai,unknown,4,gas,5849,automatic,4wd,SUV,silver,or
31988,2019,ram,like new,8,gas,58808,automatic,unknown,unknown,unknown,ks
31988,2018,chevrolet,unknown,4,diesel,82187,automatic,unknown,unknown,unknown,ia
31989,2017,toyota,like new,6,gas,52251,automatic,4wd,truck,white,wi
31990,2016,toyota,good,6,other,41887,other,unknown,SUV,silver,ms
31990,2018,ram,good,6,gas,27426,other,4wd,pickup,white,mn
31990,2016,ford,good,6,gas,34729,other,unknown,pickup,white,nj
31990,2018,ram,good,6,gas,27426,other,4wd,pickup,white,wi
31990,2020,chevrolet,good,6,gas,19414,other,fwd,other,unknown,ma
31990,2017,bmw,good,4,gas,20241,other,unknown,sedan,black,pa
31990,2017,infiniti,good,6,other,26646,other,unknown,coupe,black,mo
31990,2020,mitsubishi,good,4,hybrid,3101,other,4wd,other,black,dc
31990,2017,ford,good,8,gas,19043,automatic,rwd,coupe,silver,wi
31990,2018,bmw,good,4,gas,32944,other,unknown,coupe,white,ca
31990,2017,gmc,good,6,gas,31496,automatic,4wd,pickup,black,tx
31990,2020,ram,good,8,gas,20042,other,unknown,pickup,white,ga
31990,2018,audi,good,6,gas,30390,other,unknown,other,black,ga
31990,2017,ram,good,8,gas,35921,other,unknown,pickup,white,ca
31990,2019,subaru,good,4,other,13235,other,unknown,hatchback,green,az
31990,2020,infiniti,good,6,gas,27628,other,fwd,other,unknown,la
31990,2020,volvo,good,4,gas,16594,other,fwd,sedan,unknown,nc
31990,2018,subaru,good,4,gas,46183,other,unknown,sedan,blue,mn
31990,2017,audi,good,6,other,22297,other,unknown,wagon,black,ri
31990,2017,bmw,good,4,gas,19366,automatic,rwd,sedan,red,al
31990,2020,toyota,good,4,gas,9261,other,4wd,pickup,silver,ny
31990,2017,acura,good,6,other,32071,other,unknown,SUV,white,nj
31990,2020,dodge,good,6,other,10410,other,rwd,sedan,white,tx
31990,2019,ram,good,6,other,27479,other,4wd,pickup,unknown,dc
31990,2020,dodge,good,6,other,10410,other,rwd,sedan,white,mn
31990,2016,bmw,good,6,other,17546,other,unknown,coupe,unknown,il
31991,2018,mercedes-benz,unknown,4,other,17362,automatic,rwd,sedan,grey,nv
31995,2012,ford,unknown,8,diesel,132263,automatic,rwd,pickup,white,ga
31995,2018,ram,excellent,8,gas,30500,automatic,4wd,truck,unknown,oh
31995,2016,ram,like new,8,gas,107821,automatic,4wd,unknown,unknown,tx
31995,2014,jeep,unknown,6,gas,100169,automatic,4wd,SUV,black,co
31995,2017,ford,excellent,8,gas,12635,manual,rwd,coupe,grey,hi
31995,2016,chevrolet,excellent,8,gas,137937,automatic,4wd,unknown,red,ne
31995,2018,mercedes-benz,excellent,4,gas,39556,automatic,rwd,sedan,grey,ca
31998,2012,chevrolet,unknown,8,gas,26845,automatic,4wd,SUV,white,oh
31999,2016,chevrolet,excellent,8,gas,101000,automatic,unknown,SUV,unknown,mn
31999,2015,gmc,unknown,8,gas,113207,automatic,4wd,truck,red,wa
31999,2015,chevrolet,excellent,8,gas,109500,automatic,4wd,truck,white,ma
31999,2015,chevrolet,like new,8,gas,164635,automatic,4wd,truck,white,ok
31999,2016,nissan,unknown,8,diesel,120335,automatic,4wd,pickup,black,co
32000,2013,ford,unknown,6,gas,60130,automatic,4wd,truck,unknown,wa
32000,2012,mercedes-benz,unknown,6,gas,102471,automatic,unknown,sedan,silver,dc
32000,2014,ram,unknown,8,gas,48701,automatic,4wd,pickup,white,dc
32000,2019,toyota,like new,6,gas,24000,automatic,rwd,truck,silver,fl
32000,2017,gmc,excellent,8,gas,75311,automatic,4wd,truck,unknown,wa
32000,2018,chevrolet,like new,8,gas,59000,automatic,4wd,truck,silver,mt
32000,2019,toyota,good,4,gas,55000,automatic,unknown,sedan,black,tx
32200,2000,lexus,unknown,8,gas,138000,automatic,4wd,SUV,black,nv
32407,2016,ram,unknown,8,gas,83534,automatic,4wd,pickup,red,az
32495,2015,ford,excellent,8,gas,83564,automatic,4wd,pickup,black,wi
32497,2017,chevrolet,unknown,8,gas,60825,automatic,4wd,truck,white,mt
32498,2016,gmc,good,8,gas,68442,automatic,4wd,truck,white,vt
32499,2019,jeep,unknown,6,gas,20218,automatic,4wd,SUV,white,co
32500,2019,fiat,like new,4,gas,6400,automatic,rwd,convertible,white,nv
32500,2011,chevrolet,like new,8,gas,14322,manual,rwd,convertible,white,pa
32500,2000,ford,unknown,8,gas,69485,automatic,unknown,unknown,unknown,or
32500,2014,jeep,like new,6,gas,36000,manual,4wd,unknown,white,co
32500,2014,gmc,unknown,8,other,82830,automatic,4wd,pickup,unknown,tn
32560,2018,ford,unknown,8,gas,44849,automatic,unknown,unknown,unknown,fl
32590,2018,jaguar,good,6,other,39505,other,unknown,SUV,blue,az
32590,2015,mercedes-benz,good,6,gas,34811,other,unknown,other,black,co
32590,2020,toyota,good,6,hybrid,4100,other,unknown,other,unknown,tx
32590,2019,infiniti,good,6,other,24663,other,unknown,sedan,black,ga
32590,2019,chevrolet,good,6,other,6770,other,unknown,other,black,ny
32590,2013,lexus,good,8,gas,60271,automatic,unknown,sedan,unknown,fl
32590,2013,chevrolet,good,8,gas,7400,other,rwd,coupe,red,il
32590,2016,toyota,good,6,other,49940,other,4wd,SUV,silver,ar
32590,2020,unknown,good,6,other,4171,other,unknown,sedan,white,pa
32590,2018,jaguar,good,6,other,39505,other,unknown,SUV,blue,nc
32590,2015,mercedes-benz,good,6,gas,34811,other,unknown,other,black,tx
32590,2015,ram,good,8,gas,15111,other,unknown,pickup,white,ks
32590,2018,cadillac,good,6,gas,21335,other,rwd,sedan,black,oh
32590,2011,bmw,good,8,gas,44429,other,rwd,other,white,mn
32590,2016,subaru,good,4,other,21195,other,unknown,sedan,white,ny
32590,2015,ram,good,8,gas,15111,other,unknown,pickup,white,oh
32600,2019,ford,like new,6,gas,36400,automatic,unknown,unknown,white,in
32600,2018,jeep,excellent,6,gas,53249,automatic,4wd,SUV,grey,mt
32649,2011,chevrolet,excellent,6,diesel,127450,automatic,4wd,truck,black,mo
32750,2021,lincoln,unknown,4,gas,8817,automatic,fwd,SUV,grey,in
32838,2013,porsche,unknown,6,gas,81794,automatic,rwd,sedan,black,tn
32845,2019,ford,like new,4,gas,21176,automatic,4wd,SUV,brown,mt
32900,2016,chevrolet,excellent,8,gas,32900,automatic,4wd,SUV,black,ok
32900,2012,ram,good,6,diesel,77861,automatic,4wd,pickup,white,tx
32900,2011,toyota,unknown,6,gas,60045,manual,rwd,unknown,unknown,nm
32900,2010,lexus,unknown,6,gas,90000,automatic,unknown,unknown,unknown,fl
32900,2017,chevrolet,unknown,8,gas,77000,automatic,4wd,truck,white,az
32900,2004,ram,unknown,6,diesel,133000,automatic,4wd,pickup,white,ca
32900,2019,ford,like new,6,gas,16524,automatic,rwd,van,white,tn
32944,2015,gmc,unknown,8,gas,106824,automatic,4wd,pickup,unknown,me
32950,2015,gmc,unknown,8,diesel,166535,automatic,4wd,pickup,white,nv
32980,2017,chevrolet,unknown,8,electric,73895,automatic,4wd,unknown,white,ia
32980,2016,ford,excellent,8,gas,34125,automatic,rwd,convertible,black,oh
32980,2015,ford,unknown,8,other,88619,automatic,4wd,unknown,silver,il
32987,2019,jeep,unknown,4,gas,6156,automatic,4wd,SUV,silver,id
32990,2015,ram,good,8,other,70600,other,4wd,pickup,black,ny
32990,2015,chevrolet,good,8,gas,11531,other,rwd,coupe,blue,tn
32990,2019,nissan,unknown,6,gas,32260,automatic,4wd,wagon,white,nh
32990,2020,lexus,good,6,gas,5424,other,unknown,hatchback,silver,or
32990,2018,ram,good,6,gas,29979,other,4wd,pickup,black,md
32990,2018,acura,good,6,gas,31967,other,unknown,other,brown,il
32990,2011,chevrolet,good,8,gas,22076,automatic,rwd,unknown,black,in
32990,2011,bmw,good,6,other,45858,other,rwd,other,red,pa
32990,2013,tesla,good,8,electric,62588,other,rwd,sedan,white,ky
32990,2013,tesla,good,8,electric,62588,other,rwd,sedan,white,ca
32990,2020,jeep,good,6,gas,20581,other,4wd,SUV,silver,md
32990,2011,chevrolet,good,8,gas,22076,automatic,rwd,unknown,black,ct
32990,2018,jeep,unknown,6,gas,19763,automatic,4wd,SUV,black,tn
32990,2018,ford,good,6,other,11360,other,unknown,pickup,white,oh
32990,2018,ram,good,6,gas,29979,other,4wd,pickup,black,tn
32990,2019,ford,good,6,gas,22769,other,unknown,pickup,black,mi
32990,2017,jeep,good,6,gas,30041,other,4wd,other,silver,ca
32990,2018,ram,good,6,gas,29979,other,4wd,pickup,black,oh
32990,2018,toyota,good,6,gas,33557,other,fwd,van,blue,az
32990,2020,dodge,good,6,gas,26829,other,unknown,SUV,black,wi
32990,2018,jeep,good,6,gas,30533,other,4wd,SUV,black,fl
32990,2019,audi,good,6,other,31638,other,unknown,SUV,white,oh
32990,2019,mazda,unknown,4,gas,12573,automatic,4wd,wagon,blue,or
32990,2017,acura,good,6,gas,29322,other,unknown,SUV,white,ms
32995,2012,gmc,excellent,8,gas,88485,automatic,4wd,truck,black,me
32995,2015,ram,like new,6,diesel,157967,automatic,4wd,truck,white,wy
32995,2014,ford,excellent,8,gas,106000,automatic,4wd,truck,white,mt
32995,2016,ford,excellent,8,gas,102000,automatic,4wd,truck,white,ny
32995,2012,chevrolet,good,8,gas,39228,automatic,rwd,convertible,white,il
32995,2013,ford,unknown,8,gas,111544,automatic,unknown,unknown,unknown,il
32995,2019,volkswagen,unknown,4,gas,19138,automatic,unknown,convertible,unknown,nc
32995,2016,jeep,unknown,6,gas,62012,automatic,4wd,SUV,black,fl
32995,2016,ram,unknown,6,diesel,83116,automatic,unknown,unknown,unknown,ar
32995,2017,subaru,like new,4,gas,89011,manual,4wd,sedan,black,id
32995,2018,bmw,unknown,6,electric,29215,automatic,4wd,SUV,blue,ny
32995,2017,ram,excellent,8,gas,63888,automatic,4wd,truck,unknown,or
32995,2015,lexus,excellent,8,gas,92477,automatic,unknown,unknown,white,md
32995,2015,chevrolet,unknown,8,gas,89265,automatic,unknown,SUV,silver,ca
32995,2015,chrysler,unknown,6,other,29496,automatic,fwd,van,silver,ut
32995,2017,rover,unknown,4,gas,34000,automatic,unknown,SUV,green,ca
32998,2012,ram,unknown,6,diesel,127000,automatic,unknown,unknown,unknown,la
32999,2015,chevrolet,excellent,8,gas,131992,automatic,4wd,SUV,unknown,wv
32999,2019,ford,unknown,8,gas,38584,manual,rwd,unknown,black,mn
32999,2011,toyota,unknown,8,gas,44990,automatic,4wd,truck,red,wa
32999,2018,audi,unknown,6,gas,19833,automatic,4wd,SUV,silver,wa
32999,2017,chevrolet,unknown,8,gas,63648,automatic,4wd,truck,red,ak
32999,2017,gmc,like new,8,gas,160766,automatic,4wd,truck,black,mi
33000,2019,mercedes-benz,excellent,4,gas,28675,automatic,4wd,SUV,black,ca
33000,2006,unknown,excellent,8,gas,120000,automatic,4wd,SUV,black,mi
33000,2016,nissan,excellent,4,gas,41000,automatic,unknown,van,blue,co
33151,2018,honda,unknown,6,gas,26659,automatic,4wd,SUV,blue,ca
33250,2020,ford,unknown,6,gas,31432,automatic,rwd,unknown,white,va
33261,2014,tesla,excellent,6,electric,92050,other,rwd,sedan,blue,va
33350,2016,jeep,excellent,6,gas,51938,manual,4wd,other,brown,mo
33498,2017,toyota,unknown,6,gas,48669,automatic,4wd,pickup,grey,co
33500,2000,ford,unknown,8,gas,28000,automatic,unknown,unknown,unknown,fl
33500,2019,dodge,unknown,6,gas,32307,automatic,unknown,SUV,black,ca
33500,2016,ford,unknown,8,other,66088,automatic,4wd,pickup,silver,ia
33541,2018,buick,unknown,6,other,39921,automatic,4wd,SUV,silver,az
33590,2017,lexus,good,6,gas,14556,other,fwd,other,unknown,md
33590,2019,bmw,good,4,other,28779,other,rwd,other,white,nm
33590,2019,mini,good,4,gas,17037,other,fwd,other,silver,ny
33590,2017,cadillac,good,6,gas,28891,other,unknown,other,black,nc
33590,2019,toyota,good,6,gas,26933,other,unknown,pickup,silver,tx
33590,2019,alfa-romeo,good,4,other,11658,other,rwd,sedan,red,ny
33590,2017,jeep,good,6,gas,26972,other,4wd,other,black,tn
33590,2019,ford,good,8,gas,33424,other,4wd,pickup,white,fl
33590,2014,jeep,good,6,gas,33412,other,4wd,SUV,red,ga
33590,2017,ram,good,8,other,45464,other,unknown,pickup,red,md
33590,2014,chevrolet,unknown,8,gas,89644,automatic,4wd,pickup,custom,co
33590,2019,lincoln,good,6,gas,7670,other,unknown,sedan,blue,mi
33590,2018,audi,good,6,other,19704,other,unknown,coupe,green,nc
33590,2020,mercedes-benz,good,4,other,14554,other,unknown,sedan,black,pa
33590,2018,lexus,good,6,gas,30814,automatic,rwd,sedan,white,wy
33590,2020,lexus,good,6,other,13298,other,unknown,hatchback,silver,il
33590,2020,unknown,good,6,other,786,other,unknown,sedan,white,va
33590,2020,cadillac,good,4,other,15050,other,unknown,sedan,white,tx
33590,2017,audi,good,6,gas,14318,automatic,unknown,SUV,black,mn
33590,2018,lexus,good,6,gas,30814,automatic,rwd,sedan,white,in
33800,2006,chevrolet,excellent,8,diesel,32167,automatic,4wd,unknown,unknown,mo
33855,2018,jeep,unknown,6,gas,67869,automatic,4wd,SUV,blue,id
33880,2013,jeep,unknown,6,gas,54467,manual,4wd,SUV,green,wa
33900,2016,ford,like new,8,diesel,257000,automatic,4wd,truck,white,ga
33900,2019,ford,excellent,6,gas,18635,automatic,4wd,truck,silver,ny
33900,2019,ford,excellent,6,gas,18635,automatic,4wd,truck,silver,ma
33950,2018,gmc,good,8,gas,30776,automatic,4wd,pickup,black,ia
33952,2016,chevrolet,unknown,8,gas,54898,automatic,rwd,SUV,silver,fl
33988,2020,subaru,excellent,4,gas,15051,automatic,unknown,SUV,white,id
33988,2019,nissan,unknown,6,gas,11939,automatic,4wd,unknown,red,al
33990,2007,chevrolet,good,8,gas,77581,automatic,rwd,truck,white,ut
33990,2007,unknown,good,6,diesel,161693,automatic,rwd,truck,red,ky
33990,2015,chevrolet,unknown,8,gas,129896,automatic,unknown,unknown,unknown,ia
33990,2015,jaguar,good,6,other,28153,other,rwd,sedan,green,md
33990,2016,chevrolet,good,8,gas,46649,other,4wd,pickup,black,pa
33990,2019,lexus,good,6,gas,24593,other,unknown,hatchback,red,ma
33990,2020,alfa-romeo,good,4,gas,9711,other,rwd,sedan,white,sc
33990,2015,lexus,good,6,other,55466,other,rwd,sedan,white,va
33990,2007,unknown,good,6,diesel,161693,automatic,rwd,truck,red,in
33990,2019,lincoln,good,6,gas,16561,other,unknown,other,unknown,fl
33990,2016,gmc,good,8,gas,33408,other,4wd,pickup,silver,ca
33990,2012,mercedes-benz,good,8,gas,88107,automatic,rwd,sedan,white,la
33990,2015,jeep,good,6,gas,45217,other,4wd,other,black,dc
33990,2020,infiniti,good,6,other,19042,other,unknown,hatchback,brown,ct
33990,2020,lexus,good,6,gas,2403,other,fwd,hatchback,silver,sc
33990,2018,infiniti,good,6,gas,20315,other,rwd,coupe,yellow,nv
33990,2018,jaguar,good,6,other,37647,automatic,unknown,other,black,mi
33990,2005,ram,unknown,6,diesel,154579,manual,4wd,pickup,custom,ca
33990,2019,acura,good,6,gas,11902,other,unknown,SUV,red,mn
33990,2012,ford,good,8,diesel,49678,automatic,4wd,truck,white,wi
33990,2020,cadillac,good,4,gas,10402,other,rwd,sedan,white,tn
33990,2020,cadillac,good,4,gas,10402,other,rwd,sedan,white,ga
33990,2016,ford,good,8,gas,18380,other,unknown,pickup,white,in
33990,2014,ford,good,8,diesel,136250,automatic,4wd,truck,white,tn
33990,2018,ford,good,6,other,26732,other,4wd,pickup,unknown,al
33990,2019,mercedes-benz,good,4,gas,8554,other,rwd,van,black,tn
33990,2016,gmc,good,8,gas,33408,other,4wd,pickup,silver,nj
33990,2007,chevrolet,good,8,gas,77581,automatic,rwd,truck,white,pa
33990,2007,chevrolet,good,8,gas,77581,automatic,rwd,truck,white,ny
33990,2011,chevrolet,good,8,gas,70976,other,rwd,other,yellow,pa
33990,2007,unknown,good,6,diesel,161693,automatic,rwd,truck,red,la
33990,2019,toyota,good,6,hybrid,23963,other,unknown,SUV,unknown,va
33995,2017,bmw,unknown,6,gas,51654,automatic,4wd,SUV,white,ny
33995,2015,chevrolet,unknown,8,gas,127037,automatic,4wd,SUV,white,mn
33995,2019,toyota,unknown,4,gas,13616,automatic,4wd,pickup,white,id
33995,2019,volvo,unknown,4,gas,10073,automatic,unknown,unknown,unknown,nj
33998,2020,ram,unknown,8,gas,8136,automatic,4wd,unknown,white,fl
33999,2017,cadillac,unknown,6,gas,28470,automatic,4wd,SUV,blue,or
33999,2011,chevrolet,unknown,8,gas,95858,automatic,4wd,truck,unknown,wa
34000,2018,infiniti,unknown,6,gas,79000,automatic,unknown,unknown,unknown,ca
34000,2020,kia,new,6,gas,9000,automatic,4wd,SUV,black,wi
34000,2018,bmw,unknown,6,gas,44327,automatic,4wd,SUV,black,ca
34000,2005,unknown,good,6,diesel,410,manual,unknown,unknown,unknown,ma
34069,2017,ford,unknown,8,gas,37323,automatic,unknown,unknown,unknown,al
34100,2017,lexus,unknown,6,gas,34777,automatic,fwd,coupe,unknown,tx
34220,2014,ford,unknown,8,gas,138915,automatic,4wd,unknown,unknown,wa
34326,2014,gmc,unknown,8,gas,84272,automatic,4wd,pickup,black,tx
34417,2018,chevrolet,unknown,6,gas,17960,automatic,fwd,SUV,black,fl
34441,2017,jaguar,unknown,6,gas,5307,automatic,rwd,sedan,blue,hi
34490,2015,chevrolet,unknown,8,gas,24948,automatic,unknown,unknown,unknown,ia
34500,2017,bmw,excellent,6,gas,19528,manual,rwd,coupe,blue,il
34500,2019,ram,excellent,6,gas,81654,automatic,unknown,van,white,ca
34590,2019,mini,good,4,other,2527,other,fwd,other,blue,pa
34590,2018,audi,good,6,gas,35087,other,unknown,coupe,blue,tn
34590,2018,lexus,good,6,gas,36970,other,unknown,sedan,white,ny
34590,2017,cadillac,good,6,gas,33710,other,unknown,sedan,white,nm
34590,2017,ford,good,8,gas,9982,other,rwd,coupe,black,wy
34590,2020,lexus,good,6,gas,2709,other,rwd,sedan,silver,wy
34590,2019,bmw,good,4,other,7460,other,unknown,sedan,black,tn
34590,2016,chevrolet,good,6,gas,29499,other,4wd,pickup,silver,al
34590,2019,chevrolet,good,8,gas,22722,other,4wd,pickup,brown,fl
34590,2020,cadillac,good,4,gas,9624,other,unknown,hatchback,white,mi
34590,2017,toyota,good,6,gas,20097,other,4wd,pickup,unknown,az
34590,2019,cadillac,good,6,other,5400,other,fwd,other,silver,tn
34590,2020,infiniti,good,6,other,3542,other,fwd,hatchback,brown,oh
34590,2016,toyota,good,6,other,64057,other,unknown,other,black,ga
34590,2018,mercedes-benz,good,4,gas,24117,automatic,rwd,sedan,black,nm
34590,2020,unknown,good,6,other,1029,other,unknown,sedan,red,ca
34590,2015,ford,good,8,gas,30970,other,rwd,other,white,il
34590,2016,mercedes-benz,good,6,gas,42973,automatic,unknown,coupe,black,ca
34590,2016,toyota,good,8,gas,49798,other,unknown,pickup,unknown,fl
34590,2015,gmc,good,8,gas,35423,automatic,4wd,pickup,unknown,nc
34590,2017,cadillac,good,6,gas,33710,other,unknown,sedan,white,ma
34590,2016,toyota,good,6,other,64057,other,unknown,other,black,ny
34590,2016,audi,good,6,other,33879,other,unknown,sedan,silver,oh
34590,2018,volvo,good,4,other,36004,other,unknown,SUV,black,pa
34685,2021,gmc,unknown,4,gas,3451,automatic,fwd,unknown,unknown,ar
34695,2018,ford,unknown,8,gas,87928,automatic,4wd,unknown,unknown,il
34777,2017,bmw,like new,6,gas,43552,automatic,4wd,sedan,blue,ri
34800,2019,ford,excellent,6,gas,31020,automatic,rwd,van,white,al
34800,2019,ford,excellent,6,gas,31800,automatic,unknown,unknown,white,in
34800,2016,chevrolet,good,8,diesel,205135,automatic,4wd,truck,black,ny
34862,2019,acura,unknown,6,gas,26289,automatic,fwd,SUV,unknown,ca
34872,2017,ford,unknown,8,gas,10868,automatic,unknown,unknown,unknown,ny
34888,2017,ram,unknown,6,diesel,95105,automatic,4wd,pickup,white,ca
34899,2015,chevrolet,unknown,8,diesel,173934,automatic,unknown,unknown,unknown,in
34900,2016,ford,unknown,8,gas,49000,automatic,unknown,unknown,unknown,mt
34900,2019,dodge,unknown,6,unknown,22194,automatic,fwd,other,blue,ga
34900,2019,ford,like new,4,gas,11000,automatic,4wd,SUV,red,ia
34900,2016,acura,like new,6,gas,20720,automatic,4wd,SUV,grey,or
34901,2018,gmc,good,6,gas,46073,automatic,unknown,pickup,black,nc
34950,2013,chevrolet,like new,8,gas,44000,automatic,4wd,SUV,white,az
34960,2020,unknown,good,6,gas,20737,automatic,unknown,unknown,unknown,il
34980,2019,ford,unknown,6,gas,3002,automatic,fwd,pickup,white,ca
34981,2018,ford,unknown,6,gas,62065,automatic,4wd,pickup,white,or
34988,2016,ford,unknown,8,other,72092,automatic,unknown,unknown,unknown,co
34988,2015,chevrolet,like new,8,gas,90919,automatic,4wd,SUV,black,ks
34990,2017,ram,good,8,gas,135740,automatic,4wd,truck,white,ia
34990,2019,acura,good,6,other,32605,other,unknown,SUV,black,oh
34990,2013,ford,excellent,8,gas,5220,automatic,unknown,pickup,white,ca
34990,2014,toyota,good,6,gas,1112,other,4wd,pickup,white,mo
34990,2018,mercedes-benz,good,6,gas,30120,automatic,rwd,other,white,tx
34990,2016,porsche,good,6,other,63581,other,unknown,other,unknown,nm
34990,2018,bmw,good,4,gas,39650,other,rwd,other,black,oh
34990,2019,acura,good,6,other,18213,other,unknown,SUV,black,ny
34990,2020,jeep,good,6,gas,3181,other,4wd,other,unknown,az
34990,2019,unknown,good,6,gas,13605,other,unknown,sedan,unknown,mn
34990,2020,lexus,good,6,other,13111,other,fwd,hatchback,silver,tx
34990,2017,lexus,good,8,gas,51961,automatic,4wd,SUV,white,ri
34990,2019,honda,good,6,gas,13500,other,fwd,van,silver,wi
34990,2019,ford,good,8,gas,9747,other,unknown,pickup,blue,ny
34990,2018,ford,good,6,gas,35965,automatic,4wd,pickup,red,sc
34990,2018,ford,good,8,gas,18650,other,rwd,convertible,black,ct
34990,2020,honda,good,6,gas,5051,other,unknown,pickup,black,tn
34990,2015,ford,good,6,gas,100058,automatic,rwd,unknown,white,va
34990,2016,gmc,good,6,gas,34425,other,4wd,pickup,red,ga
34990,2018,bmw,good,4,gas,39650,other,rwd,other,black,il
34990,2014,toyota,good,6,gas,1112,other,4wd,pickup,white,la
34990,2018,lexus,good,4,other,5479,other,fwd,sedan,white,tx
34991,2016,ford,unknown,4,gas,36789,manual,4wd,sedan,blue,ok
34995,2013,ford,unknown,8,diesel,165215,automatic,unknown,unknown,unknown,tx
34995,2017,ford,unknown,8,gas,76553,automatic,4wd,truck,white,sc
34995,2007,chevrolet,unknown,8,other,11742,automatic,unknown,convertible,unknown,mt
34995,2012,ford,excellent,6,gas,78937,automatic,4wd,pickup,black,wa
34995,2015,chevrolet,unknown,8,gas,91000,automatic,unknown,unknown,unknown,ia
34995,2019,toyota,unknown,6,gas,14832,automatic,rwd,pickup,grey,fl
34995,2015,ford,unknown,8,gas,83083,automatic,unknown,unknown,unknown,ca
34995,2018,jaguar,unknown,6,gas,22522,automatic,unknown,unknown,unknown,tx
34998,2012,ram,excellent,8,gas,44430,automatic,4wd,truck,white,ca
34998,2017,jeep,good,6,gas,53464,automatic,4wd,SUV,black,id
34998,2017,ram,unknown,6,diesel,204358,automatic,4wd,other,white,fl
34999,2012,chevrolet,excellent,8,diesel,59974,automatic,4wd,pickup,white,wa
34999,2016,ram,unknown,6,gas,20652,automatic,4wd,truck,grey,mt
34999,2017,toyota,unknown,6,gas,123235,manual,4wd,truck,unknown,wa
34999,2016,ram,unknown,6,gas,20652,automatic,4wd,truck,grey,id
34999,2008,lexus,excellent,8,gas,53000,automatic,rwd,sedan,white,or
34999,2016,ford,unknown,8,gas,79074,automatic,4wd,pickup,blue,pa
34999,2018,ford,excellent,6,gas,36000,automatic,4wd,truck,black,fl
34999,2018,jeep,unknown,6,gas,45807,automatic,4wd,SUV,silver,wa
34999,2019,bmw,unknown,4,gas,21675,automatic,rwd,unknown,unknown,nm
35000,2008,chevrolet,like new,8,gas,28000,manual,rwd,convertible,red,ms
35000,2014,unknown,unknown,4,diesel,35542,automatic,unknown,unknown,unknown,ma
35000,2016,cadillac,excellent,6,gas,29000,automatic,unknown,unknown,unknown,ny
35000,2016,ram,good,8,gas,81800,automatic,4wd,truck,unknown,id
35000,2016,bmw,excellent,8,gas,30981,automatic,rwd,sedan,black,ca
35000,2018,toyota,unknown,6,gas,50822,automatic,4wd,SUV,black,oh
35000,2012,mercedes-benz,like new,8,gas,50000,automatic,rwd,unknown,unknown,co
35000,2013,lexus,excellent,6,gas,106010,automatic,unknown,SUV,black,co
35000,2014,toyota,excellent,6,gas,185134,automatic,4wd,SUV,white,dc
35000,2011,chevrolet,excellent,8,diesel,233200,automatic,4wd,pickup,white,tx
35000,2005,chevrolet,like new,8,gas,18500,automatic,rwd,truck,red,mo
35000,2017,mercedes-benz,like new,6,gas,52053,automatic,4wd,sedan,silver,mi
35200,2019,ford,good,8,gas,5500,automatic,4wd,truck,white,fl
35288,2017,jeep,good,6,gas,46138,manual,4wd,other,black,ca
35499,2019,audi,unknown,4,gas,14822,automatic,4wd,SUV,white,id
35500,2019,chevrolet,like new,8,gas,7189,automatic,4wd,truck,black,sc
35579,2017,dodge,unknown,8,gas,45510,automatic,4wd,SUV,white,co
35590,2016,lexus,good,8,gas,56295,other,unknown,sedan,unknown,ny
35590,2020,lincoln,good,6,gas,1454,other,fwd,other,unknown,al
35590,2018,jaguar,good,6,other,35560,other,unknown,SUV,blue,pa
35590,2018,audi,good,6,other,56837,other,unknown,sedan,black,ri
35590,2020,cadillac,good,4,other,5261,other,unknown,hatchback,white,ny
35590,2019,ford,good,8,other,5506,other,4wd,pickup,silver,ma
35590,2018,ram,good,6,other,22805,other,4wd,pickup,black,pa
35590,2013,ford,good,8,gas,33692,other,rwd,coupe,white,ks
35590,2010,chevrolet,good,8,gas,31879,other,rwd,other,red,nc
35590,2020,ram,good,8,gas,23074,other,4wd,pickup,unknown,ma
35590,2019,ram,good,6,gas,68032,other,4wd,pickup,unknown,mo
35590,2017,ram,good,8,gas,22401,other,4wd,pickup,blue,mi
35590,2017,ram,good,8,gas,22401,other,4wd,pickup,blue,nc
35590,2018,jaguar,good,6,other,14991,other,unknown,other,black,il
35590,2018,jaguar,good,6,other,14991,other,unknown,other,black,ma
35590,2013,ford,good,8,gas,33692,other,rwd,coupe,white,nm
35590,2017,lincoln,good,6,gas,76216,automatic,4wd,SUV,white,ca
35590,2020,lincoln,good,6,gas,1454,other,fwd,other,unknown,sc
35590,2018,mercedes-benz,good,4,gas,17327,automatic,rwd,sedan,unknown,ma
35590,2019,honda,good,6,other,13911,other,unknown,pickup,black,tx
35590,2018,jaguar,good,6,other,35560,other,unknown,other,blue,tx
35590,2014,lexus,good,8,other,23238,other,unknown,sedan,silver,ny
35595,2020,ford,excellent,4,gas,21504,automatic,rwd,SUV,red,tx
35653,2015,chevrolet,unknown,8,gas,72185,automatic,4wd,pickup,unknown,ks
35758,2018,ford,unknown,8,gas,51758,automatic,unknown,unknown,unknown,al
35782,2020,chevrolet,good,6,gas,11960,automatic,unknown,other,blue,az
35785,2021,dodge,excellent,6,gas,36867,automatic,fwd,mini-van,grey,mi
35800,2015,jeep,like new,6,gas,34000,automatic,4wd,SUV,green,id
35800,2016,jeep,like new,6,gas,36615,automatic,unknown,unknown,unknown,fl
35850,2017,mercedes-benz,excellent,6,gas,56950,automatic,4wd,sedan,black,mi
35860,2016,chevrolet,good,8,gas,34838,automatic,unknown,unknown,unknown,il
35895,2013,porsche,excellent,6,gas,42272,automatic,rwd,other,black,nj
35900,2019,ford,like new,8,gas,5757,manual,rwd,coupe,white,nc
35900,2013,ford,excellent,8,diesel,115000,automatic,4wd,pickup,white,pa
35900,2016,mercedes-benz,unknown,4,other,27895,automatic,unknown,other,unknown,or
35900,2015,unknown,unknown,6,diesel,219002,automatic,rwd,unknown,blue,tx
35900,2015,ford,unknown,6,unknown,18748,other,rwd,unknown,white,mt
35947,2017,chevrolet,unknown,8,gas,118653,automatic,4wd,unknown,silver,il
35950,2017,gmc,excellent,8,diesel,102726,automatic,4wd,pickup,white,tx
35950,2015,volvo,good,6,diesel,363000,automatic,rwd,unknown,white,ks
35981,2018,lincoln,unknown,6,gas,23177,automatic,4wd,unknown,unknown,ca
35988,2016,jeep,unknown,6,gas,31179,automatic,unknown,unknown,unknown,ia
35989,2019,ram,unknown,8,gas,41963,automatic,4wd,pickup,white,oh
35990,2014,ford,good,10,gas,42213,automatic,4wd,truck,white,il
35990,2020,cadillac,good,4,other,8852,other,unknown,hatchback,silver,wy
35990,2018,audi,good,6,gas,29157,other,unknown,wagon,black,ct
35990,2020,volvo,good,4,other,11878,other,unknown,sedan,blue,ct
35990,2018,ford,good,8,gas,5160,other,rwd,coupe,orange,oh
35990,2016,ford,good,8,diesel,161669,automatic,4wd,unknown,white,ok
35990,2020,cadillac,good,4,gas,6724,other,unknown,hatchback,black,ok
35990,2018,jaguar,good,6,gas,8490,other,unknown,other,black,mo
35990,2018,ford,good,6,gas,22812,other,unknown,pickup,black,nm
35990,2020,cadillac,good,4,other,3531,other,unknown,hatchback,black,ga
35990,2018,ford,good,6,gas,22812,other,unknown,pickup,black,ca
35990,2018,ford,like new,8,gas,35343,automatic,4wd,unknown,unknown,ks
35990,2018,toyota,good,6,gas,29245,other,unknown,other,silver,va
35990,2018,ford,good,6,other,20596,other,4wd,pickup,blue,oh
35990,2014,ford,good,10,gas,42213,automatic,4wd,truck,white,ia
35990,2017,jeep,good,6,gas,36651,other,4wd,other,black,tx
35990,2017,mitsubishi,good,4,diesel,45925,automatic,rwd,truck,white,ia
35990,2016,ford,good,8,diesel,161669,automatic,4wd,unknown,white,mi
35990,2019,mini,good,4,gas,9508,other,fwd,other,blue,oh
35990,2018,ford,good,6,gas,22812,other,unknown,pickup,black,fl
35990,2017,jeep,good,6,gas,36651,other,4wd,other,black,wy
35995,2016,gmc,unknown,8,other,114934,automatic,4wd,pickup,black,id
35995,2009,chevrolet,unknown,8,gas,20512,manual,rwd,coupe,yellow,wv
35995,2017,unknown,unknown,6,gas,29000,automatic,unknown,unknown,unknown,ga
35995,2015,ford,unknown,8,other,83756,automatic,4wd,pickup,silver,me
35995,2020,jeep,unknown,4,gas,6445,automatic,4wd,SUV,red,id
35995,2019,dodge,unknown,6,gas,44355,automatic,rwd,sedan,black,wi
35995,2018,jeep,like new,4,gas,22010,automatic,4wd,SUV,custom,ks
35995,2018,chevrolet,excellent,8,gas,93000,automatic,4wd,pickup,black,vt
35999,2012,ram,unknown,6,diesel,124398,automatic,4wd,pickup,black,pa
35999,2013,ford,unknown,8,gas,92400,automatic,4wd,pickup,unknown,az
35999,2014,gmc,excellent,8,gas,108384,automatic,4wd,pickup,white,co
35999,2018,ford,unknown,6,gas,27789,automatic,4wd,truck,black,wa
35999,2013,ram,unknown,6,diesel,143810,automatic,4wd,pickup,grey,nj
36000,2011,mercedes-benz,excellent,8,gas,64000,automatic,fwd,convertible,black,fl
36397,2018,honda,unknown,6,gas,36860,automatic,fwd,van,brown,co
36455,2019,jeep,unknown,6,hybrid,13829,automatic,4wd,convertible,unknown,ar
36490,2018,ford,good,10,gas,16535,automatic,rwd,truck,white,al
36490,2018,audi,excellent,4,gas,29933,automatic,4wd,SUV,black,wi
36495,2015,toyota,unknown,6,gas,40773,automatic,4wd,unknown,unknown,id
36499,2013,chevrolet,unknown,8,diesel,108174,automatic,unknown,unknown,unknown,ar
36500,2017,toyota,like new,6,gas,17489,automatic,unknown,unknown,unknown,co
36500,2017,ford,excellent,6,gas,82000,automatic,rwd,truck,blue,fl
36572,2017,lincoln,unknown,8,gas,83988,automatic,4wd,unknown,unknown,ks
36590,2019,chevrolet,good,8,gas,7619,other,unknown,pickup,white,pa
36590,2018,bmw,good,4,gas,37712,other,unknown,sedan,blue,ct
36590,2016,audi,good,6,gas,22099,other,unknown,other,silver,la
36590,2017,chevrolet,good,8,gas,14020,other,rwd,coupe,blue,ga
36590,2017,chevrolet,good,8,gas,14020,other,rwd,coupe,blue,tn
36590,2013,chevrolet,good,8,other,79156,other,unknown,other,unknown,tx
36590,2015,gmc,good,8,gas,79395,other,4wd,other,silver,ny
36590,2018,audi,good,6,gas,19322,other,unknown,sedan,blue,ma
36590,2017,chevrolet,good,8,other,60476,other,unknown,SUV,silver,oh
36590,2016,audi,good,6,gas,22099,other,unknown,other,silver,va
36590,2016,audi,good,6,gas,22099,other,unknown,other,silver,in
36590,2019,chevrolet,good,8,gas,7619,other,unknown,pickup,white,tn
36590,2019,ram,good,6,diesel,4504,other,unknown,pickup,white,tx
36590,2020,volkswagen,good,6,other,13790,other,unknown,other,black,nc
36590,2019,chevrolet,good,8,gas,7619,other,unknown,pickup,white,ok
36590,2019,gmc,good,8,gas,14222,other,4wd,pickup,blue,ar
36590,2019,tesla,good,6,electric,23057,other,rwd,sedan,white,mn
36590,2020,rover,good,4,gas,6430,automatic,unknown,SUV,white,il
36590,2020,acura,good,6,other,5768,other,fwd,sedan,black,nm
36590,2019,volvo,good,4,gas,7618,other,unknown,sedan,white,ok
36590,2020,volvo,good,4,gas,18506,other,unknown,sedan,blue,nc
36590,2020,volvo,good,4,gas,18506,other,unknown,sedan,blue,ok
36590,2018,audi,good,6,gas,32409,other,unknown,other,red,ca
36681,2018,audi,unknown,4,gas,19542,automatic,4wd,sedan,black,hi
36699,2019,toyota,unknown,6,gas,36721,automatic,fwd,unknown,unknown,sc
36750,2019,toyota,unknown,6,gas,27616,manual,4wd,unknown,unknown,mo
36800,2018,toyota,excellent,6,gas,39000,automatic,4wd,truck,grey,co
36835,2018,toyota,excellent,6,gas,28372,automatic,unknown,SUV,unknown,ca
36853,2019,toyota,unknown,6,gas,23508,automatic,fwd,unknown,white,mo
36885,2017,ram,excellent,8,gas,61400,automatic,rwd,offroad,grey,ca
36885,2013,ford,excellent,8,gas,58251,automatic,4wd,pickup,white,ca
36888,2018,mercedes-benz,unknown,4,gas,13663,automatic,unknown,sedan,silver,hi
36890,2019,toyota,unknown,6,gas,25725,automatic,4wd,wagon,unknown,mn
36900,2015,ford,unknown,8,diesel,151000,automatic,4wd,other,custom,il
36900,2018,gmc,good,6,gas,46000,other,4wd,SUV,black,pa
36900,2009,chevrolet,like new,8,gas,10110,automatic,rwd,coupe,yellow,or
36900,2018,chevrolet,unknown,8,gas,118021,automatic,4wd,truck,white,in
36914,2017,bmw,unknown,6,diesel,41520,automatic,4wd,SUV,grey,tx
36974,2019,gmc,unknown,8,gas,65771,automatic,unknown,truck,silver,ks
36985,2019,gmc,good,8,gas,24604,automatic,4wd,pickup,white,nh
36988,2015,chevrolet,unknown,8,gas,57789,automatic,rwd,SUV,grey,ca
36988,2020,cadillac,excellent,6,gas,28240,automatic,4wd,SUV,silver,ca
36990,2015,chevrolet,good,8,other,51677,other,unknown,other,black,in
36990,2019,toyota,good,6,gas,33909,other,4wd,other,black,pa
36990,2018,unknown,good,6,gas,34385,other,rwd,sedan,black,la
36990,2015,toyota,good,8,gas,48380,other,4wd,pickup,red,mn
36990,2019,volvo,good,4,gas,8141,other,unknown,sedan,white,tn
36990,2017,chevrolet,good,8,other,17326,other,rwd,other,white,ct
36990,2017,ford,good,6,other,15443,automatic,4wd,pickup,red,ar
36990,2016,gmc,good,8,gas,23190,other,4wd,pickup,black,co
36990,2016,lexus,good,6,gas,18087,other,unknown,SUV,unknown,nm
36990,2016,ford,unknown,8,gas,39087,unknown,4wd,other,black,me
36990,2017,infiniti,good,6,gas,16080,other,unknown,coupe,unknown,md
36990,2013,mercedes-benz,good,8,gas,56553,automatic,rwd,convertible,black,ny
36990,2018,ford,good,8,gas,10170,other,unknown,pickup,black,ks
36990,2018,jeep,good,6,gas,16114,other,4wd,SUV,black,nj
36990,2018,gmc,good,8,gas,23424,other,4wd,pickup,black,dc
36990,2017,mercedes-benz,good,6,gas,18162,other,rwd,SUV,white,md
36990,2017,ford,good,6,gas,38094,other,4wd,pickup,white,ga
36990,2018,bmw,good,4,gas,42913,other,unknown,convertible,white,de
36990,2015,chevrolet,good,8,other,51677,other,unknown,other,black,nj
36990,2019,lincoln,good,6,gas,29315,other,unknown,other,black,tx
36991,2017,chevrolet,unknown,8,gas,81073,automatic,4wd,pickup,unknown,ca
36995,2016,mercedes-benz,unknown,4,gas,25546,automatic,4wd,SUV,custom,nv
36995,2017,chevrolet,unknown,8,gas,41400,automatic,4wd,unknown,unknown,in
36995,2017,chevrolet,unknown,8,gas,43553,automatic,4wd,unknown,white,ga
36995,2017,ford,unknown,6,gas,91524,automatic,4wd,truck,grey,wa
36995,2015,cadillac,unknown,8,gas,111054,automatic,4wd,SUV,grey,co
36996,2015,ram,unknown,6,diesel,177126,automatic,unknown,unknown,unknown,ar
36998,2018,volvo,excellent,4,gas,23707,automatic,4wd,sedan,unknown,ca
36998,2015,chevrolet,excellent,8,gas,36520,manual,rwd,coupe,black,ca
36999,2011,ford,excellent,8,diesel,147091,automatic,4wd,truck,unknown,ca
36999,2018,gmc,unknown,8,gas,31853,automatic,4wd,truck,black,wa
36999,2011,gmc,unknown,8,diesel,143936,automatic,4wd,truck,unknown,wa
36999,2011,gmc,unknown,8,diesel,143936,automatic,4wd,truck,unknown,mt
36999,2017,ram,unknown,8,gas,84213,automatic,4wd,truck,black,wa
36999,2018,jeep,unknown,6,gas,49046,automatic,4wd,SUV,black,wa
37000,2016,toyota,excellent,6,gas,44000,automatic,4wd,offroad,grey,sd
37000,2015,rover,like new,6,gas,70000,automatic,unknown,SUV,white,ny
37000,2011,ford,unknown,8,diesel,89000,automatic,4wd,unknown,unknown,me
37000,2006,chevrolet,excellent,8,other,62000,manual,rwd,unknown,unknown,co
37167,2017,ford,unknown,8,gas,55254,automatic,unknown,unknown,unknown,fl
37284,2019,unknown,good,6,gas,16911,automatic,unknown,sedan,red,nc
37338,2016,toyota,good,6,gas,81588,automatic,4wd,other,unknown,ca
37495,2017,ram,unknown,8,gas,177878,automatic,unknown,unknown,unknown,il
37500,2017,ram,unknown,6,diesel,31310,automatic,4wd,pickup,black,il
37500,2016,porsche,good,6,other,47969,automatic,unknown,other,black,fl
37500,2017,toyota,unknown,6,gas,20715,automatic,4wd,pickup,blue,wa
37500,2004,dodge,excellent,6,diesel,78231,automatic,unknown,unknown,silver,ca
37500,2019,ford,new,6,gas,11000,automatic,rwd,truck,grey,fl
37550,2018,gmc,like new,8,gas,41789,automatic,4wd,truck,blue,fl
37553,2015,jeep,unknown,6,gas,36767,automatic,4wd,convertible,unknown,ar
37590,2015,porsche,good,6,other,61163,other,unknown,other,white,nh
37590,2012,chevrolet,good,8,gas,41066,automatic,rwd,coupe,white,fl
37590,2015,porsche,good,6,other,61163,other,unknown,other,white,nc
37590,2019,tesla,good,6,electric,10751,other,rwd,sedan,silver,ca
37590,2011,chevrolet,good,8,gas,42017,other,rwd,coupe,red,tx
37590,2018,audi,good,6,gas,12608,other,unknown,sedan,yellow,ca
37590,2018,bmw,good,4,other,29476,other,rwd,other,black,or
37590,2019,alfa-romeo,good,4,gas,27976,other,unknown,hatchback,blue,la
37590,2015,toyota,good,8,diesel,62718,automatic,unknown,pickup,red,ga
37590,2018,honda,good,4,gas,17745,other,fwd,sedan,red,ma
37590,2012,chevrolet,good,8,other,30323,other,rwd,coupe,black,va
37590,2019,ford,good,6,gas,8663,other,unknown,pickup,unknown,ga
37590,2015,porsche,good,6,other,61163,other,unknown,other,white,ma
37590,2019,unknown,good,6,gas,12491,other,rwd,sedan,red,md
37590,2021,unknown,good,10,gas,4093,other,rwd,sedan,unknown,ny
37590,2019,acura,good,6,other,30356,other,unknown,other,silver,pa
37590,2018,unknown,good,6,gas,31750,other,unknown,sedan,unknown,la
37590,2016,toyota,good,6,gas,66898,other,4wd,SUV,unknown,wy
37590,2020,audi,good,4,other,23034,other,unknown,other,black,ny
37590,2019,acura,good,6,other,26187,other,unknown,other,white,ca
37590,2019,unknown,good,6,gas,12491,other,rwd,sedan,red,pa
37590,2019,tesla,good,6,electric,14529,other,rwd,sedan,black,tx
37600,2015,infiniti,excellent,8,gas,66000,automatic,4wd,SUV,white,mo
37613,2018,jeep,unknown,6,gas,52679,automatic,4wd,unknown,white,sc
37750,2005,unknown,excellent,8,gas,67420,automatic,4wd,SUV,black,tx
37754,2015,ram,unknown,6,gas,82787,automatic,4wd,truck,black,mt
37786,2017,toyota,unknown,6,other,12104,automatic,4wd,pickup,white,ca
37800,2016,toyota,good,8,gas,49139,other,4wd,pickup,black,id
37900,2018,chevrolet,excellent,8,gas,23000,automatic,4wd,truck,black,ga
37900,2020,chevrolet,like new,8,gas,5622,automatic,rwd,truck,white,wv
37950,2018,mercedes-benz,unknown,6,gas,36629,automatic,unknown,SUV,white,tn
37987,2018,honda,unknown,6,gas,17056,automatic,unknown,unknown,unknown,id
37988,2016,ford,unknown,8,other,71240,automatic,4wd,pickup,blue,ca
37988,2018,lexus,unknown,4,gas,6592,automatic,rwd,sedan,silver,tx
37988,2017,volvo,excellent,4,gas,26283,automatic,4wd,SUV,unknown,ca
37990,2021,unknown,good,10,gas,2298,other,rwd,sedan,black,tx
37990,2015,ford,good,6,other,54520,other,4wd,pickup,brown,ct
37990,2015,bmw,like new,4,gas,28000,automatic,unknown,unknown,unknown,ca
37990,2019,toyota,good,6,other,11145,other,unknown,pickup,silver,ca
37990,2019,tesla,good,6,electric,22544,other,rwd,sedan,white,fl
37990,2018,tesla,good,6,electric,10938,other,rwd,sedan,red,ok
37990,2020,jeep,good,6,gas,22244,other,4wd,pickup,white,pa
37990,2020,kia,good,4,other,22524,other,unknown,other,black,az
37990,2018,chevrolet,good,8,other,31408,other,4wd,pickup,white,ok
37990,2020,toyota,good,6,other,3774,other,unknown,other,black,md
37990,2016,toyota,good,8,gas,22870,other,4wd,pickup,black,az
37990,2018,mercedes-benz,good,4,gas,10735,automatic,rwd,sedan,blue,tx
37990,2019,ford,good,6,other,16757,other,unknown,pickup,black,pa
37990,2019,honda,good,6,gas,19950,other,unknown,pickup,white,ok
37990,2017,gmc,unknown,8,gas,73000,automatic,4wd,other,white,ma
37990,2019,tesla,good,6,electric,22544,other,rwd,sedan,white,nj
37990,2020,ford,good,8,other,302,other,rwd,coupe,white,va
37990,2020,ford,good,8,gas,738,other,unknown,pickup,white,nj
37990,2020,volkswagen,good,6,other,1592,other,unknown,SUV,black,ny
37990,2018,ram,good,8,gas,26610,automatic,4wd,pickup,blue,oh
37994,2018,ford,like new,6,gas,35259,automatic,4wd,truck,red,wi
37995,2015,ford,excellent,8,gas,61079,automatic,4wd,pickup,white,ca
37995,2014,ram,unknown,6,diesel,185505,automatic,4wd,pickup,unknown,mn
37995,2012,chevrolet,unknown,8,gas,47189,automatic,unknown,unknown,unknown,il
37995,2019,ford,unknown,6,gas,34518,automatic,rwd,van,white,ca
37995,2014,mercedes-benz,unknown,8,gas,71964,automatic,unknown,sedan,unknown,va
37999,2012,ram,excellent,6,diesel,181005,automatic,4wd,truck,white,ca
37999,2016,chevrolet,unknown,8,diesel,151913,automatic,unknown,unknown,unknown,tx
37999,2018,chevrolet,unknown,8,gas,33153,automatic,4wd,truck,unknown,wa
37999,2013,ford,unknown,8,diesel,128485,automatic,4wd,pickup,green,nj
37999,2017,jeep,unknown,6,gas,26480,automatic,unknown,unknown,unknown,ca
37999,2018,ford,unknown,6,gas,30798,automatic,4wd,truck,grey,mt
37999,2016,chevrolet,unknown,8,diesel,151913,automatic,unknown,unknown,unknown,ia
38000,2015,chevrolet,excellent,6,diesel,224128,automatic,4wd,truck,black,co
38000,2018,ford,excellent,6,gas,79767,automatic,4wd,truck,blue,wi
38000,2015,bmw,excellent,6,gas,88500,other,unknown,unknown,unknown,tx
38000,2018,jeep,like new,6,gas,14500,automatic,4wd,SUV,silver,ak
38002,2017,gmc,unknown,8,gas,28835,automatic,4wd,pickup,unknown,vt
38300,2020,ford,like new,6,gas,7540,automatic,rwd,van,white,in
38400,2017,gmc,excellent,4,diesel,39550,automatic,4wd,unknown,unknown,or
38500,2019,ram,unknown,6,diesel,15979,automatic,4wd,unknown,unknown,ca
38500,2015,chevrolet,excellent,8,gas,122000,automatic,unknown,unknown,unknown,mi
38500,2020,jeep,unknown,6,hybrid,27141,automatic,4wd,SUV,black,tx
38500,2020,jeep,like new,4,gas,16700,automatic,4wd,unknown,white,tx
38500,2020,chevrolet,like new,4,gas,8208,automatic,rwd,pickup,red,fl
38590,2018,toyota,unknown,6,gas,31859,automatic,4wd,pickup,white,co
38590,2020,acura,good,6,other,10036,other,unknown,other,unknown,pa
38590,2011,mercedes-benz,good,8,other,23471,other,unknown,convertible,red,fl
38590,2020,bmw,good,4,gas,8228,other,rwd,other,white,tx
38590,2018,audi,good,6,gas,41846,automatic,unknown,sedan,black,ok
38590,2019,acura,good,6,gas,28086,other,unknown,other,blue,al
38590,2020,lincoln,good,6,gas,1772,other,fwd,sedan,black,sc
38590,2012,chevrolet,good,8,gas,32086,automatic,rwd,convertible,white,tx
38590,2012,mercedes-benz,good,8,gas,38955,other,rwd,other,black,il
38590,2017,nissan,good,8,other,46377,other,4wd,pickup,black,az
38590,2019,ford,good,8,other,17057,other,rwd,coupe,unknown,fl
38590,2020,lincoln,good,6,gas,6330,other,unknown,other,silver,in
38590,2019,lexus,good,6,gas,7896,other,fwd,sedan,silver,nc
38590,2020,lincoln,good,6,gas,6330,other,unknown,other,silver,or
38590,2019,acura,good,6,other,14906,other,unknown,other,white,pa
38625,2019,jeep,good,6,gas,16713,automatic,4wd,other,silver,ca
38750,2016,dodge,excellent,8,gas,26103,automatic,rwd,sedan,white,sd
38800,2020,subaru,unknown,4,other,5139,other,unknown,unknown,unknown,tx
38886,2015,ram,unknown,6,diesel,167092,manual,unknown,unknown,unknown,tn
38888,2019,ram,unknown,8,gas,51223,automatic,4wd,pickup,black,ga
38888,2018,ford,unknown,6,gas,28306,automatic,rwd,SUV,black,tx
38888,2015,ford,unknown,8,diesel,199000,automatic,unknown,unknown,unknown,nm
38895,2018,ram,like new,8,gas,50711,automatic,4wd,truck,white,tn
38900,2018,ford,excellent,8,gas,67887,automatic,4wd,truck,brown,id
38900,2020,ram,unknown,8,gas,7782,automatic,4wd,unknown,white,ok
38950,2015,toyota,like new,6,gas,14300,automatic,4wd,truck,silver,wa
38950,2019,lexus,unknown,6,gas,30184,automatic,fwd,sedan,white,tn
38950,2012,ford,excellent,8,diesel,135365,automatic,4wd,truck,white,mn
38952,2016,tesla,unknown,10,electric,63896,automatic,4wd,sedan,blue,tx
38960,2017,gmc,good,8,gas,67493,automatic,unknown,unknown,unknown,il
38977,2014,ford,excellent,8,diesel,72110,automatic,4wd,pickup,unknown,or
38988,2018,chevrolet,like new,8,gas,36334,automatic,4wd,unknown,unknown,ok
38990,2016,lexus,good,8,gas,15801,other,4wd,other,white,pa
38990,2013,chevrolet,good,8,gas,51525,other,rwd,other,red,pa
38990,2018,bmw,good,4,other,50905,other,rwd,sedan,white,az
38990,2018,volvo,good,4,gas,19139,other,unknown,other,unknown,ct
38990,2018,volvo,good,4,gas,19139,other,unknown,other,unknown,nc
38990,2013,chevrolet,good,8,gas,134000,automatic,rwd,truck,white,nj
38990,2016,chevrolet,excellent,8,gas,45335,automatic,4wd,pickup,silver,wi
38990,2020,audi,good,4,gas,19067,other,unknown,SUV,white,ga
38990,2017,jeep,good,6,gas,20676,other,4wd,other,red,wv
38990,2020,tesla,good,6,electric,9665,other,unknown,sedan,white,pa
38990,2017,jeep,good,6,gas,20676,other,4wd,other,red,al
38990,2019,toyota,good,6,gas,20513,other,4wd,pickup,white,tn
38990,2018,bmw,good,4,hybrid,24235,automatic,unknown,other,blue,mi
38990,2018,bmw,good,4,hybrid,24235,automatic,unknown,other,blue,ok
38990,2016,mitsubishi,good,4,diesel,33474,automatic,rwd,truck,white,in
38990,2020,infiniti,good,6,gas,5279,other,fwd,other,black,ok
38990,2017,mercedes-benz,good,6,gas,28565,other,unknown,coupe,blue,ny
38990,2018,lexus,good,6,gas,10729,other,unknown,sedan,silver,md
38990,2020,infiniti,good,6,gas,5279,other,fwd,other,black,ma
38990,2019,toyota,good,8,gas,15512,other,unknown,pickup,silver,il
38990,2020,tesla,good,6,electric,9665,other,unknown,sedan,white,dc
38990,2012,unknown,good,8,gas,47678,other,rwd,coupe,unknown,ma
38990,2015,toyota,good,8,gas,51687,other,unknown,other,black,il
38990,2016,chevrolet,good,8,other,72410,other,4wd,pickup,black,tx
38990,2019,toyota,good,6,other,11877,other,unknown,other,white,md
38990,2020,subaru,good,4,other,13565,other,unknown,sedan,blue,dc
38995,2016,ford,unknown,8,diesel,106456,automatic,4wd,truck,blue,ny
38995,2020,ford,unknown,6,gas,29968,automatic,unknown,unknown,black,tx
38995,2016,gmc,excellent,8,gas,82459,automatic,rwd,SUV,black,tx
38995,2017,gmc,unknown,8,gas,90000,automatic,unknown,unknown,unknown,ca
38995,2018,jeep,unknown,6,gas,37411,automatic,4wd,SUV,black,wa
38995,2018,ford,unknown,8,gas,117585,automatic,4wd,truck,silver,tx
38995,2012,ram,excellent,6,diesel,127999,automatic,4wd,unknown,white,ok
38998,2018,audi,unknown,6,gas,62850,automatic,4wd,SUV,unknown,id
38998,2019,honda,unknown,6,gas,34948,automatic,4wd,unknown,unknown,mt
38999,2018,ford,unknown,6,gas,36828,automatic,4wd,truck,red,id
38999,2020,honda,unknown,6,gas,24015,automatic,fwd,mini-van,black,ny
38999,2015,ram,unknown,8,gas,70288,automatic,4wd,truck,custom,wa
38999,2018,ford,excellent,6,gas,42330,automatic,4wd,truck,white,or
38999,2016,toyota,excellent,8,gas,83071,automatic,4wd,truck,black,mn
39000,2019,tesla,like new,6,electric,8500,automatic,rwd,unknown,black,ca
39000,2019,ford,like new,4,gas,10600,automatic,unknown,unknown,grey,ca
39195,2020,acura,unknown,6,gas,22500,automatic,4wd,SUV,unknown,de
39329,2020,volkswagen,excellent,4,gas,5271,automatic,4wd,SUV,grey,mi
39350,2019,ford,unknown,8,gas,25536,automatic,4wd,pickup,white,oh
39500,2013,ford,excellent,6,diesel,99332,automatic,rwd,truck,white,tx
39500,2018,gmc,unknown,8,gas,51100,automatic,4wd,pickup,unknown,ok
39500,2015,ram,unknown,8,gas,21888,automatic,4wd,pickup,white,wa
39500,2020,toyota,like new,8,gas,6533,automatic,4wd,pickup,white,va
39590,2020,dodge,good,8,gas,16388,other,rwd,sedan,orange,mi
39590,2019,volkswagen,good,4,other,16068,other,unknown,sedan,unknown,pa
39590,2020,ford,good,8,gas,1419,other,rwd,coupe,white,nh
39590,2019,volvo,good,4,gas,6280,other,unknown,other,silver,ca
39590,2020,ford,good,8,other,2516,other,unknown,coupe,black,mo
39590,2018,porsche,good,6,gas,39638,automatic,unknown,other,unknown,az
39590,2020,lincoln,good,6,gas,18582,other,unknown,other,black,pa
39590,2018,ford,unknown,8,gas,26843,automatic,4wd,pickup,red,co
39590,2019,ram,good,6,other,19722,other,4wd,pickup,white,nc
39590,2020,bmw,good,4,gas,11329,other,rwd,SUV,blue,tx
39590,2020,chevrolet,good,8,gas,19160,other,unknown,pickup,red,md
39590,2019,chevrolet,good,8,gas,23488,other,4wd,pickup,black,va
39590,2020,ram,good,8,gas,17391,other,unknown,pickup,black,co
39590,2019,chevrolet,good,8,gas,21014,other,4wd,pickup,brown,tn
39590,2017,chevrolet,good,8,gas,10496,other,rwd,coupe,white,wv
39590,2017,toyota,good,8,gas,27459,other,4wd,pickup,black,fl
39590,2017,chevrolet,good,8,gas,10496,other,rwd,coupe,white,ms
39590,2019,lincoln,good,6,gas,35126,other,unknown,sedan,white,tx
39598,2016,chevrolet,unknown,8,gas,75604,automatic,4wd,pickup,unknown,fl
39598,2016,chevrolet,unknown,8,gas,75604,automatic,4wd,pickup,unknown,il
39743,2019,acura,unknown,4,gas,29202,automatic,fwd,SUV,black,ca
39800,2020,toyota,unknown,6,gas,28195,automatic,4wd,pickup,black,ky
39800,2016,ford,like new,8,diesel,134166,automatic,4wd,truck,silver,nc
39800,2018,lexus,like new,6,gas,16500,automatic,4wd,SUV,black,ny
39863,2014,chevrolet,unknown,8,gas,85369,automatic,4wd,pickup,unknown,ca
39865,2018,dodge,unknown,6,gas,37436,automatic,rwd,unknown,unknown,mo
39900,2017,toyota,excellent,6,gas,48806,automatic,unknown,van,unknown,fl
39900,2020,ford,excellent,4,gas,20159,automatic,fwd,wagon,black,ca
39900,2017,ford,excellent,8,gas,39900,automatic,4wd,coupe,red,fl
39900,2014,unknown,good,6,diesel,81000,automatic,rwd,truck,orange,ca
39900,2017,chevrolet,unknown,8,gas,29506,automatic,unknown,unknown,unknown,vt
39900,2016,ford,excellent,8,gas,31220,automatic,4wd,pickup,red,fl
39900,2013,bmw,like new,6,gas,37000,automatic,rwd,sedan,unknown,ca
39900,2019,ford,like new,8,diesel,2200,automatic,4wd,truck,white,oh
39900,2019,ford,unknown,8,gas,17309,automatic,unknown,unknown,unknown,nj
39940,2012,ford,unknown,8,gas,106185,automatic,4wd,truck,unknown,hi
39950,2015,unknown,unknown,6,diesel,118964,other,unknown,other,white,nm
39950,2018,gmc,unknown,8,other,109474,automatic,4wd,pickup,white,ks
39950,2013,unknown,excellent,8,diesel,223131,automatic,rwd,truck,unknown,ok
39950,2013,unknown,excellent,8,diesel,223131,automatic,rwd,truck,unknown,il
39950,2015,porsche,unknown,6,gas,53321,automatic,unknown,unknown,unknown,il
39950,2015,gmc,excellent,8,diesel,183475,automatic,4wd,truck,silver,nd
39970,2019,ram,excellent,8,gas,42921,automatic,rwd,pickup,grey,ca
39985,2014,mercedes-benz,like new,8,gas,66500,automatic,rwd,sedan,white,fl
39989,2019,ram,unknown,8,gas,13703,automatic,4wd,pickup,black,tn
39990,2018,audi,good,6,other,44054,other,unknown,sedan,black,az
39990,2011,ford,unknown,8,diesel,68991,automatic,4wd,other,red,nh
39990,2019,volvo,unknown,6,gas,19452,automatic,unknown,SUV,black,or
39990,2018,tesla,good,6,hybrid,28456,other,rwd,sedan,unknown,il
39990,2017,infiniti,good,8,gas,41664,automatic,4wd,other,black,wy
39990,2013,chevrolet,good,8,gas,119000,automatic,rwd,unknown,white,ia
39990,2018,audi,good,6,other,45227,other,unknown,sedan,black,ny
39990,2018,chevrolet,good,8,gas,31992,other,4wd,SUV,black,oh
39990,2020,mercedes-benz,good,6,other,11014,other,unknown,other,white,nv
39990,2019,audi,good,6,gas,8573,other,unknown,sedan,white,pa
39990,2018,audi,good,6,other,45227,other,unknown,sedan,black,mi
39990,2019,nissan,good,6,gas,8373,other,rwd,coupe,white,mi
39990,2019,nissan,good,6,gas,8373,other,rwd,coupe,white,ut
39990,2020,unknown,good,6,other,5421,other,rwd,sedan,blue,ny
39990,2018,ram,excellent,6,diesel,57321,automatic,4wd,truck,unknown,ca
39990,2011,ford,unknown,8,diesel,68991,automatic,4wd,other,red,ma
39990,2019,jaguar,good,4,other,17961,other,unknown,SUV,silver,wv
39990,2013,ford,good,6,diesel,31587,automatic,rwd,truck,white,il
39990,2018,audi,good,6,other,33824,other,unknown,sedan,black,ri
39990,2018,jeep,good,4,gas,24598,automatic,4wd,SUV,silver,or
39990,2020,acura,good,6,gas,1237,other,unknown,other,white,va
39995,2016,gmc,unknown,8,unknown,54108,automatic,4wd,SUV,grey,ia
39995,2006,chevrolet,unknown,8,gas,50552,manual,unknown,coupe,unknown,wa
39995,2017,ram,like new,8,gas,248226,automatic,4wd,truck,unknown,ny
39995,2018,rover,unknown,4,diesel,57062,automatic,unknown,SUV,white,nj
39995,2014,gmc,excellent,8,diesel,181089,automatic,4wd,truck,black,mi
39995,2018,dodge,unknown,6,gas,36427,automatic,rwd,sedan,unknown,va
39995,2020,ford,unknown,6,gas,38642,automatic,rwd,van,white,ca
39995,2014,chevrolet,excellent,8,diesel,105900,automatic,4wd,pickup,white,tx
39995,2020,bmw,unknown,4,gas,24000,automatic,unknown,unknown,black,wi
39998,2017,ford,unknown,8,gas,84519,automatic,4wd,pickup,unknown,tx
39998,2016,ford,excellent,6,gas,74046,automatic,unknown,unknown,black,al
39998,2018,ford,unknown,8,gas,36217,other,4wd,truck,white,il
39999,2017,ram,unknown,8,diesel,35967,automatic,4wd,truck,white,ut
39999,2016,buick,unknown,4,gas,55000,automatic,unknown,unknown,unknown,mt
39999,2017,ford,unknown,8,gas,50152,automatic,4wd,truck,black,mt
39999,2017,ford,unknown,8,gas,50152,automatic,4wd,truck,black,ut
39999,2017,ram,unknown,8,gas,47070,automatic,4wd,truck,blue,or
39999,2018,gmc,excellent,8,gas,52000,automatic,4wd,truck,grey,vt
39999,2015,unknown,unknown,6,diesel,77609,automatic,unknown,truck,white,il
39999,2018,lexus,unknown,6,hybrid,31462,automatic,4wd,SUV,grey,ga
39999,2016,ram,unknown,6,diesel,111638,automatic,unknown,unknown,unknown,tx
39999,2018,gmc,unknown,8,gas,22521,automatic,4wd,truck,white,mt
39999,2016,ford,unknown,8,gas,23977,automatic,4wd,truck,red,wa
39999,2015,ram,unknown,6,diesel,130307,automatic,4wd,truck,unknown,ak
39999,2014,ford,unknown,8,gas,140794,automatic,4wd,truck,unknown,mt
39999,2020,ford,unknown,8,gas,26267,automatic,4wd,truck,white,wa
39999,2019,bmw,unknown,4,gas,32791,automatic,4wd,SUV,silver,wa
39999,2015,ram,unknown,6,diesel,130307,automatic,4wd,truck,unknown,or
39999,2018,jeep,unknown,6,gas,27428,automatic,4wd,SUV,custom,wa
40000,2009,unknown,good,6,diesel,123336,automatic,4wd,truck,white,wi
40590,2018,lexus,good,6,gas,9173,other,unknown,other,unknown,ok
40590,2018,audi,good,6,other,21075,other,unknown,coupe,unknown,fl
40590,2020,chevrolet,good,8,other,357,other,unknown,pickup,white,al
40590,2018,audi,good,6,other,21075,other,unknown,coupe,unknown,pa
40590,2016,dodge,good,8,other,11871,other,rwd,coupe,black,fl
40590,2018,audi,good,6,other,21075,other,unknown,coupe,unknown,wi
40590,2018,lexus,good,6,gas,9173,other,unknown,other,unknown,wi
40590,2014,chevrolet,good,8,other,29223,other,unknown,pickup,white,nj
40900,2018,jeep,excellent,4,gas,36241,automatic,4wd,SUV,red,fl
40990,2019,chevrolet,good,8,gas,14139,other,rwd,coupe,black,va
40990,2017,jeep,good,6,other,30092,other,4wd,other,black,al
40990,2018,lexus,good,6,other,13742,other,unknown,SUV,unknown,fl
40990,2019,chevrolet,good,8,gas,16539,other,rwd,coupe,unknown,mo
40990,2018,mercedes-benz,good,6,gas,54431,automatic,unknown,SUV,silver,pa
40990,2017,lincoln,good,6,other,31843,automatic,4wd,SUV,black,sc
40990,2017,lincoln,good,6,other,31843,automatic,4wd,SUV,black,al
40995,2019,audi,unknown,6,gas,10842,automatic,unknown,unknown,unknown,nj
40995,2017,ford,good,8,diesel,150203,automatic,4wd,truck,black,mi
40995,2018,ford,unknown,6,other,25774,automatic,rwd,van,white,ca
40995,2018,jeep,unknown,6,gas,26335,automatic,4wd,SUV,white,nm
40997,2018,chevrolet,unknown,8,gas,58607,automatic,4wd,unknown,unknown,ia
40998,2017,ram,excellent,6,gas,203495,automatic,4wd,pickup,unknown,wv
40998,2020,chevrolet,excellent,8,gas,24961,automatic,4wd,pickup,unknown,oh
41000,2014,ford,good,8,diesel,155000,automatic,4wd,unknown,white,fl
41000,2014,jaguar,unknown,6,gas,13500,automatic,unknown,unknown,unknown,ia
41000,2019,mini,excellent,4,gas,29288,automatic,fwd,van,unknown,sd
41388,2013,ford,unknown,8,diesel,129455,automatic,4wd,unknown,brown,tn
41488,2016,ram,good,8,gas,111317,automatic,4wd,wagon,white,ca
41569,2017,ford,unknown,8,gas,83066,automatic,4wd,pickup,unknown,mo
41590,2020,cadillac,good,4,gas,1011,automatic,unknown,sedan,white,ca
41590,2020,audi,good,4,gas,27160,other,unknown,sedan,black,nj
41590,2019,volvo,good,4,gas,22067,other,unknown,sedan,blue,mi
41590,2020,jaguar,good,4,gas,9344,other,unknown,SUV,red,sc
41590,2020,unknown,good,6,gas,10322,other,rwd,sedan,red,pa
41590,2018,audi,good,6,gas,34184,automatic,unknown,sedan,red,md
41590,2019,volvo,good,4,gas,22067,other,unknown,sedan,blue,pa
41637,2018,bmw,excellent,6,gas,31965,automatic,unknown,SUV,black,ia
41900,2007,unknown,excellent,10,gas,33356,automatic,unknown,unknown,unknown,tn
41900,2018,ford,unknown,8,diesel,61313,automatic,4wd,unknown,white,mn
41900,2017,jeep,unknown,6,gas,24058,automatic,4wd,SUV,white,wi
41977,2021,volkswagen,unknown,6,gas,6433,automatic,unknown,SUV,green,id
41988,2019,chevrolet,like new,8,gas,42013,automatic,4wd,unknown,unknown,tx
41990,2020,ford,good,8,gas,561,other,rwd,coupe,white,de
41990,2020,lexus,good,6,gas,8104,other,rwd,sedan,white,sc
41990,2020,lexus,good,6,gas,8104,other,rwd,sedan,white,tx
41990,2019,mercedes-benz,good,4,gas,17820,other,unknown,coupe,black,co
41990,2020,lexus,good,6,gas,8104,other,rwd,sedan,white,ma
41990,2018,audi,good,6,other,17010,automatic,unknown,sedan,unknown,pa
41990,2019,toyota,good,6,gas,32326,other,unknown,SUV,black,nc
41990,2020,chevrolet,good,8,gas,12880,automatic,4wd,pickup,white,co
41990,2020,infiniti,good,6,gas,13894,other,unknown,hatchback,unknown,nc
41990,2012,bmw,good,8,gas,31572,other,rwd,coupe,blue,va
41990,2017,ford,unknown,8,other,27366,automatic,4wd,pickup,silver,vt
41995,2019,jaguar,unknown,6,gas,2202,automatic,unknown,unknown,unknown,nj
41995,2020,gmc,unknown,6,gas,949,automatic,unknown,unknown,unknown,nj
41995,2017,infiniti,good,8,gas,63994,automatic,4wd,SUV,custom,mt
41995,2015,chevrolet,excellent,8,gas,96200,automatic,4wd,truck,white,oh
41995,2018,toyota,unknown,8,gas,54071,automatic,unknown,unknown,grey,tx
41995,2015,ford,unknown,8,diesel,170202,automatic,4wd,pickup,white,ks
41999,2020,ram,unknown,6,gas,2141,automatic,4wd,truck,grey,wa
41999,2018,gmc,unknown,8,diesel,20417,automatic,4wd,truck,blue,mt
41999,2018,toyota,unknown,4,gas,16739,automatic,4wd,truck,white,or
41999,2013,ford,unknown,8,diesel,108156,automatic,4wd,truck,black,or
41999,2016,ram,unknown,6,diesel,130645,automatic,4wd,pickup,green,md
42000,2015,audi,excellent,8,gas,61568,automatic,4wd,sedan,grey,vt
42291,2015,porsche,unknown,6,gas,37688,other,4wd,SUV,unknown,hi
42500,2018,ford,excellent,6,gas,3900,automatic,unknown,unknown,brown,pa
42500,2017,chevrolet,excellent,8,gas,82250,automatic,4wd,SUV,custom,sd
42500,2019,dodge,unknown,6,gas,30233,automatic,4wd,SUV,unknown,wa
42532,2018,ford,unknown,8,gas,22818,automatic,unknown,unknown,unknown,fl
42590,2015,mercedes-benz,good,6,gas,24048,other,rwd,convertible,black,ma
42590,2015,mercedes-benz,good,6,gas,24048,other,rwd,convertible,black,fl
42590,2020,buick,good,6,other,16848,other,fwd,SUV,red,la
42598,2020,ram,unknown,8,gas,27173,automatic,rwd,pickup,silver,ar
42700,2019,bmw,like new,4,other,11000,automatic,unknown,unknown,unknown,ca
42788,2016,chevrolet,unknown,8,diesel,171593,automatic,unknown,unknown,unknown,sc
42892,2016,ford,good,6,gas,60714,automatic,4wd,unknown,unknown,wa
42898,2017,chevrolet,unknown,8,other,81642,automatic,4wd,pickup,white,id
42900,2013,ford,excellent,8,diesel,145000,automatic,4wd,truck,black,sc
42900,2012,ram,unknown,6,diesel,124000,automatic,unknown,unknown,unknown,tx
42908,2020,jeep,unknown,6,gas,22433,automatic,4wd,convertible,silver,id
42990,2018,audi,good,6,gas,16460,other,unknown,coupe,unknown,fl
42990,2017,cadillac,excellent,8,gas,95120,automatic,rwd,SUV,unknown,tx
42990,2020,chevrolet,good,8,other,9424,other,unknown,coupe,orange,oh
42990,2018,bmw,good,4,gas,46210,manual,unknown,other,black,mo
42990,2020,acura,good,6,other,12391,other,fwd,SUV,brown,mi
42990,2018,audi,good,6,gas,16460,other,unknown,coupe,unknown,tx
42990,2008,chevrolet,good,8,diesel,67159,automatic,rwd,unknown,red,ct
42990,2019,ram,unknown,8,gas,25291,automatic,4wd,truck,blue,mi
42995,2016,cadillac,good,8,gas,82000,automatic,4wd,SUV,grey,il
42995,2018,gmc,excellent,6,gas,31785,automatic,4wd,truck,grey,hi
42995,2017,ford,unknown,8,gas,18803,automatic,4wd,pickup,black,ia
42995,2019,toyota,unknown,6,gas,33078,automatic,4wd,pickup,grey,co
42998,2015,cadillac,unknown,8,gas,79109,automatic,4wd,SUV,unknown,mt
42998,2016,ford,unknown,8,other,79550,automatic,4wd,pickup,red,wi
42999,2020,dodge,unknown,8,gas,31361,automatic,4wd,SUV,white,mt
42999,2017,ram,unknown,6,diesel,155883,automatic,4wd,pickup,silver,wv
42999,2017,ram,unknown,8,gas,43763,automatic,4wd,truck,black,or
42999,2018,toyota,unknown,8,gas,56484,automatic,4wd,pickup,black,ny
42999,2017,ram,unknown,6,diesel,155883,automatic,4wd,pickup,silver,md
42999,2018,toyota,unknown,6,gas,42400,automatic,4wd,SUV,grey,mt
42999,2015,ford,unknown,6,gas,57265,automatic,4wd,truck,custom,wa
42999,2012,ram,unknown,6,diesel,119849,automatic,4wd,truck,grey,or
43000,2019,ford,unknown,6,gas,11600,automatic,4wd,SUV,white,il
43275,2018,gmc,unknown,8,gas,62892,automatic,4wd,truck,black,va
43495,2014,tesla,excellent,6,electric,47718,automatic,4wd,sedan,black,co
43500,2017,ford,like new,6,gas,49076,automatic,4wd,pickup,black,ok
43500,2012,ram,unknown,8,diesel,125341,automatic,4wd,pickup,unknown,mt
43500,2020,audi,excellent,4,gas,5373,automatic,4wd,SUV,black,fl
43500,2020,ford,unknown,6,gas,199,automatic,rwd,van,white,mi
43590,2015,mercedes-benz,good,8,gas,51102,other,rwd,sedan,black,sc
43590,2019,chevrolet,good,8,gas,27956,other,4wd,pickup,white,ny
43590,2018,unknown,good,6,gas,16411,other,rwd,sedan,black,fl
43590,2016,audi,good,8,gas,52366,other,unknown,sedan,unknown,ga
43888,2018,audi,unknown,6,gas,23976,automatic,4wd,sedan,silver,hi
43900,2017,toyota,excellent,6,gas,9659,automatic,unknown,van,unknown,fl
43950,2019,toyota,excellent,6,gas,41727,automatic,4wd,SUV,blue,tx
43952,2016,ford,good,8,diesel,93294,automatic,4wd,truck,white,tn
43988,2020,chevrolet,like new,8,gas,17301,automatic,4wd,unknown,unknown,ks
43990,2017,bmw,good,8,gas,24024,other,unknown,SUV,black,md
43990,2019,jeep,good,6,gas,4362,other,4wd,SUV,black,az
43990,2020,mercedes-benz,good,4,other,14905,other,unknown,coupe,unknown,fl
43990,2019,volvo,good,4,gas,4545,other,fwd,SUV,white,md
43990,2018,porsche,good,6,other,21786,other,unknown,other,white,mi
43990,2011,ford,unknown,8,diesel,108557,automatic,4wd,pickup,white,ca
43990,2018,toyota,unknown,8,gas,44425,automatic,4wd,pickup,brown,co
43990,2020,cadillac,good,6,gas,17638,other,fwd,SUV,black,nj
43990,2013,chevrolet,good,8,gas,7803,other,rwd,coupe,black,ma
43990,2020,jaguar,good,4,gas,8157,other,unknown,other,unknown,pa
43990,2020,jaguar,good,4,gas,8157,other,unknown,other,unknown,ky
43990,2020,jaguar,good,4,gas,8157,other,unknown,other,unknown,sc
43991,2016,dodge,unknown,8,gas,9257,automatic,rwd,other,custom,tn
43995,2018,ford,unknown,8,gas,39423,automatic,4wd,truck,unknown,fl
43995,2014,ford,unknown,8,diesel,89123,automatic,4wd,truck,black,or
43995,2018,ram,unknown,6,other,45426,automatic,rwd,unknown,unknown,ca
43998,2017,toyota,unknown,4,gas,26792,automatic,4wd,unknown,unknown,mt
43999,2014,gmc,unknown,8,diesel,92998,automatic,4wd,truck,unknown,wa
43999,2015,ford,unknown,8,diesel,97454,automatic,4wd,truck,unknown,wa
43999,2020,dodge,unknown,8,gas,23279,automatic,4wd,SUV,custom,wa
44000,2018,ram,unknown,8,diesel,32500,automatic,unknown,unknown,unknown,ca
44488,2017,gmc,unknown,8,gas,91692,automatic,4wd,unknown,black,id
44590,2020,ram,good,8,gas,8008,other,unknown,pickup,white,ga
44590,2020,ram,good,8,gas,8008,other,unknown,pickup,white,nm
44590,2019,ford,good,6,other,37001,other,4wd,pickup,white,tn
44590,2018,mercedes-benz,good,8,other,12060,other,unknown,coupe,unknown,in
44590,2020,audi,good,4,gas,10047,other,unknown,SUV,white,ct
44788,2020,chevrolet,like new,8,gas,43399,automatic,unknown,unknown,unknown,ok
44800,2015,chevrolet,good,8,diesel,108000,automatic,4wd,unknown,unknown,sc
44892,2016,ford,unknown,8,diesel,139690,automatic,unknown,unknown,unknown,sc
44900,2016,tesla,like new,10,electric,30500,automatic,4wd,sedan,white,ca
44900,2018,chevrolet,excellent,8,gas,20825,automatic,4wd,truck,grey,ca
44900,2015,chevrolet,excellent,8,diesel,141222,automatic,4wd,truck,black,nc
44900,2019,ford,excellent,8,gas,18438,automatic,4wd,truck,black,ma
44954,2020,ford,unknown,8,hybrid,7585,automatic,unknown,unknown,unknown,fl
44990,2014,chevrolet,good,8,gas,33566,other,rwd,coupe,white,ok
44990,2018,jaguar,good,6,gas,3551,other,rwd,coupe,black,in
44990,2015,ram,good,6,diesel,80733,automatic,4wd,truck,white,pa
44995,2017,ford,unknown,6,gas,69561,automatic,rwd,van,white,ca
44995,2020,ford,like new,8,diesel,7100,automatic,4wd,unknown,unknown,tx
44995,2012,jeep,excellent,6,gas,12000,automatic,4wd,SUV,white,ok
44995,2018,bmw,like new,6,gas,35631,automatic,4wd,SUV,black,sc
44995,2015,mercedes-benz,unknown,8,gas,59386,automatic,rwd,sedan,grey,tx
44995,2019,ford,unknown,8,diesel,99178,automatic,4wd,truck,white,oh
44995,2015,chevrolet,unknown,8,diesel,140041,automatic,4wd,pickup,brown,co
44995,2018,gmc,unknown,8,gas,55056,automatic,4wd,unknown,white,il
44995,2011,ford,unknown,8,diesel,70793,automatic,4wd,truck,white,wa
44995,2020,ford,unknown,6,gas,28987,automatic,unknown,unknown,unknown,nj
44997,2018,toyota,unknown,6,gas,25053,automatic,4wd,truck,unknown,or
44997,2014,toyota,like new,4,gas,70000,automatic,4wd,SUV,white,ca
44998,2019,chevrolet,unknown,8,other,48551,automatic,fwd,pickup,white,fl
44999,2019,dodge,unknown,8,gas,31200,automatic,rwd,sedan,custom,tn
44999,2017,ram,unknown,8,gas,29581,automatic,4wd,truck,red,or
44999,2018,ford,unknown,6,gas,17703,automatic,4wd,truck,black,ne
44999,2017,ram,unknown,8,gas,29581,automatic,4wd,truck,red,wa
44999,2011,ford,unknown,8,diesel,103639,automatic,4wd,truck,unknown,ak
44999,2019,ford,unknown,8,gas,20130,automatic,4wd,truck,white,or
45000,2016,ram,like new,6,diesel,57000,automatic,4wd,pickup,grey,wi
45000,2014,ram,good,8,diesel,90000,automatic,unknown,unknown,unknown,pa
45000,2020,chevrolet,like new,4,gas,7600,automatic,4wd,truck,blue,tx
45000,2018,toyota,excellent,8,gas,26900,automatic,4wd,truck,white,wa
45225,2020,jeep,unknown,6,gas,14833,automatic,4wd,pickup,unknown,ks
45225,2020,jeep,unknown,6,gas,14833,automatic,4wd,pickup,unknown,il
45285,2018,jaguar,unknown,6,gas,12567,automatic,unknown,unknown,unknown,mo
45498,2016,ford,unknown,6,gas,34139,automatic,4wd,truck,grey,or
45500,2020,lexus,new,6,gas,8000,automatic,4wd,SUV,white,nj
45555,2018,ford,unknown,6,gas,28911,automatic,4wd,truck,red,ne
45590,2014,chevrolet,good,8,other,11377,other,rwd,coupe,white,mn
45590,2018,mercedes-benz,good,6,other,18729,other,unknown,coupe,blue,ma
45590,2017,infiniti,good,8,other,28558,other,unknown,SUV,unknown,mi
45590,2020,gmc,good,8,gas,32497,other,unknown,other,blue,sc
45633,2020,ram,excellent,8,gas,9553,automatic,4wd,truck,unknown,oh
45780,2020,chevrolet,unknown,8,other,16799,automatic,4wd,unknown,red,ks
45823,2020,jeep,unknown,6,gas,5100,automatic,4wd,SUV,blue,or
45900,2019,chevrolet,good,8,gas,16371,other,rwd,pickup,red,ca
45900,2018,ford,unknown,8,other,21494,automatic,4wd,pickup,grey,ia
45900,2014,ford,excellent,8,diesel,97000,automatic,4wd,pickup,silver,or
45900,2018,ford,unknown,6,gas,18459,automatic,unknown,unknown,unknown,vt
45981,2018,ford,unknown,8,gas,31966,automatic,4wd,pickup,silver,tx
45988,2020,toyota,unknown,8,gas,13814,automatic,rwd,truck,unknown,tx
45990,2018,mercedes-benz,good,6,other,29520,other,unknown,coupe,black,tx
45990,2018,dodge,unknown,8,gas,37869,automatic,unknown,unknown,unknown,mi
45990,2018,bmw,good,8,other,50093,other,unknown,sedan,black,ma
45990,2018,bmw,good,8,other,50093,other,unknown,sedan,black,wi
45995,2015,chevrolet,unknown,8,diesel,74061,automatic,4wd,pickup,silver,ia
45995,2018,chevrolet,unknown,8,other,27331,automatic,rwd,unknown,white,ca
45995,2019,lexus,unknown,6,gas,474,automatic,unknown,coupe,silver,tx
45995,2019,chevrolet,unknown,8,other,10725,automatic,unknown,other,unknown,az
45995,2020,chevrolet,unknown,8,gas,9662,automatic,4wd,truck,white,wa
45998,2015,bmw,unknown,6,gas,37903,automatic,unknown,SUV,silver,fl
45998,2018,toyota,unknown,8,gas,35661,automatic,4wd,truck,unknown,id
45998,2019,jeep,unknown,4,hybrid,26731,automatic,4wd,SUV,unknown,mt
45999,2018,ford,unknown,6,gas,72234,automatic,4wd,truck,white,id
46000,2016,bmw,like new,6,gas,49000,manual,unknown,unknown,orange,il
46421,2020,toyota,good,6,other,8691,automatic,4wd,pickup,unknown,tn
46590,2018,bmw,good,4,gas,13492,other,rwd,convertible,white,ma
46739,2020,jeep,good,6,gas,34160,automatic,unknown,other,white,nc
46773,2020,ford,unknown,6,gas,27130,automatic,4wd,unknown,white,ks
46888,2017,ford,unknown,8,diesel,127486,automatic,4wd,pickup,red,nh
46898,2019,chevrolet,unknown,8,gas,44134,automatic,4wd,SUV,silver,wa
46900,2015,chevrolet,excellent,8,diesel,138000,automatic,4wd,truck,red,ga
46900,2014,ford,unknown,8,diesel,87155,automatic,4wd,other,white,ia
46900,2019,ford,good,8,gas,17000,automatic,4wd,truck,blue,ny
46950,2016,rover,like new,6,gas,37907,automatic,4wd,unknown,white,nv
46977,2019,volvo,excellent,4,gas,31456,automatic,4wd,SUV,unknown,ca
46988,2017,chevrolet,like new,8,gas,27792,automatic,4wd,unknown,unknown,ks
46988,2020,chevrolet,like new,8,gas,40833,automatic,4wd,unknown,unknown,tx
46988,2021,kia,good,6,other,15047,automatic,unknown,other,unknown,mo
46990,2020,rover,good,8,gas,147,automatic,unknown,SUV,white,nc
46990,2018,ram,good,8,gas,14459,other,4wd,pickup,unknown,ct
46990,2014,mercedes-benz,good,8,other,28834,other,rwd,convertible,blue,ny
46990,2019,bmw,good,4,other,14900,other,unknown,sedan,white,ri
46990,2014,mercedes-benz,good,8,other,28834,other,rwd,convertible,blue,in
46990,2014,mercedes-benz,good,8,other,28834,other,rwd,convertible,blue,ma
46990,2020,rover,good,8,gas,147,automatic,unknown,SUV,white,ca
46990,2019,bmw,good,4,other,14900,other,unknown,sedan,white,va
46990,2014,porsche,good,8,gas,77387,automatic,unknown,sedan,black,md
46995,2019,chevrolet,like new,8,gas,16107,manual,rwd,coupe,blue,tx
46995,2017,chevrolet,unknown,8,gas,99481,automatic,unknown,other,white,oh
46995,2017,chevrolet,unknown,8,gas,23859,automatic,unknown,unknown,black,tx
46998,2020,dodge,unknown,8,gas,3187,automatic,rwd,coupe,custom,oh
46998,2020,ford,excellent,8,gas,2200,automatic,rwd,coupe,unknown,co
46999,2014,ram,unknown,6,diesel,122413,automatic,4wd,truck,white,co
46999,2019,ford,unknown,8,unknown,22245,automatic,4wd,pickup,white,sc
47000,2008,porsche,unknown,6,gas,32651,automatic,rwd,coupe,grey,sd
47000,2017,chevrolet,excellent,8,gas,18891,automatic,rwd,coupe,red,co
47000,2020,ford,like new,6,gas,16300,automatic,rwd,van,white,tn
47100,2019,tesla,excellent,6,electric,19384,automatic,4wd,unknown,white,sc
47500,2019,unknown,excellent,6,diesel,196881,manual,rwd,truck,white,il
47500,2019,gmc,like new,8,gas,26111,automatic,4wd,unknown,black,in
47750,2013,jeep,excellent,6,gas,62823,automatic,4wd,SUV,red,tx
47888,2020,toyota,excellent,8,gas,35277,automatic,4wd,pickup,white,id
47900,2006,unknown,unknown,8,gas,41000,automatic,unknown,unknown,unknown,wi
47950,2020,jeep,unknown,6,gas,489,automatic,4wd,truck,black,mi
47990,2020,gmc,good,8,gas,32222,other,unknown,other,blue,ok
47990,2014,ram,good,6,diesel,66212,automatic,4wd,unknown,red,ks
47990,2018,ford,unknown,8,diesel,96075,automatic,4wd,pickup,black,ma
47990,2020,bmw,good,4,other,9064,other,rwd,sedan,black,wi
47990,2020,bmw,good,4,other,9064,other,rwd,sedan,black,fl
47991,2016,toyota,unknown,8,gas,50544,automatic,4wd,wagon,silver,id
47995,2017,toyota,unknown,8,gas,49898,automatic,4wd,truck,unknown,id
47995,2017,chevrolet,unknown,8,gas,21461,automatic,4wd,pickup,white,ca
47995,1995,nissan,excellent,6,gas,41216,manual,4wd,unknown,unknown,tx
47995,2017,chevrolet,excellent,8,gas,28100,automatic,4wd,truck,black,ny
47997,2018,toyota,unknown,6,gas,38512,automatic,4wd,SUV,black,wa
47999,2019,ford,excellent,8,gas,39766,automatic,4wd,truck,red,mn
47999,2013,ford,excellent,8,diesel,37088,automatic,4wd,pickup,unknown,al
47999,2016,ford,unknown,8,diesel,111536,automatic,unknown,unknown,unknown,il
47999,2020,chevrolet,like new,8,gas,24686,automatic,unknown,unknown,unknown,mn
48000,2008,unknown,like new,8,gas,81005,automatic,4wd,SUV,white,ny
48207,2020,jeep,excellent,6,gas,25931,automatic,4wd,truck,white,ia
48407,2020,ford,excellent,6,gas,13864,automatic,unknown,unknown,black,al
48500,2017,chevrolet,like new,8,gas,38100,manual,rwd,unknown,red,oh
48500,2007,unknown,unknown,6,diesel,290000,automatic,unknown,unknown,unknown,pa
48572,2019,ram,excellent,8,gas,47841,automatic,4wd,truck,grey,ia
48590,2014,bmw,good,8,other,26723,automatic,rwd,coupe,unknown,ca
48795,2015,ford,like new,8,diesel,97063,automatic,4wd,unknown,unknown,va
48838,2013,gmc,good,8,diesel,97437,automatic,4wd,pickup,white,ca
48850,2018,chevrolet,unknown,8,gas,25261,automatic,unknown,unknown,unknown,az
48896,2015,gmc,unknown,8,diesel,152402,automatic,unknown,unknown,unknown,nc
48900,2018,chevrolet,like new,8,diesel,43034,automatic,4wd,truck,black,pa
48990,2020,jeep,excellent,6,gas,12155,automatic,4wd,SUV,blue,wi
48992,2014,ford,unknown,8,diesel,167092,automatic,unknown,unknown,unknown,va
48995,2015,ford,unknown,8,diesel,64417,automatic,4wd,unknown,white,ca
48999,2012,ram,unknown,6,diesel,68484,automatic,4wd,truck,unknown,ak
48999,2012,ram,unknown,6,diesel,68484,automatic,4wd,truck,unknown,wa
48999,2019,gmc,unknown,8,gas,12975,automatic,4wd,pickup,custom,co
49000,2020,jeep,excellent,6,gas,14008,manual,4wd,unknown,black,ny
49495,2018,ram,unknown,6,diesel,19399,automatic,4wd,unknown,white,ca
49500,2015,gmc,like new,8,diesel,120000,automatic,4wd,truck,white,tx
49500,2020,jeep,unknown,6,gas,2627,automatic,4wd,unknown,unknown,ca
49590,2020,ford,good,8,other,6033,other,4wd,pickup,white,fl
49820,2019,ford,like new,3,gas,32000,automatic,4wd,pickup,silver,co
49897,2021,toyota,unknown,8,gas,15965,other,4wd,truck,white,al
49897,2017,toyota,unknown,8,other,41015,automatic,4wd,pickup,unknown,ca
49900,2016,gmc,like new,6,diesel,141000,automatic,4wd,truck,white,ga
49900,2016,rover,excellent,8,gas,67000,automatic,4wd,SUV,silver,ks
49900,2006,unknown,unknown,8,gas,37399,automatic,4wd,SUV,black,fl
49980,2015,chevrolet,unknown,8,diesel,119484,automatic,4wd,unknown,black,ok
49981,2017,chevrolet,unknown,8,gas,1885,automatic,4wd,pickup,white,tx
49990,2019,ford,unknown,8,other,6012,automatic,4wd,pickup,red,nh
49990,2015,ford,good,8,diesel,152701,automatic,4wd,truck,white,la
49990,2014,unknown,unknown,4,gas,15960,manual,unknown,coupe,black,nh
49990,2017,chevrolet,good,8,gas,7400,other,rwd,coupe,silver,az
49990,2015,unknown,good,6,diesel,203867,automatic,rwd,unknown,white,mi
49990,2015,unknown,good,6,diesel,203867,automatic,rwd,unknown,white,nc
49990,2019,ford,unknown,8,other,44619,automatic,4wd,pickup,white,ma
49990,2018,bmw,good,8,gas,17083,automatic,unknown,other,black,co
49990,2020,gmc,good,8,other,33829,other,4wd,SUV,black,ky
49990,2020,gmc,good,8,other,33829,other,4wd,SUV,black,va
49995,2019,infiniti,unknown,8,gas,35782,automatic,rwd,SUV,white,tx
49995,2019,ford,unknown,6,gas,20862,automatic,4wd,pickup,custom,ct
49995,2016,dodge,unknown,8,gas,49925,automatic,rwd,sedan,black,md
49995,2015,ram,unknown,6,gas,50892,automatic,4wd,pickup,black,va
49998,2020,jeep,unknown,6,gas,28903,automatic,4wd,SUV,black,pa
49998,2019,ford,unknown,8,diesel,65252,automatic,4wd,unknown,white,ar
49998,2001,porsche,excellent,6,gas,96187,manual,4wd,coupe,unknown,ca
49999,2012,ram,unknown,6,diesel,25445,automatic,rwd,truck,brown,wa
49999,2018,ram,unknown,6,diesel,107358,automatic,4wd,unknown,unknown,sc
49999,2019,ram,unknown,8,gas,11474,automatic,4wd,truck,white,id
49999,2017,ram,unknown,8,diesel,52986,automatic,4wd,truck,red,wa
50100,2018,chevrolet,unknown,8,other,8977,automatic,fwd,other,unknown,ks
50130,2016,dodge,unknown,8,other,2991,manual,fwd,other,unknown,wi
50832,2018,audi,unknown,6,gas,11443,automatic,4wd,SUV,white,hi
50987,2018,chevrolet,unknown,8,diesel,78316,automatic,4wd,unknown,unknown,id
50995,2018,gmc,unknown,8,gas,32288,automatic,4wd,truck,unknown,fl
50995,2017,unknown,good,6,gas,18955,automatic,rwd,sedan,unknown,ca
50995,2018,jeep,good,6,gas,35624,automatic,4wd,wagon,white,ca
50999,2016,bmw,excellent,8,gas,48659,other,unknown,SUV,blue,fl
51025,2018,ram,unknown,6,diesel,19711,automatic,rwd,pickup,unknown,ok
51025,2018,ram,unknown,6,diesel,19711,automatic,rwd,pickup,unknown,ks
51207,2016,gmc,unknown,8,other,147247,automatic,4wd,pickup,black,il
51895,2020,chevrolet,unknown,8,gas,23557,automatic,4wd,SUV,grey,id
51900,2016,gmc,unknown,8,diesel,92858,automatic,4wd,unknown,unknown,ca
51990,2018,ram,unknown,6,diesel,100911,automatic,4wd,pickup,unknown,nc
51990,2018,cadillac,good,8,other,72367,automatic,4wd,SUV,black,ny
51990,2020,gmc,good,8,gas,24100,other,unknown,SUV,black,tn
51990,2014,ford,good,8,gas,14330,other,rwd,coupe,black,md
51995,2019,chevrolet,excellent,8,diesel,96500,automatic,4wd,truck,white,tx
51999,2020,ford,unknown,8,gas,27957,automatic,4wd,truck,black,id
51999,2015,gmc,excellent,8,gas,45235,automatic,unknown,unknown,black,me
52000,2016,ford,like new,8,gas,18900,automatic,4wd,pickup,black,ca
52000,2018,ford,unknown,8,gas,44425,automatic,4wd,truck,white,tx
52277,2020,chevrolet,unknown,8,gas,18491,automatic,4wd,pickup,unknown,mo
52400,2020,cadillac,excellent,6,gas,9031,automatic,unknown,SUV,white,ia
52484,2018,ford,unknown,6,gas,35019,automatic,4wd,pickup,black,id
52590,2019,bmw,good,4,other,18933,other,unknown,other,white,sc
52681,2019,ram,unknown,8,gas,13011,automatic,4wd,unknown,unknown,or
52795,2018,chevrolet,unknown,8,gas,93658,automatic,unknown,unknown,unknown,il
52899,2018,gmc,unknown,8,diesel,135072,automatic,unknown,unknown,unknown,va
52990,2018,bmw,good,4,other,44724,other,unknown,sedan,white,ma
52990,2019,ram,good,8,diesel,32119,other,4wd,pickup,black,va
52995,2016,toyota,unknown,6,gas,64215,automatic,4wd,SUV,custom,wa
52995,2020,jeep,unknown,6,gas,21878,automatic,4wd,unknown,white,il
52995,2016,ram,excellent,8,gas,56378,automatic,4wd,truck,grey,ny
52995,2018,toyota,unknown,8,gas,30305,automatic,4wd,pickup,grey,ca
52999,2018,jeep,unknown,6,gas,26301,automatic,4wd,SUV,green,id
52999,2017,ram,unknown,8,gas,23009,automatic,4wd,truck,white,wa
52999,2019,ram,unknown,8,gas,22052,automatic,4wd,truck,white,wa
53500,2020,jeep,unknown,6,diesel,19155,automatic,4wd,SUV,white,wa
53588,2020,jeep,like new,6,gas,16377,automatic,4wd,unknown,unknown,ok
53700,2017,unknown,excellent,8,diesel,101725,automatic,4wd,unknown,custom,tx
53888,2011,ford,unknown,8,diesel,79287,automatic,4wd,truck,unknown,id
53892,2019,chevrolet,good,8,gas,9503,automatic,4wd,pickup,unknown,wa
53900,2019,toyota,like new,8,gas,31032,automatic,4wd,truck,black,sc
53986,2020,acura,unknown,6,gas,18729,automatic,unknown,unknown,black,ca
53988,2018,unknown,unknown,8,gas,55575,automatic,rwd,sedan,black,tx
53990,2019,audi,good,6,gas,2113,other,unknown,coupe,unknown,ca
53995,2017,toyota,excellent,8,gas,53639,automatic,4wd,truck,grey,hi
53999,2021,lexus,unknown,8,gas,205,automatic,4wd,SUV,blue,wa
53999,2015,ford,unknown,8,diesel,125074,automatic,4wd,truck,unknown,or
54000,2018,tesla,excellent,6,electric,16000,automatic,4wd,sedan,white,ak
